tree
version=v4
num_class=1
num_tree_per_iteration=1
label_index=0
max_feature_idx=14
objective=binary sigmoid:1
feature_names=campaign cat1 cat2 cat3 cat4 cat5 cat6 cat7 cat8 cat9 click_pos click_nb time_since_last_click day hour
feature_infos=[0:630] [0:8] [0:49] [0:1370] [0:16] [0:49] [0:28] [0:4867] [0:10] [0:29] [-1:99] [-1:130] [-1:2441499] none [0:6]
tree_sizes=5183 5278 5282 5263 5268 5277 5270 5296 5288 5283 5289 5274 5290 5275 5258 5290 5257 5263 5291 5295 5269 5273 5264 5290 5268 5283 5273 5278 5276 5254 5276 5286 5283 5267 5266 5264 5259 5284 5257 5244 5278 5258 5247 5244 5243 5271 5268 5264 5259 5254 5258 5253 5280 5238 5216 5261 5247 5266 5247 5211 5268 5271 5260 5279 5246 5254 5225 5227 5255 5249 5252 5248 5234 5214 5230 5265 5243 5205 5249 5218 5222 5235 5255 5221 5204 5231 5230 5225 5197 5194 5188 5199 5218 5191 5224 5224 5196 5194 5181 5189

Tree=0
num_leaves=48
num_cat=0
split_feature=10 1 12 12 1 12 12 5 12 12 6 6 5 12 5 8 0 1 6 0 0 0 12 5 3 5 5 5 0 5 12 14 8 0 0 3 5 3 7 6 7 5 3 1 4 8 6
split_gain=3921.35 283.807 279.195 351.331 170.188 90.0871 175.071 71.6932 70.0372 59.091 50.6562 32.3186 35.4473 30.1602 27.795 26.9718 26.661 25.6587 23.2337 22.5523 22.378 21.7395 18.9423 18.4714 17.6549 15.8541 16.1099 15.7473 15.03 14.9965 14.3844 14.1784 12.8209 12.6319 12.3774 12.3485 12.1256 12.011 11.7329 11.724 11.6427 11.4847 11.0855 11.7997 13.0734 10.9886 10.9653
threshold=-1.0000000180025095e-35 4.5000000000000009 1.0000000180025095e-35 87870.500000000015 1.5000000000000002 1.0000000180025095e-35 177352.50000000003 1.5000000000000002 337.50000000000006 315993.00000000006 5.5000000000000009 7.5000000000000009 4.5000000000000009 337.50000000000006 1.0000000180025095e-35 9.5000000000000018 28.500000000000004 2.5000000000000004 21.500000000000004 15.500000000000002 23.500000000000004 422.50000000000006 637513.00000000012 1.0000000180025095e-35 557.50000000000011 42.500000000000007 41.500000000000007 1.0000000180025095e-35 497.50000000000006 7.5000000000000009 684837.00000000012 5.5000000000000009 9.5000000000000018 55.500000000000007 556.50000000000011 810.50000000000011 34.500000000000007 1104.5000000000002 335.50000000000006 8.5000000000000018 248.50000000000003 44.500000000000007 9.5000000000000018 2.5000000000000004 8.5000000000000018 7.5000000000000009 10.500000000000002
decision_type=2 2 2 2 2 2 2 2 2 2 2 2 2 2 2 2 2 2 2 2 2 2 2 2 2 2 2 2 2 2 2 2 2 2 2 2 2 2 2 2 2 2 2 2 2 2 2
left_child=1 4 10 8 11 -6 13 -5 -4 20 14 12 -1 -7 -3 16 38 -15 23 -10 -9 -16 34 37 41 26 40 -8 -23 -22 -18 45 42 -25 -13 -30 -26 -12 -11 -31 -19 -14 -29 44 -44 -21 -40
right_child=-2 2 3 7 5 6 27 9 19 15 18 22 24 17 21 -17 30 25 -20 31 29 28 -24 33 36 -27 -28 32 35 39 -32 -33 -34 -35 -36 -37 -38 -39 46 -41 -42 -43 43 -45 -46 -47 -48
leaf_value=-0.5375646921981615 -0.4143783368149111 -0.5230019641392889 -0.4776993759269284 -0.5039351827166807 -0.58962325203204802 -0.51009413494769662 -0.55510163862424922 -0.50662486340422885 -0.48767421826794505 -0.56874148584453965 -0.51033600084058328 -0.54502149337148176 -0.55483267093895272 -0.56712717365853171 -0.57723470469190574 -0.59620264166720871 -0.55229207262389546 -0.61035662947008218 -0.58059887292744172 -0.51069570885548887 -0.51990510978308013 -0.55531704242313085 -0.57276079373623301 -0.53723966223672814 -0.59055983747090501 -0.55947764964614355 -0.47867296966844963 -0.54478858340890768 -0.56107525880484277 -0.55516852419281126 -0.56387225191601542 -0.53123510482720726 -0.6154754654722695 -0.55706334988701389 -0.56741531073813001 -0.58652528854283925 -0.56994397511742056 -0.56565982588206065 -0.54475670995257286 -0.53779624549775407 -0.5336718649564155 -0.59747038556946819 -0.60921389890066424 -0.57926493817586988 -0.58491689950630898 -0.54155273967459761 -0.50875992253143132
leaf_weight=110.40183758735657 496.1124592423439 29.919825732707977 140.55359995365143 78.162645518779755 944.67790859937668 57.984158396720886 50.098312854766846 49.866376221179962 57.984158396720886 18.786867320537567 38.037607908248901 670.52880769968033 234.95180982351303 127.33321183919907 713.2051482796669 45.923453450202942 436.50474441051483 5.1026059389114371 88.135920763015747 274.61297416687012 66.333877205848694 257.9135365486145 79.554265320301056 87.903984129428864 91.383033633232117 72.364229679107666 13.22038811445236 18.786867320537567 95.094019770622253 176.50377815961838 695.34602749347687 192.97127914428711 31.079508900642395 936.32818979024887 67.957433640956879 95.557893037796021 324.94322365522385 13.22038811445236 38.733417809009552 215.93300586938858 165.13888311386108 16.931374251842499 79.554265320301056 514.89932656288147 182.07025736570358 32.239192068576813 46.619263350963593
leaf_count=476 2139 129 606 337 4073 250 216 215 250 81 164 2891 1013 549 3075 198 1882 22 380 1184 286 1112 343 379 394 312 57 81 410 761 2998 832 134 4037 293 412 1401 57 167 931 712 73 343 2220 785 139 201
internal_value=-0.55114 -0.558866 -0.550908 -0.539501 -0.569018 -0.57784 -0.569391 -0.550809 -0.509243 -0.552855 -0.563339 -0.55652 -0.563811 -0.543701 -0.570585 -0.558577 -0.557179 -0.548787 -0.555919 -0.517192 -0.538435 -0.57181 -0.549579 -0.553896 -0.568147 -0.539659 -0.531841 -0.582321 -0.563186 -0.541893 -0.559406 -0.520616 -0.583971 -0.555362 -0.547082 -0.573831 -0.574469 -0.524605 -0.532969 -0.54561 -0.53597 -0.557699 -0.58274 -0.583658 -0.592305 -0.513938 -0.525095
internal_weight=9277.47 8781.35 4922.39 2567.07 3858.96 2262.31 1317.63 1868.71 698.361 1790.55 2355.32 1596.65 778.611 441.143 1191.69 1281.91 1235.99 383.159 1163.63 557.808 508.637 1161.77 818.041 1075.49 668.209 255.826 183.462 876.489 448.565 458.771 1131.85 499.823 826.39 1024.23 738.486 190.652 416.326 51.258 104.14 392.437 170.241 251.883 795.311 776.524 261.625 306.852 85.3527
internal_count=40000 37861 21223 11068 16638 9754 5681 8057 3011 7720 10155 6884 3357 1902 5138 5527 5329 1652 5017 2405 2193 5009 3527 4637 2881 1103 791 3779 1934 1978 4880 2155 3563 4416 3184 822 1795 221 449 1692 734 1086 3429 3348 1128 1323 368
is_linear=0
shrinkage=1


Tree=1
num_leaves=48
num_cat=0
split_feature=10 1 12 12 1 12 12 12 5 6 6 5 8 0 12 12 5 0 1 6 12 8 5 0 12 5 3 5 6 5 5 8 5 5 2 1 8 3 9 7 0 3 0 8 7 2 3
split_gain=3427.14 257.978 251.958 314.873 155.842 92.2573 83.2277 159.877 47.7318 46.1936 29.3092 32.1845 29.2177 28.5453 28.2554 26.8507 25.1685 24.361 23.1691 21.1918 20.6932 20.0835 18.2586 17.7019 17.1746 16.5775 16.5508 14.4914 14.299 14.2201 14.1368 13.3487 12.9643 12.5148 12.0822 12.1123 12.0205 11.9207 11.82 17.1054 12.2829 12.6375 11.3477 12.6391 11.1364 10.7997 10.6884
threshold=-1.0000000180025095e-35 4.5000000000000009 1.0000000180025095e-35 220929.50000000003 1.5000000000000002 44623.000000000007 1.0000000180025095e-35 177352.50000000003 1.5000000000000002 5.5000000000000009 7.5000000000000009 5.5000000000000009 9.5000000000000018 39.500000000000007 337.50000000000006 337.50000000000006 1.0000000180025095e-35 28.500000000000004 2.5000000000000004 21.500000000000004 684837.00000000012 9.5000000000000018 7.5000000000000009 422.50000000000006 637513.00000000012 1.0000000180025095e-35 557.50000000000011 1.0000000180025095e-35 20.500000000000004 42.500000000000007 41.500000000000007 9.5000000000000018 34.500000000000007 45.500000000000007 31.500000000000004 5.5000000000000009 9.5000000000000018 968.50000000000011 16.500000000000004 1824.5000000000002 559.50000000000011 167.50000000000003 497.50000000000006 8.5000000000000018 818.50000000000011 48.500000000000007 1104.5000000000002
decision_type=2 2 2 2 2 2 2 2 2 2 2 2 2 2 2 2 2 2 2 2 2 2 2 2 2 2 2 2 2 2 2 2 2 2 2 2 2 2 2 2 2 2 2 2 2 2 2
left_child=1 4 9 5 10 14 -6 15 37 16 11 -1 17 -7 -4 -8 -3 -10 -17 25 45 23 -15 -18 38 46 -13 -9 31 30 44 -16 -28 -24 -27 -36 -29 -5 40 -40 41 -12 43 -25 -20 -19 -11
right_child=-2 2 3 8 6 13 7 27 12 19 24 26 -14 22 28 18 21 20 29 -21 -22 -23 33 42 -26 34 32 36 -30 -31 -32 -33 -34 -35 35 -37 -38 -39 39 -41 -42 -43 -44 -45 -46 -47 -48
leaf_value=0.012281443565608646 0.12567148313427734 0.026529230819760427 0.068456540664248791 0.059826672901383875 -0.036962286348560157 0.04643070091375294 0.038569703146836144 -0.0037678492413811809 0.017401346750214732 0.038344810316575467 -0.016492099563266492 -0.0062432415557250077 -0.042696804726154343 0.034717844269122014 0.045372421229452398 -0.015256026257038298 -0.022951188532877639 -0.0074869507150702817 -0.0141482561576047 -0.028220207711951051 -0.012138825238532183 -0.04129673307440699 0.013592918014758976 -0.0055093940267702257 -0.020665065183684283 -0.011121204835417427 -0.039821703950462306 -0.030291758578618263 -0.012758727100786425 -0.007939298589282438 0.067564878721460553 -0.023689233480884548 -0.01795834002675922 -0.036471611547570185 0.0039394362747102105 -0.012204611214661707 -0.062273566209816028 0.012078934521957574 0.055588228806778765 0.0037770288222936156 -0.021169327391741433 0.0063481954589469196 -0.019418083145467949 0.043603022373066305 0.020066420644997737 0.0064859415426317003 -0.013850049732370754
leaf_weight=115.38888031244278 512.43590958416462 30.141432300209999 143.17544540762901 34.277364194393158 934.63628543913364 91.577252075076103 58.604460209608078 50.044809222221375 118.23433698713779 38.442204296588898 68.043383121490479 251.43151174485683 51.391867905855179 111.35377599298954 234.34104491770267 126.7796867787838 640.40639242529869 235.46054351329803 28.552151590585709 87.423217594623566 692.94428104162216 98.910453855991364 473.74208901822567 227.5052587389946 79.084703609347343 377.5271113961935 85.799186795949936 788.38488210737705 11.932719588279722 72.201067328453064 13.463920935988424 7.2122103869915 323.27846677601337 12.820338934659956 493.58397781848907 151.94890281558037 30.517522037029266 21.129882037639618 26.01240211725235 41.101715505123138 53.340210735797882 550.7855589389801 174.47303313016891 13.900524973869322 142.37016248703003 335.0742519646883 13.168247222900389
leaf_count=496 2139 129 606 146 4073 390 250 216 507 164 293 1086 224 476 1001 549 2781 1015 123 380 2998 429 2034 982 343 1630 374 3429 51 312 57 31 1401 55 2130 656 134 90 112 177 231 2371 757 60 611 1444 57
internal_value=-1.06919e-05 -0.00736114 0.000216635 0.0110184 -0.0170748 0.0314879 -0.0255622 -0.0174343 -0.00391803 -0.0116308 -0.00512006 -0.0120825 -0.00567856 0.0204352 0.0507002 0.00704924 -0.0185756 -0.00430169 0.00223077 -0.00454698 -0.00633262 -0.0197525 0.0164537 -0.0177351 0.00148109 -0.00262119 -0.0163389 -0.0298874 0.040671 0.010871 0.0182366 0.0433104 -0.0225439 0.0122738 -0.00401598 0.000139366 -0.0314836 0.0416178 0.00385017 0.0238583 0.00185242 0.00383679 -0.00970293 -0.00268142 0.0143509 0.000719308 0.0250275
internal_weight=9274.36 8761.92 4922.1 2574.67 3839.82 1086.15 2245.55 1310.92 1488.51 2347.43 1594.27 775.898 1433.11 689.493 396.661 441.971 1185.34 1381.71 383.367 1162.09 1263.48 1155.2 597.916 1056.29 818.368 1074.67 660.509 868.947 253.486 256.587 184.386 241.553 409.078 486.562 1023.06 645.533 818.902 55.4072 739.283 67.1141 672.169 618.829 415.879 241.406 170.922 570.535 51.6105
internal_count=40000 37861 21223 11068 16638 4644 9754 5681 6424 10155 6884 3357 6188 2955 1689 1902 5138 5964 1652 5017 5457 5009 2565 4580 3527 4637 2861 3779 1083 1103 791 1032 1775 2089 4416 2786 3563 236 3184 289 2895 2664 1799 1042 734 2459 221
is_linear=0
shrinkage=0.05


Tree=2
num_leaves=48
num_cat=0
split_feature=10 1 12 12 1 12 12 12 6 12 5 5 0 6 5 12 5 8 1 0 6 8 6 6 0 0 12 3 5 5 5 0 8 8 8 7 9 7 0 3 5 1 5 0 8 3 3
split_gain=3026.94 234.517 227.452 281.991 142.738 80.8576 76.9172 146.003 42.1225 33.1454 28.241 27.7017 29.4958 26.5749 29.2052 23.9449 22.7951 22.4881 20.9251 19.6228 19.3296 18.5572 17.9858 17.8138 16.214 15.8278 15.5704 14.7829 13.3381 12.7633 12.4737 12.3433 12.2949 11.8838 11.3065 11.1601 10.5799 15.1031 11.1364 11.4267 10.5572 10.425 10.395 10.3364 11.2963 10.4357 10.2632
threshold=-1.0000000180025095e-35 4.5000000000000009 1.0000000180025095e-35 64105.500000000007 1.5000000000000002 402392.50000000006 1.0000000180025095e-35 177352.50000000003 5.5000000000000009 337.50000000000006 1.5000000000000002 7.5000000000000009 23.500000000000004 7.5000000000000009 4.5000000000000009 337.50000000000006 1.0000000180025095e-35 9.5000000000000018 2.5000000000000004 28.500000000000004 21.500000000000004 9.5000000000000018 10.500000000000002 20.500000000000004 422.50000000000006 67.500000000000014 637513.00000000012 557.50000000000011 1.0000000180025095e-35 42.500000000000007 41.500000000000007 441.50000000000006 7.5000000000000009 4.5000000000000009 9.5000000000000018 335.50000000000006 16.500000000000004 1824.5000000000002 559.50000000000011 167.50000000000003 44.500000000000007 2.5000000000000004 34.500000000000007 497.50000000000006 8.5000000000000018 810.50000000000011 9.5000000000000018
decision_type=2 2 2 2 2 2 2 2 2 2 2 2 2 2 2 2 2 2 2 2 2 2 2 2 2 2 2 2 2 2 2 2 2 2 2 2 2 2 2 2 2 2 2 2 2 2 2
left_child=1 4 8 9 13 11 -6 15 16 -4 -7 -5 -13 14 -1 -8 -3 19 -17 35 25 24 -14 32 -18 -10 36 40 41 30 -20 -21 33 -11 46 -12 38 -38 39 -15 -16 -9 -29 44 -26 -45 -30
right_child=-2 2 3 5 6 10 7 28 20 23 17 12 22 26 27 18 21 -19 29 31 -22 -23 -24 -25 43 -27 -28 42 34 -31 -32 -33 -34 -35 -36 -37 37 -39 -40 -41 -42 -43 -44 45 -46 -47 -48
leaf_value=0.012194725874470394 0.11673502140342862 0.025032104818699247 0.064043784327417169 0.033017244503809946 -0.035509213176513094 0.035245031933974609 0.036293783598402664 -0.028404554936043821 0.014932216059201506 0.038128018987205969 -0.021318795580394952 0.037716066360818451 -0.0032699764948553468 -0.015739361513047265 -0.0032053283065381372 -0.014556833988408943 -0.021951048262090173 -0.045177646763140136 0.013581404663285161 -0.0041537761377118078 -0.027034391523899061 -0.039714017742600145 0.013636127342952376 -0.01206196778463239 -0.0052419792647624723 -0.0046075378945040482 -0.019750207020523429 -0.036423277593305374 0.0075940857000545876 -0.0075592209887556175 0.063219276294302448 -0.015543229763318227 0.0097931479737854502 0.070137765924891141 -0.060352567502454338 0.022815367003008246 0.052050301604808669 0.0035844836910528957 -0.020234079850054345 0.0060203982760549928 -0.04437144820702027 0.017419457876331385 -0.017149197638383872 -0.0061229575244128908 0.040942404936535615 -0.030649366359070826 -0.029934284193089019
leaf_weight=111.15455591678619 523.75992456078529 30.341590404510498 145.32965791225433 154.91425822675228 924.50016416609287 39.829014778137207 59.150803834199905 22.913751259446144 116.21588969230652 276.46796123683453 17.394310981035233 83.127862632274628 285.50806058943272 67.740602537989616 234.31977225840092 126.23981536924839 636.21451614797115 38.441812694072723 171.54660366475582 647.64117638766766 86.713402271270752 97.739862054586411 350.39085757732391 18.471663653850555 227.16457462310791 957.62969096004963 78.622644990682602 89.397726058959961 18.663883075118065 72.043888449668884 13.664464786648749 375.98993191123009 33.968846336007118 32.392948120832443 29.929431587457657 81.143391951918602 26.381477564573288 41.143007442355156 53.023617312312126 551.71152146160603 16.683138504624367 27.079887852072716 321.64752987027168 85.585278689861298 14.059374332427977 87.928850874304771 762.81815831363201
leaf_count=476 2139 129 606 658 4073 168 250 99 499 1170 75 351 1228 293 1013 549 2781 170 734 2805 380 429 1501 79 982 4138 343 394 81 312 57 1629 145 137 134 346 112 177 231 2371 73 117 1401 372 60 385 3348
internal_value=-1.83029e-05 -0.00701417 0.000202244 0.0104371 -0.0163088 0.00226948 -0.024477 -0.0166557 -0.0110887 0.043879 -0.00615333 0.013839 0.00970705 -0.00487347 -0.0115209 0.00668314 -0.0177449 -0.00757401 0.00211594 -0.00628583 -0.00432653 -0.0188748 0.00604557 0.0357679 -0.0169368 -0.00249287 0.00140513 -0.0155026 -0.0286487 0.0102976 0.0172436 -0.00833724 0.038345 0.0414852 -0.0301931 0.0150246 0.00365282 0.0225198 0.00175835 0.00364085 -0.00594147 -0.00358321 -0.0213411 -0.00924479 -0.00255019 -0.0185518 -0.029038
internal_weight=9264.74 8740.98 4920.6 2581.01 3820.38 2074.38 2228.55 1304.05 2339.59 506.631 1200.44 873.941 719.027 1591.83 773.203 442.646 1179.03 1160.61 383.495 1122.17 1160.56 1148.69 635.899 361.301 1050.95 1073.85 818.623 662.048 861.405 257.255 185.211 1023.63 342.83 308.861 811.411 98.5377 740 67.5245 672.476 619.452 251.003 49.9936 411.045 414.738 241.224 173.514 781.482
internal_count=40000 37861 21223 11068 16638 8931 9754 5681 10155 2137 5193 3738 3080 6884 3357 1902 5138 5025 1652 4855 5017 5009 2729 1531 4580 4637 3527 2881 3779 1103 791 4434 1452 1307 3563 421 3184 289 2895 2664 1086 216 1795 1799 1042 757 3429
is_linear=0
shrinkage=0.05


Tree=3
num_leaves=48
num_cat=0
split_feature=10 1 12 12 1 12 12 12 5 6 8 5 6 0 1 12 5 0 6 8 5 5 0 5 12 12 3 5 12 7 0 0 12 3 0 12 9 5 5 0 7 3 2 1 5 6 5
split_gain=2696.2 213.21 205.381 254.499 130.759 71.7832 71.094 133.347 38.8901 38.416 25.0362 24.1905 30.0173 23.2241 21.8076 21.5 20.6498 20.3371 17.6319 17.1581 14.8886 19.8708 14.8463 14.7613 14.6737 17.4103 15.0566 14.2861 13.9539 12.9461 12.894 12.5336 12.4212 14.2873 12.3384 13.4799 15.7803 11.4002 11.3844 10.9849 10.8761 10.8776 10.7661 10.8494 10.7636 10.7031 17.0401
threshold=-1.0000000180025095e-35 4.5000000000000009 1.0000000180025095e-35 220929.50000000003 1.5000000000000002 44623.000000000007 1.0000000180025095e-35 177352.50000000003 1.5000000000000002 5.5000000000000009 9.5000000000000018 4.5000000000000009 7.5000000000000009 39.500000000000007 2.5000000000000004 337.50000000000006 1.0000000180025095e-35 441.50000000000006 21.500000000000004 9.5000000000000018 42.500000000000007 41.500000000000007 422.50000000000006 1.0000000180025095e-35 149998.00000000003 1.0000000180025095e-35 557.50000000000011 7.5000000000000009 1419953.5000000002 248.50000000000003 7.5000000000000009 20.500000000000004 777614.50000000012 9.5000000000000018 556.50000000000011 469472.50000000006 16.500000000000004 45.500000000000007 44.500000000000007 441.50000000000006 1851.5000000000002 233.50000000000003 31.500000000000004 5.5000000000000009 1.0000000180025095e-35 4.5000000000000009 36.500000000000007
decision_type=2 2 2 2 2 2 2 2 2 2 2 2 2 2 2 2 2 2 2 2 2 2 2 2 2 2 2 2 2 2 2 2 2 2 2 2 2 2 2 2 2 2 2 2 2 2 2
left_child=1 4 9 5 11 15 -6 14 -5 16 17 -1 24 -7 -8 -4 -3 28 23 22 21 29 -18 -11 25 26 38 -15 31 -16 -17 -10 33 -9 35 36 -14 -29 45 -22 -38 -42 -25 -44 -35 46 -13
right_child=-2 2 3 8 6 13 7 32 10 18 -12 12 34 27 20 30 19 -19 -20 -21 39 -23 -24 42 -26 -27 -28 37 -30 -31 -32 -33 -34 44 -36 -37 40 -39 -40 -41 41 -43 43 -45 -46 -47 -48
leaf_value=0.010741110055820418 0.10938222377248746 0.02363588848338518 0.060100150112611987 0.03712099272647032 -0.034118714619371007 0.041586062268568175 -0.0095640180822847125 0.034433196668379816 0.022163600955568283 0.023639229597737389 -0.039896032266019309 -0.012831220937778137 0.0024294215427473598 0.030784243692159104 -0.059394033955132403 0.073341714400648003 -0.020993189166668688 -0.012582102366192401 -0.025898359499926107 -0.038202817413069107 0.017100264360311802 0.070654221017071611 -0.0088088241286898902 -0.010417752463521142 -0.033457455203277073 0.020262459222762125 -0.020790566946585973 0.012319664263038857 -0.011728589373724172 0.018439221948530638 0.032787708922795721 0.0011689687625794371 -0.033682699286497038 0.0060365429337477664 -0.022595062677217753 -0.017183186086164044 0.068449079409810265 -0.035595647671571563 -0.048920339139504283 -0.020189041143418324 0.081898432389641326 -0.0038842723869898458 0.0038153916442244412 -0.011487493754595148 -0.025219732799586964 -0.021802938568596032 0.02185097908013791
leaf_weight=220.23326610028744 530.81568418443203 30.522406831383705 147.07486993074417 56.375270515680313 914.33175452053547 93.267000585794449 145.03480736911297 11.083462715148924 79.795815736055374 51.91219337284565 50.220320984721184 64.017343863844872 535.84762865304947 113.16568057239056 5.4941751658916465 21.37017847597599 632.0884467959404 456.8399963080883 86.009498536586761 96.556393012404442 34.471024766564369 18.35936526954174 413.5946821719408 375.97581814229488 90.839317142963409 39.369804292917252 328.52330666780472 476.59948858618736 190.64328674972057 193.59338480234146 236.65062645077705 651.49291941523552 413.82073958218098 29.584184497594833 55.592964753508568 80.775237500667572 15.258537292480467 12.745810523629187 12.852535262703894 46.247000098228455 4.6553748846054104 17.92319330573082 493.89206540584564 151.30775462090969 399.37386824190617 44.141923025250435 79.270573809742928
leaf_count=945 2139 129 606 236 4073 390 630 48 339 221 224 277 2302 476 24 89 2781 1983 380 429 149 76 1799 1630 397 172 1444 2034 826 823 994 2816 1832 128 243 352 64 55 57 200 20 77 2130 656 1771 191 343
internal_value=-2.35626e-05 -0.00668438 0.000189132 0.00989128 -0.0155787 0.0281104 -0.0234409 -0.0159139 -0.00361172 -0.0105714 -0.00521867 -0.00463904 -0.00711315 0.0183682 0.0063385 0.0448432 -0.0169516 -0.00395558 -0.00411606 -0.0180361 0.0140739 0.0208812 -0.016174 -0.00237018 -0.0147981 -0.0118149 -0.014203 0.0147741 0.00031907 0.0162913 0.0361465 0.00345983 -0.027464 -0.0216159 1.94063e-05 0.00194039 0.004633 0.0110716 -0.00339748 -0.00426446 0.03584 0.0138029 -0.00369239 0.000226666 -0.0230641 -0.000275861 0.00635587
internal_weight=9249.61 8718.8 4918.1 2586.24 3800.69 1100.87 2211.39 1297.06 1485.37 2331.86 1428.99 1589.3 1369.07 695.778 443.2 405.096 1172.76 1378.77 1159.1 1142.24 298.165 217.447 1045.68 1073.09 659.015 568.175 528.806 602.511 921.932 199.088 258.021 731.289 853.862 440.042 710.053 654.46 573.685 489.345 200.282 80.718 37.8371 22.5786 1021.18 645.2 428.958 187.43 143.288
internal_count=40000 37861 21223 11068 16638 4644 9754 5681 6424 10155 6188 6884 5939 2955 1902 1689 5138 5964 5017 5009 1272 923 4580 4637 2881 2484 2312 2565 3981 847 1083 3155 3779 1947 3058 2815 2463 2089 868 349 161 97 4416 2786 1899 811 620
is_linear=0
shrinkage=0.05


Tree=4
num_leaves=48
num_cat=0
split_feature=10 1 12 12 1 12 12 12 6 5 8 12 9 12 0 5 6 12 5 0 1 6 3 8 0 0 5 12 8 5 0 3 7 3 3 2 3 14 7 5 6 5 3 5 5 5 5
split_gain=2418.32 193.846 185.491 228.038 119.785 65.7238 121.775 63.7674 35.0216 34.8925 22.9803 22.374 31.7762 21.0948 20.6534 19.1137 21.8063 19.0813 18.7072 18.4401 17.1119 16.0817 15.9719 15.8752 13.8353 13.6002 12.738 12.6229 12.4372 12.847 12.0429 12.016 11.8282 11.5075 18.4772 15.0778 11.2785 10.6727 11.7425 10.6443 10.4169 10.397 10.3373 10.3295 10.2414 10.0233 10.0061
threshold=-1.0000000180025095e-35 4.5000000000000009 1.0000000180025095e-35 220929.50000000003 1.5000000000000002 1.0000000180025095e-35 177352.50000000003 44623.000000000007 5.5000000000000009 1.5000000000000002 9.5000000000000018 469472.50000000006 16.500000000000004 337.50000000000006 39.500000000000007 4.5000000000000009 7.5000000000000009 337.50000000000006 1.0000000180025095e-35 441.50000000000006 2.5000000000000004 21.500000000000004 557.50000000000011 9.5000000000000018 67.500000000000014 422.50000000000006 7.5000000000000009 1419953.5000000002 9.5000000000000018 1.0000000180025095e-35 559.50000000000011 551.50000000000011 2228.5000000000005 1092.5000000000002 1123.5000000000002 18.500000000000004 68.500000000000014 5.5000000000000009 4580.5000000000009 34.500000000000007 25.500000000000004 1.5000000000000002 968.50000000000011 45.500000000000007 42.500000000000007 44.500000000000007 37.500000000000007
decision_type=2 2 2 2 2 2 2 2 2 2 2 2 2 2 2 2 2 2 2 2 2 2 2 2 2 2 2 2 2 2 2 2 2 2 2 2 2 2 2 2 2 2 2 2 2 2 2
left_child=1 4 8 7 11 41 13 17 18 42 19 12 15 -7 -9 37 22 -4 -3 27 -15 24 31 25 -10 -20 -16 36 29 -8 -18 45 -14 -19 -35 -36 -11 38 -1 -24 -23 -6 -5 -28 -22 -17 -25
right_child=-2 2 3 9 5 6 28 14 21 10 -12 -13 32 20 26 16 30 33 23 -21 44 40 39 46 -26 -27 43 -29 -30 -31 -32 -33 -34 34 35 -37 -38 -39 -40 -41 -42 -43 -44 -45 -46 -47 -48
leaf_value=0.025690406045225447 0.10322948862333269 0.022331379158284859 0.056546956989866885 0.051664276253764775 -0.013703070059909037 0.033650057405322752 0.00044113519794501221 0.039174081504292607 0.01399592944205379 -0.025343537629203577 -0.038415844637786911 -0.021165851193464667 0.051829673674056512 -0.0134482976493909 0.029047929375032477 -0.0032996914838262573 0.0022059352438148295 0.039457207534837828 -0.020075499211064926 -0.01199671187589858 0.015231193146602581 -0.032224307971422346 -0.036410365391586305 -0.047327596246880634 -0.004238923699131124 -0.0083899664924997393 0.011667150526296957 -0.011179673228221528 -0.056688339297331095 -0.026661132660161593 -0.027122893303540258 0.035404768411189738 0.011765534997205942 -0.047727648940944743 -0.040046686060809362 0.040234955926693378 0.0046294169718332839 -0.0076206169431818271 -0.014807312268818443 -0.015402170646979685 0.01635710762846802 -0.03429246069381707 0.0076997398115513762 -0.034161177303815106 -0.0069877538217838001 -0.046860762240697684 -0.011942711196804137
leaf_weight=106.18519221246243 534.22663575410843 30.685773074626923 148.46269753575325 35.263314545154572 66.154433339834213 59.744637548923492 46.366139635443687 94.038268581032753 116.72818884253502 32.861129179596901 49.56448931992054 177.1258707344532 32.923805505037308 125.3635765761137 113.91353613138199 185.18167161941528 546.26620689034462 206.07155129313469 628.03871016204357 455.2177160680294 186.77246928215027 72.292435646057129 77.319879144430161 66.877997547388077 955.57506440579891 412.55782148241997 478.05321259796619 190.01983559131622 32.438129454851151 767.60921487212181 37.397104874253273 18.804463803768158 41.825940191745758 10.027545958757399 6.9504126608371726 36.889807298779488 699.05321717262268 54.175660327076912 21.528497517108917 273.83532665669918 13.021618843078612 838.03015388548374 21.53560796380043 12.620217159390448 71.798916578292847 14.219524055719374 28.489567846059799
leaf_count=454 2139 129 606 146 298 250 201 390 499 142 224 776 139 549 476 802 2346 858 2781 1983 791 322 347 301 4138 1799 2034 826 149 3429 165 81 180 42 29 154 3013 232 92 1206 58 3775 90 55 312 64 128
internal_value=-2.70696e-05 -0.00637058 0.000177224 0.00937803 -0.0148817 -0.0224497 -0.0152053 0.026551 -0.0100777 -0.00343675 -0.00496675 -0.00441645 -0.00231187 0.00601231 0.0173759 -0.00408828 -0.00646457 0.0422462 -0.0161914 -0.0037629 0.00171156 -0.00391621 -0.0134265 -0.017232 -0.00225392 -0.0154426 0.0139853 0.000302659 -0.0263273 -0.0251173 0.000326747 -0.00280292 0.0294119 0.0340785 0.0135021 0.0275071 0.00328371 0.0109754 0.0188638 -0.0200279 -0.0248092 -0.032786 0.0349949 0.0104884 0.00906154 -0.00640608 -0.0367569
internal_weight=9230.1 8695.88 4914.81 2590.54 3781.07 2194.28 1290.09 1107.03 2324.27 1483.52 1426.72 1586.79 1409.66 443.68 698.625 1334.91 1153.02 408.402 1166.65 1377.15 383.935 1157.62 569.361 1135.96 1072.3 1040.6 604.587 921.934 846.413 813.975 583.663 218.206 74.7497 259.939 53.8678 43.8402 731.914 181.889 127.714 351.155 85.3141 904.185 56.7989 490.673 258.571 199.401 95.3676
internal_count=40000 37861 21223 11068 16638 9754 5681 4644 10155 6424 6188 6884 6108 1902 2955 5789 5011 1689 5138 5964 1652 5017 2500 5009 4637 4580 2565 3981 3779 3630 2511 947 319 1083 225 183 3155 778 546 1553 380 4073 236 2089 1103 866 429
is_linear=0
shrinkage=0.05


Tree=5
num_leaves=48
num_cat=0
split_feature=10 1 12 12 1 12 12 5 12 12 6 1 12 9 6 5 6 5 0 6 8 6 3 7 0 0 8 5 12 7 0 6 8 5 14 0 8 5 3 8 7 0 14 6 8 12 3
split_gain=2181.71 176.238 167.555 205.53 109.728 60.7653 111.443 43.6211 35.9973 35.9645 31.9264 22.1996 20.3613 28.5254 18.0716 17.2522 19.8119 16.9491 16.698 15.0603 14.6993 14.6715 14.5835 14.2807 14.2241 13.5328 13.3673 13.15 12.8119 12.7377 12.4567 12.414 11.6942 11.3483 10.9623 10.9569 10.7864 10.8732 10.7684 10.67 10.4654 10.1855 10.515 9.90227 9.85919 11.8634 10.1821
threshold=-1.0000000180025095e-35 4.5000000000000009 1.0000000180025095e-35 87870.500000000015 1.5000000000000002 1.0000000180025095e-35 201484.50000000003 1.5000000000000002 431854.50000000006 337.50000000000006 5.5000000000000009 2.5000000000000004 469472.50000000006 16.500000000000004 5.5000000000000009 4.5000000000000009 7.5000000000000009 1.0000000180025095e-35 10.500000000000002 4.5000000000000009 9.5000000000000018 21.500000000000004 557.50000000000011 334.50000000000006 15.500000000000002 29.500000000000004 9.5000000000000018 1.0000000180025095e-35 337.50000000000006 335.50000000000006 422.50000000000006 4.5000000000000009 9.5000000000000018 45.500000000000007 5.5000000000000009 559.50000000000011 9.5000000000000018 1.0000000180025095e-35 551.50000000000011 1.0000000180025095e-35 2228.5000000000005 179.50000000000003 5.5000000000000009 1.5000000000000002 9.5000000000000018 38713.500000000007 26.500000000000004
decision_type=2 2 2 2 2 2 2 2 2 2 2 2 2 2 2 2 2 2 2 2 2 2 2 2 2 2 2 2 2 2 2 2 2 2 2 2 2 2 2 2 2 2 2 2 2 2 2
left_child=1 4 10 9 12 -6 11 -5 14 -4 17 44 13 15 19 41 22 -3 29 32 30 27 38 -13 -11 -16 39 -12 -25 -10 43 -31 -9 -27 -26 -18 37 -8 -17 -20 -15 -1 -43 -19 45 46 -7
right_child=-2 2 3 7 5 6 36 8 18 24 21 23 -14 40 25 16 35 20 26 -21 -22 -23 -24 28 34 33 -28 -29 -30 31 -32 -33 -34 -35 -36 -37 -38 -39 -40 -41 -42 42 -44 -45 -46 -47 -48
leaf_value=0.04305522615149944 0.098008740575819472 0.021110548054598995 0.053322555542053444 0.035883827399298143 -0.03150748382285825 0.078894372123466283 -0.00038406363298673239 0.0051297002370280474 -0.023133387707608293 0.048635118462821918 0.02233340542517466 -0.030971987447136459 -0.02023825166950266 0.048686713216638783 0.043367801727587925 -0.0060992986563962884 0.0020944006371701488 0.022860998318408023 0.018783491002401023 -0.034549652311007525 -0.035375363767154167 -0.023768241203628176 -0.01915220441105947 0.042162739543918235 0.028865045896460058 0.013208632817137645 -0.040621861178054407 -0.0033963009343145906 0.011315691604968141 0.0033875448702561321 -0.0079903190482566635 0.04794883638959499 -0.033137292844107727 -0.036335227323360857 0.013874203106689163 -0.025991278665776957 -0.054560242047850829 -0.025883360168650917 0.033319654542532627 -0.0088547239165550559 0.011141951185293078 0.014029898407394154 -0.014489078951497439 -0.020139252770682771 -0.07775121594441832 -0.018254575887631502 0.0041430046301936512
leaf_weight=21.109969735145569 534.52927543222904 30.833398014307022 149.53866147994995 81.545929774641991 894.10019545257092 5.0773563981056204 44.289843156933784 247.67499952018261 17.267362415790558 60.999576762318611 52.201857060194016 17.596486195921898 176.01104873418808 33.286900714039803 36.860137730836868 199.00473520159721 546.5811163187027 13.688788056373594 36.256323218345642 31.391153395175934 94.174266964197159 84.624792814254761 348.92110870778561 38.806238681077957 317.19741444289684 340.76138517260551 32.104530990123749 1019.389371290803 253.86698035895824 31.669045895338058 411.55905263125896 30.858107343316078 21.715018436312675 11.964056357741354 198.12559220194817 37.082222700119019 30.914757251739502 745.58186852931976 18.977529227733612 948.03870250284672 41.955059006810188 116.54504570364952 44.723609805107117 610.38530349731445 5.2679299414157859 97.409891441464424 44.325328677892685
leaf_count=90 2139 129 606 337 4073 22 192 1058 75 250 221 76 776 139 153 866 2346 61 158 135 429 380 1553 161 1323 1452 148 4416 1082 135 1799 130 96 52 832 165 145 3360 81 4128 180 496 192 2720 23 429 191
internal_value=-2.92436e-05 -0.00607198 0.00016613 0.0088946 -0.0142163 -0.0215008 -0.0145281 0.000121545 -0.00151079 0.0314733 -0.00960633 0.00510503 -0.00420477 -0.00220072 0.00743255 -0.00389147 -0.00615621 -0.0154646 -0.00714318 -0.00177415 -0.0164627 -0.00372568 -0.0128136 0.0127755 0.0258041 0.0145406 -0.00887225 -0.0021429 0.0154058 0.0148812 -0.0147429 0.0253792 0.00204507 0.0115282 0.0231015 0.000310017 -0.0255875 -0.0244536 -0.00266749 -0.00783668 0.0277517 0.010396 0.00612091 -0.0191961 -0.0105441 -0.00813256 0.0118256
internal_weight=9206.79 8672.26 4910.82 2593.97 3761.44 2177.24 1283.14 1868.11 1786.56 725.861 2316.86 462.35 1584.2 1408.19 690.367 1332.95 1150.57 1160.64 1096.19 300.781 1129.81 1156.22 566.903 310.27 576.323 389.586 1016.4 1071.59 292.673 79.7945 1035.63 62.5272 269.39 352.725 515.323 583.663 820.786 789.872 217.982 984.295 75.242 182.379 161.269 624.074 152.081 146.813 49.4027
internal_count=40000 37861 21223 11068 16638 9754 5681 8057 7720 3011 10155 1984 6884 6108 2946 5789 5011 5138 4774 1289 5009 5017 2500 1319 2405 1657 4434 4637 1243 340 4580 265 1154 1504 2155 2511 3697 3552 947 4286 319 778 688 2781 665 642 213
is_linear=0
shrinkage=0.05


Tree=6
num_leaves=48
num_cat=0
split_feature=10 1 12 12 1 12 12 12 6 5 1 8 12 9 0 0 5 6 5 12 5 7 8 6 8 7 5 0 5 5 6 12 12 5 12 3 0 5 8 5 6 3 3 3 2 5 7
split_gain=1977.94 160.216 151.371 185.012 100.515 56.1734 101.79 51.6943 29.1011 27.9892 20.0142 19.3394 18.528 25.6274 16.8397 16.3796 15.5724 17.9922 15.357 15.2709 13.8172 16.3185 13.608 13.3794 13.0725 12.9075 12.5558 12.3568 12.3469 11.557 17.7573 11.4222 11.1055 10.9287 10.6542 9.99881 9.96856 9.77053 10.0599 9.6964 9.60746 9.60202 9.50636 10.1197 11.1526 9.47267 9.29722
threshold=-1.0000000180025095e-35 4.5000000000000009 1.0000000180025095e-35 220929.50000000003 1.5000000000000002 1.0000000180025095e-35 201484.50000000003 44623.000000000007 5.5000000000000009 1.5000000000000002 2.5000000000000004 9.5000000000000018 469472.50000000006 16.500000000000004 39.500000000000007 441.50000000000006 4.5000000000000009 7.5000000000000009 1.0000000180025095e-35 1.5000000000000002 36.500000000000007 922.50000000000011 9.5000000000000018 21.500000000000004 7.5000000000000009 334.50000000000006 42.500000000000007 67.500000000000014 45.500000000000007 37.500000000000007 4.5000000000000009 337.50000000000006 1419953.5000000002 7.5000000000000009 1056115.0000000002 68.500000000000014 559.50000000000011 1.5000000000000002 9.5000000000000018 47.500000000000007 25.500000000000004 678.50000000000011 1305.5000000000002 167.50000000000003 9.5000000000000018 37.500000000000007 2302.5000000000005
decision_type=2 2 2 2 2 2 2 2 2 2 2 2 2 2 2 2 2 2 2 2 2 2 2 2 2 2 2 2 2 2 2 2 2 2 2 2 2 2 2 2 2 2 2 2 2 2 2
left_child=1 4 8 7 12 37 10 19 18 -5 -7 15 13 16 -9 32 -1 20 41 -4 -18 -22 28 27 26 -12 -21 -10 29 30 -20 -27 35 -16 -8 -11 42 -6 -39 -23 -25 -3 43 -19 -45 -24 -15
right_child=-2 2 3 9 5 6 34 14 23 11 25 -13 -14 46 33 -17 17 36 22 24 21 39 45 40 -26 31 -28 -29 -30 -31 -32 -33 -34 -35 -36 -37 -38 38 -40 -41 -42 -43 -44 44 -46 -47 -48
leaf_value=0.0098499049443134951 0.093526693216592724 0.072845507302009935 0.08008242773350388 0.031048998248105288 -0.011639880875300603 -0.01005559257433746 -0.020109189472551858 0.035116130086311953 0.013290913515194156 -0.023912346121208239 -0.029678124818501839 -0.035647076958707273 -0.019349582220638911 0.045582836717659926 0.026381366478312979 -0.011228135492064927 -0.019109662562480759 -0.015726084035265413 -0.014651709097452142 0.044075439786824218 0.026141602568535829 -0.0071899485511216612 -0.04452758738973206 -0.030002461499460256 0.0059552405175715886 0.039745577066640093 0.022893767243030549 -0.0039192221851526519 -0.046767428514495404 -0.0054197349600374478 -0.046291700470054702 0.010719806897571694 -0.010417870778524844 0.0092640416352949891 -0.031935728932932138 0.0044344202179916609 -0.024905784174683039 -0.030524550175066098 -0.056598562800022956 -0.075355908114078662 0.016767061054871482 0.005306747257382843 -0.027995488958360445 0.061503553019883965 0.0048790734709047365 -0.0097520125703474056 0.01035419722792574
leaf_weight=182.820776283741 532.18828819692135 6.721479773521426 20.343437343835831 57.490467727184296 65.131526917219162 151.56414832174778 509.46752874553204 95.182240948081017 117.10325965285301 32.556316331028938 17.44926218688488 48.25832162797451 174.91843344271183 34.057425409555435 114.98067392408848 453.01190987229347 318.14086210727692 60.851319193840027 629.2334531545639 263.71858689188957 39.432448789477348 201.63830445706844 64.960625901818275 70.961748480796814 33.857566207647324 39.100033342838287 95.224693834781647 953.79486924409866 28.091036796569824 325.7636896520853 47.70700204372406 254.56137792766094 189.10511621832848 493.31815890967846 304.10854345560074 699.60007907450199 36.771557182073593 780.15991377830505 38.834433972835541 5.3554961234331122 12.990679800510405 24.245337754487991 25.215795636177063 8.8663258254528028 451.94570195674896 28.03272645175457 41.610170409083366
leaf_count=778 2139 28 82 236 298 665 2312 390 499 142 76 224 776 141 476 1983 1418 264 2803 1077 172 886 301 322 140 161 390 4138 126 1438 213 1082 826 2089 1385 3013 165 3596 179 24 58 101 108 38 1936 128 178
internal_value=-3.0344e-05 -0.00578757 0.000155848 0.00843868 -0.0135802 -0.0205918 -0.0138812 0.0238041 -0.00915638 -0.00315399 0.00484352 -0.00453628 -0.00400282 -0.0020945 0.0155596 -0.0034438 -0.00370359 -0.0058616 -0.0147691 0.0378423 -0.0122254 -0.00333775 -0.0157263 -0.00354413 0.0356547 0.0121019 0.0384561 -0.00203729 -0.0140737 -0.0131578 -0.0168815 0.0145845 0.000383985 0.0124996 -0.0245299 0.00317394 0.00029415 -0.0302786 -0.0317609 -0.00895359 -0.0227654 0.0199663 0.00198857 0.00343791 0.00596857 -0.0340445 0.0262103
internal_weight=9180.44 8648.25 4906.25 2596.65 3742 2160.38 1276.25 1116.63 2309.61 1480.02 462.675 1422.53 1581.62 1406.71 703.481 1374.27 1331.04 1148.22 1154.76 413.144 564.567 246.426 1123.79 1154.85 392.801 311.111 358.943 1070.9 1030.8 1002.7 676.94 293.661 921.262 608.299 813.576 732.156 583.651 884.126 818.994 206.994 83.9524 30.9668 546.879 521.663 460.812 92.9934 75.6676
internal_count=40000 37861 21223 11068 16638 9754 5681 4644 10155 6424 1984 6188 6884 6108 2955 5964 5789 5011 5138 1689 2500 1082 5009 5017 1607 1319 1467 4637 4580 4454 3016 1243 3981 2565 3697 3155 2511 4073 3775 910 380 129 2346 2238 1974 429 319
is_linear=0
shrinkage=0.05


Tree=7
num_leaves=48
num_cat=0
split_feature=10 1 12 12 1 12 12 12 5 6 5 2 12 6 5 12 4 6 6 8 0 8 5 0 2 3 5 12 8 5 6 8 8 12 0 7 0 2 1 12 2 12 6 7 4 12 5
split_gain=1800.79 145.636 136.776 166.893 92.0492 51.9436 93.0274 50.4722 27.3706 24.5035 20.6171 20.355 18.6758 16.9687 19.2943 16.0384 15.2948 15.1347 14.3064 13.5274 13.3179 13.0487 12.6886 14.3384 12.2067 12.1914 11.6039 13.5998 11.2565 10.9268 10.7189 10.5895 10.302 9.89671 10.1758 9.82208 9.68588 9.4475 9.63667 9.4459 9.44377 9.4356 9.42829 9.1981 9.11047 10.2361 9.07232
threshold=-1.0000000180025095e-35 4.5000000000000009 1.0000000180025095e-35 64105.500000000007 1.5000000000000002 1.0000000180025095e-35 177352.50000000003 445107.50000000006 1.0000000180025095e-35 5.5000000000000009 1.0000000180025095e-35 15.500000000000002 337.50000000000006 7.5000000000000009 5.5000000000000009 1260.0000000000002 3.5000000000000004 20.500000000000004 10.500000000000002 9.5000000000000018 127.50000000000001 7.5000000000000009 1.5000000000000002 10.500000000000002 32.500000000000007 204.50000000000003 23.500000000000004 149998.00000000003 9.5000000000000018 1.0000000180025095e-35 21.500000000000004 9.5000000000000018 1.5000000000000002 1.0000000180025095e-35 147.50000000000003 335.50000000000006 109.50000000000001 31.500000000000004 5.5000000000000009 553845.00000000012 19.500000000000004 637513.00000000012 4.5000000000000009 4273.5000000000009 8.5000000000000018 1123326.0000000002 1.5000000000000002
decision_type=2 2 2 2 2 2 2 2 2 2 2 2 2 2 2 2 2 2 2 2 2 2 2 2 2 2 2 2 2 2 2 2 2 2 2 2 2 2 2 2 2 2 2 2 2 2 2
left_child=1 4 8 12 13 46 15 10 40 20 -5 -12 -4 14 -1 -7 -17 31 -13 22 -10 24 39 35 -18 -22 -16 33 29 36 37 -14 -25 34 -28 -24 -8 -11 -39 -9 -3 -15 -37 -29 45 -31 -6
right_child=-2 2 3 7 5 6 28 19 9 30 11 18 17 41 26 16 21 -19 -20 -21 25 -23 23 32 -26 -27 27 43 -30 44 -32 -33 -34 -35 -36 42 -38 38 -40 -41 -42 -43 -44 -45 -46 -47 -48
leaf_value=0.0095063294467219433 0.089640355760986931 0.053297458640152368 0.04809736299979947 0.042087203354105943 -0.011105164975975175 0.023953836255634176 0.057366086536550356 0.08218615681531205 -0.025216491804921755 -0.0094478470539624548 -0.0052197957337261998 0.0046232314594599607 0.031083042685995411 0.002908226729963573 -0.029304747427025553 -0.033859101539202845 -0.0058312868008373485 -0.016392561235943931 0.018934313412574229 -0.03707516590459492 -0.0014918780391329327 -0.027820030143094122 -0.019374214137277176 0.0099479285103039258 0.014989044160702554 -0.015406683943386429 -0.020865322876662318 -0.038094053324643336 -0.05285146581261603 -0.027886650515885521 -0.022230031150232719 -0.019974981626864813 -0.0088751313672358577 0.019033665749606535 -0.0039867045684388886 0.0044006548994235811 -0.0078374370669880931 0.0039220817150476843 -0.010533519939737229 0.013128226729257654 0.010894068128273213 -0.015550215696418094 0.043837074888524986 0.0039964339536366052 -0.020692645641736326 -0.060081682663739901 -0.030539747443120366
leaf_weight=116.83207401633263 527.60776734352112 16.078056380152702 150.82133434712887 47.643078714609146 64.861319690942764 90.526628166437149 6.6578173488378516 5.8816166371107093 248.99120493233204 373.78264731168747 212.30318556725979 319.66447958350182 342.70213571190834 742.05732072889805 89.317766755819321 29.87982052564621 116.6462676525116 18.86714468896389 384.90960499644279 33.146757677197456 206.47513990104198 30.118423834443092 16.283701524138451 79.196035206317902 177.55776056647301 662.46319688856602 124.22481766343117 61.628187283873558 30.809554323554039 123.25329446792603 79.121546760201454 10.465285956859587 884.95702038705349 34.60596726834774 317.59083704650402 29.940798252820969 39.407633200287819 493.55588734149933 150.4301570802927 31.319851458072662 71.625540807843208 76.358230650424957 30.691572323441505 16.443029552698135 593.83919961750507 30.872845515608788 809.41127748787403
leaf_count=496 2139 67 606 195 298 378 29 24 1127 1630 905 1361 1408 3184 405 131 505 79 1621 157 910 130 71 345 758 2972 555 276 149 565 361 44 3869 149 1402 127 172 2130 656 128 302 343 128 74 2721 143 3775
internal_value=-3.06381e-05 -0.00551648 0.000146281 0.00800831 -0.0129717 -0.0197192 -0.0132606 0.00164934 -0.00872737 -0.00981217 0.0100183 0.00835194 0.0332558 -0.00381082 -0.00918723 0.00517188 0.000371607 0.0272391 0.0124414 -0.00561349 -0.0150216 0.00352528 -0.00464634 -0.00567164 0.00673418 -0.0121003 -0.0125795 -0.00988544 -0.0231989 -0.0220483 -0.00450283 0.0295701 -0.007329 -0.00671559 -0.00873245 0.0151035 0.0015864 -0.00312471 0.000545365 0.0240464 0.0186676 0.00118605 0.024363 -0.0292291 -0.0235039 -0.0343356 -0.0290979
internal_weight=9151.82 8624.22 4901.32 2598.79 3722.9 2143.84 1269.57 2075.94 2302.52 2214.82 964.52 916.877 522.856 1579.06 760.643 444.729 354.202 372.035 704.574 1111.42 1117.93 324.322 1078.27 1041.07 294.204 868.938 643.811 554.493 824.84 794.031 1096.89 353.167 964.153 476.422 441.816 76.9161 46.0655 1017.77 643.986 37.2015 87.7036 818.416 60.6324 78.0712 747.965 154.126 874.273
internal_count=40000 37861 21223 11068 16638 9754 5681 8931 10155 9786 4082 3887 2137 6884 3357 1902 1524 1531 2982 4849 5009 1393 4692 4540 1263 3882 2861 2456 3779 3630 4777 1452 4214 2106 1957 326 201 4416 2786 152 369 3527 255 350 3429 708 4073
is_linear=0
shrinkage=0.05


Tree=8
num_leaves=48
num_cat=0
split_feature=10 1 12 12 1 12 12 12 5 5 6 1 6 8 0 0 5 6 12 8 8 12 8 12 5 5 6 7 5 6 3 2 8 3 1 5 4 8 0 8 2 14 6 0 5 12 7
split_gain=1645.52 132.366 123.592 151.254 84.3168 48.0067 85.1149 41.3084 24.7196 22.7821 22.343 17.4785 16.7507 26.6256 17.0846 16.3792 15.7004 19.2756 15.0695 13.5938 14.9121 12.7154 12.6619 11.5794 11.609 14.1584 13.1698 11.5139 11.3986 11.2982 14.024 11.5382 10.6817 10.2614 10.4033 14.9329 10.7149 10.3665 10.0115 9.85443 10.9571 10.9141 9.78182 9.62092 9.42396 9.41344 9.4069
threshold=-1.0000000180025095e-35 4.5000000000000009 1.0000000180025095e-35 220929.50000000003 1.5000000000000002 1.0000000180025095e-35 201484.50000000003 58201.500000000007 1.0000000180025095e-35 1.5000000000000002 5.5000000000000009 2.5000000000000004 7.5000000000000009 1.5000000000000002 10.500000000000002 39.500000000000007 4.5000000000000009 7.5000000000000009 337.50000000000006 4.5000000000000009 9.5000000000000018 445107.50000000006 9.5000000000000018 149998.00000000003 36.500000000000007 44.500000000000007 4.5000000000000009 334.50000000000006 45.500000000000007 4.5000000000000009 190.50000000000003 12.500000000000002 3.5000000000000004 43.500000000000007 2.5000000000000004 1.0000000180025095e-35 8.5000000000000018 9.5000000000000018 246.50000000000003 5.5000000000000009 17.500000000000004 1.5000000000000002 21.500000000000004 7.5000000000000009 4.5000000000000009 337.50000000000006 885.50000000000011
decision_type=2 2 2 2 2 2 2 2 2 2 2 2 2 2 2 2 2 2 2 2 2 2 2 2 2 2 2 2 2 2 2 2 2 2 2 2 2 2 2 2 2 2 2 2 2 2 2
left_child=1 4 8 7 16 -6 11 18 -3 -5 22 -7 13 -11 -14 -9 -1 23 -4 32 39 -16 28 24 -18 26 46 -13 29 30 -10 -32 -15 -8 36 -36 -35 -37 -31 -21 -41 -42 -12 -20 -17 -29 -26
right_child=-2 2 3 9 5 6 33 15 10 12 42 27 14 19 21 44 17 -19 43 20 -22 -23 -24 -25 25 -27 -28 45 -30 38 31 -33 -34 34 35 37 -38 -39 -40 40 41 -43 -44 -45 -46 -47 -48
leaf_value=0.0086906862343493537 0.086241586581612573 0.017664653239577749 0.045569980912564818 0.027804271155014076 -0.027961286876093457 -0.0095765670451050198 0.0012706147417467239 0.033364318252302003 0.0053573599596397053 0.011528246259078395 -0.0029716819410779919 -0.028503006471110155 0.028845165371213368 -0.011240299330455115 0.010362731401594348 0.023470492017337131 -0.015544797686030398 4.3568951221330856e-05 0.054139367511511154 0.02878593634541354 -0.03344732850636007 -0.0049959915179671483 -0.032189424561063017 -0.02880563133304653 0.039419178019152748 -0.023265248024687574 -0.017869333876905737 0.036189705186397809 -0.044523837023879409 -0.05503604221064249 -0.049838985996373097 -0.011453529926278169 -0.032772203096804155 -0.047548931131444899 0.019627371184958706 -0.020128464134105184 -0.025317878855874266 -0.058358103863787959 -0.019053142457363271 -0.027804673915636291 0.028164823047648807 -0.0056931426244157986 -0.021290479674290781 0.023875844084477061 0.0068325418661515204 0.0099562375677278228 0.0067838182672361781
leaf_weight=222.23591530323029 521.14013908803463 88.0339295566082 151.21564707159996 57.976519972085953 864.58049295842648 151.02920484542847 42.798944413661957 86.495539650321007 129.18337966501713 116.65950900316238 1016.8096577972174 17.298070028424263 50.752985790371895 98.974822759628296 179.48029258847237 104.9190595895052 316.555540189147 708.97802875936031 28.76709295809269 22.501472175121307 47.140786841511726 540.83368507027626 91.256324425339699 87.540534764528275 27.401935666799545 55.060888826847076 45.281946182250977 39.483349457383156 27.467221274971962 23.848356291651726 20.125303477048874 718.37856034934521 137.78325772285461 78.020965948700905 23.01814478635788 459.89495888352394 177.53191465139389 18.443692252039909 102.04190462827682 45.588892802596092 28.263522580265999 150.76520448923111 78.498738616704941 301.49854025244713 450.74872463941574 255.3663028627634 113.70108692348003
leaf_count=945 2139 369 606 236 4073 665 194 352 570 505 4416 76 212 431 767 431 1423 3058 116 98 224 2369 429 397 118 248 198 161 126 109 91 3232 603 365 100 2125 821 92 452 200 123 656 361 1236 1903 1082 497
internal_value=-3.03032e-05 -0.00525804 0.000137456 0.00760158 -0.0123895 -0.0188837 -0.0126692 0.0214258 -0.00831745 -0.00291734 -0.00935356 0.00438707 -0.00417276 -0.0101007 0.000806524 0.0131246 -0.00362698 -0.00564793 0.0324973 -0.0148523 -0.00767649 -0.00116907 -0.0143451 -0.0118987 -0.00924633 -0.00098852 0.00559236 0.0111432 -0.0127503 -0.0118719 -0.009841 -0.0124996 -0.023771 -0.0225478 -0.0238946 -0.0197096 -0.0321051 -0.0216025 -0.0258697 -0.00276041 -0.00592062 -0.000347937 -0.00428456 0.0265119 0.00997406 0.0134692 0.0131215
internal_weight=9121.37 8600.23 4896.01 2600.37 3704.22 2127.47 1262.89 1123.64 2295.64 1476.72 2207.61 463.177 1418.74 647.677 771.067 642.163 1576.76 1354.52 481.481 531.018 294.26 720.314 1112.3 645.542 558.001 241.446 186.385 312.148 1021.04 993.578 867.687 738.504 236.758 799.709 756.91 501.357 255.553 478.339 125.89 247.119 224.618 179.029 1095.31 330.266 555.668 294.85 141.103
internal_count=40000 37861 21223 11068 16638 9754 5681 4644 10155 6424 9786 1984 6188 2840 3348 2686 6884 5939 1958 2335 1301 3136 5009 2881 2484 1061 813 1319 4580 4454 3893 3323 1034 3697 3503 2317 1186 2217 561 1077 979 779 4777 1352 2334 1243 615
is_linear=0
shrinkage=0.05


Tree=9
num_leaves=48
num_cat=0
split_feature=10 1 12 12 1 12 12 12 5 12 5 6 0 3 1 12 9 8 0 3 8 8 0 5 5 0 14 3 7 6 8 12 3 4 3 7 8 6 0 8 12 3 6 6 5 8 0
split_gain=1508.48 120.283 111.693 136.604 77.2267 44.344 77.7285 31.9348 24.3994 24.1008 22.3287 20.3793 18.1638 15.9608 15.7612 15.0581 22.2342 13.779 14.0272 12.9882 12.7062 19.676 11.8412 11.0271 17.2825 10.9409 10.5024 10.493 10.436 10.0122 16.1958 9.91162 14.0484 9.83005 9.78174 9.55553 9.40483 9.2129 9.10475 9.09702 10.2461 9.03549 8.92548 8.95729 8.86079 8.73778 8.67416
threshold=-1.0000000180025095e-35 4.5000000000000009 1.0000000180025095e-35 87870.500000000015 1.5000000000000002 1.0000000180025095e-35 201484.50000000003 684837.00000000012 7.5000000000000009 337.50000000000006 1.0000000180025095e-35 5.5000000000000009 434.50000000000006 1193.5000000000002 2.5000000000000004 469472.50000000006 16.500000000000004 9.5000000000000018 83.500000000000014 700.50000000000011 6.5000000000000009 4.5000000000000009 127.50000000000001 42.500000000000007 41.500000000000007 441.50000000000006 5.5000000000000009 204.50000000000003 248.50000000000003 7.5000000000000009 3.5000000000000004 777614.50000000012 9.5000000000000018 7.5000000000000009 601.50000000000011 3815.5000000000005 1.0000000180025095e-35 25.500000000000004 387.50000000000006 9.5000000000000018 38713.500000000007 26.500000000000004 21.500000000000004 24.500000000000004 6.5000000000000009 2.5000000000000004 342.50000000000006
decision_type=2 2 2 2 2 2 2 2 2 2 2 2 2 2 2 2 2 2 2 2 2 2 2 2 2 2 2 2 2 2 2 2 2 2 2 2 2 2 2 2 2 2 2 2 2 2 2
left_child=1 4 10 9 15 37 14 8 19 -4 -3 22 13 35 39 16 20 18 -9 -5 21 29 -12 24 28 -25 -11 -24 -16 30 -1 32 -8 -33 -23 -10 38 -6 -20 40 41 -7 -13 -44 -22 -29 -17
right_child=-2 2 3 7 5 6 31 17 12 26 11 42 -14 -15 23 46 -18 -19 36 -21 44 34 27 25 -26 -27 -28 45 -30 -31 -32 33 -34 -35 -36 -37 -38 -39 -40 -41 -42 -43 43 -45 -46 -47 -48
leaf_value=-0.00055343393325450166 0.083247035580243059 0.016719447142598872 0.043228728373863656 0.0079285518062479545 -0.027461618673886676 0.07427098579627299 0.040521524305707358 0.0084838862236813403 0.014921596332912519 0.025994906861438617 -0.023395325947266912 -0.0028255193831366013 -0.0090919907414080056 -0.0090557265718723533 -0.055948993073949606 -0.026219296231969849 0.024546589352419539 -0.04599997560367923 0.05018850710652753 0.033796992346071031 0.007591360457566876 0.052709140146006396 -0.0010954362845041171 0.015431104837132077 0.062232580266882109 -0.021065916918821485 0.012127940522039875 -0.0034598530707818406 0.013948135851583488 0.0011298827201354437 -0.022614185508271826 -0.048163252274162821 -0.017642402084973228 -0.024270561288314906 0.0095573000221911893 -0.0014181511213925586 -0.010617793536827694 0.018312347599173575 -0.0093146315865131456 -0.074869513844197919 -0.016341301087232831 0.0043724234834790288 -0.030623254901494857 0.0077003536733880277 -0.01757715438620459 -0.017184345239749502 -0.0031321126770875694
leaf_weight=209.40191048383713 513.09311100840569 88.35179615020752 151.42886863648891 91.149505972862244 843.96354059875011 5.162776678800582 10.664449468255041 131.92751742899418 365.76031489670277 367.90076078474522 245.14970603585243 1015.9605102241039 254.91648656129837 125.95307902991772 5.4828838855028144 106.49660554528236 76.092493817210197 22.579885393381119 12.77115358412266 103.7585367411375 41.98869714140892 23.678439110517502 205.94032475352287 36.657707378268242 18.742329344153404 46.685507640242577 217.12379032373428 150.53155656158924 205.20143203437328 674.31597208976746 138.03904451429844 49.255788668990135 391.28971193730831 341.64297989010811 29.487475827336311 118.452412545681 624.50440055131912 11.137634828686712 12.945116162300108 5.0839448720216742 96.100665181875229 44.247750043869019 57.088153451681137 20.803009048104286 209.20887120068073 505.11699157953262 65.834427684545517
leaf_count=930 2139 369 606 385 4020 22 47 565 1554 1507 1127 4416 1103 540 25 480 319 110 55 433 177 103 910 157 76 202 898 679 859 2895 614 235 1818 1597 133 509 2747 53 56 23 429 191 266 95 937 2293 296
internal_value=-2.96018e-05 -0.00501197 0.000128939 0.00721746 -0.0118325 -0.0180826 -0.0121042 1.66088e-05 0.00571784 0.0254502 -0.00792651 -0.00891603 0.00211708 0.00680003 0.0041649 -0.00345176 -0.00173759 -0.00749308 -0.00638142 0.0216995 -0.00324577 -0.000879823 -0.0136996 0.0105637 0.0162222 -0.00501305 0.0208484 -0.0109409 0.0121291 -0.00242292 -0.00931822 -0.0216123 -0.0160992 -0.0272812 0.0287758 0.0109244 -0.00939754 -0.0268654 0.0202357 -0.00912465 -0.00682762 0.0116759 -0.0040761 -0.0203879 -0.0133701 -0.0140333 -0.0173995
internal_weight=9089.07 8575.98 4890.11 2601.17 3685.86 2111.32 1256.22 1864.72 1059.99 736.453 2288.94 2200.59 865.082 610.166 463.365 1574.54 1402.21 804.728 782.148 194.908 1326.12 1074.92 1106.74 312.77 229.427 83.3432 585.025 861.589 210.684 1021.76 347.441 792.853 401.954 390.899 53.1659 484.213 650.221 855.101 25.7163 150.595 145.511 49.4105 1093.85 77.8912 251.198 655.649 172.331
internal_count=40000 37861 21223 11068 16638 9754 5681 8057 4524 3011 10155 9786 3706 2603 1984 6884 6108 3533 3423 818 5789 4675 5009 1319 960 359 2405 3882 884 4439 1544 3697 1865 1832 236 2063 2858 4073 111 665 642 213 4777 361 1114 2972 776
is_linear=0
shrinkage=0.05


Tree=10
num_leaves=48
num_cat=0
split_feature=10 1 12 12 1 12 12 12 5 5 6 6 8 0 12 9 12 2 0 8 8 12 8 5 5 8 6 12 5 6 3 2 8 5 5 5 1 3 5 5 8 8 9 6 5 0 8
split_gain=1386.76 109.307 100.933 123.992 70.7229 40.9422 71.0205 33.8684 20.1699 19.5858 18.5764 15.1053 23.3333 14.5722 13.6972 19.9876 13.2451 12.6153 12.6147 12.5635 13.1151 12.487 11.6582 11.5616 16.0296 11.1195 11.0372 10.8242 10.5289 10.7315 11.8782 10.6573 10.2915 10.6792 10.1407 10.1284 9.8998 11.1896 10.4919 9.8993 9.81342 9.7367 9.64982 9.74811 9.44851 9.39829 9.06576
threshold=-1.0000000180025095e-35 4.5000000000000009 1.0000000180025095e-35 220929.50000000003 1.5000000000000002 1.0000000180025095e-35 177352.50000000003 44623.000000000007 1.0000000180025095e-35 1.5000000000000002 5.5000000000000009 7.5000000000000009 1.5000000000000002 10.500000000000002 469472.50000000006 16.500000000000004 44623.000000000007 32.500000000000007 39.500000000000007 4.5000000000000009 9.5000000000000018 1.5000000000000002 9.5000000000000018 8.5000000000000018 40.500000000000007 7.5000000000000009 20.500000000000004 431854.50000000006 45.500000000000007 4.5000000000000009 190.50000000000003 12.500000000000002 9.5000000000000018 42.500000000000007 45.500000000000007 47.500000000000007 2.5000000000000004 73.500000000000014 1.0000000180025095e-35 42.500000000000007 6.5000000000000009 3.5000000000000004 26.500000000000004 24.500000000000004 37.500000000000007 527.50000000000011 9.5000000000000018
decision_type=2 2 2 2 2 2 2 2 2 2 2 2 2 2 2 2 2 2 2 2 2 2 2 2 2 2 2 2 2 2 2 2 2 2 2 2 2 2 2 2 2 2 2 2 2 2 2
left_child=1 4 8 7 14 46 16 21 -3 -5 22 12 -11 -13 15 23 -7 -18 -9 41 -21 -4 28 -1 40 26 39 -15 29 30 -10 -32 33 36 -20 45 37 -8 -38 -23 -25 -14 43 -40 -31 -26 -6
right_child=-2 2 3 9 5 6 32 18 10 11 -12 13 19 27 -16 -17 17 -19 34 20 -22 25 -24 24 35 -27 -28 -29 -30 44 31 -33 -34 -35 -36 -37 38 -39 42 -41 -42 -43 -44 -45 -46 -47 -48
leaf_value=0.0078309371016544657 0.080591394362565585 0.01583017946764571 0.06867446927599824 0.025717298342158447 -0.024657870479687597 0.015068766134721703 0.0077415395067023983 0.029489397972225918 0.0052493162553341171 0.010670412713206741 -0.0038778556202618535 0.026646607054218337 -0.010645091058775015 0.010063698565763802 -0.01663061271669241 0.023202717615962081 -0.016081121331585933 0.0061427201628139845 0.010967400492006084 -0.0025120556260479787 -0.031558304588370466 0.038360302683710143 -0.030374752552812152 -0.0068935025478081965 0.005638966068594372 0.001406874082152094 -0.0053592662558688301 -0.0043844809988216283 -0.04244370366747055 -0.042457177521585676 -0.047538068301058008 -0.010190644316380091 -0.049566195328379539 -0.029797629212340894 -0.034318717958066521 -0.042648147643585418 0.019739181680171931 -0.027873335772422403 -0.018955207213730549 0.019102688092180908 -0.022048678532755512 -0.031274523604647178 0.0035155405867979446 0.049297084298543237 -0.013899348184644967 -0.028069547431305648 -0.049074670278506392
leaf_weight=204.92158825695515 503.73569615185261 88.641553357243538 20.49107038974762 58.238763257861137 805.92817702889442 177.10163536667824 24.67898878455162 96.427626729011536 129.2531411498785 117.14689135551453 1092.4319634288549 51.136915057897568 98.592793390154839 169.6399672627449 171.32044279575348 76.464756458997726 104.88935133814812 163.2269040197134 601.27608108520508 246.67765893042088 46.130139052867889 253.4736675620079 89.519923880696297 561.71835544705391 392.17969776690006 34.23155289888382 19.519765451550484 549.6364951133728 26.847201153635979 45.893673568964005 19.628281727433205 711.75528208911419 29.212487906217575 185.51502221822739 12.621225908398626 12.046109765768049 26.035400912165642 207.36791823804379 257.87662662565708 90.580145657062531 131.89827032387257 136.22952975332737 68.34696526825428 5.3398238718509665 78.514129042625427 21.829015254974365 39.898059114813805
leaf_count=871 2139 369 82 236 3879 747 111 390 570 505 4777 212 431 722 776 319 458 697 2510 1077 224 1021 429 2462 1705 140 80 2414 126 213 91 3232 149 873 55 54 113 979 1210 366 600 603 319 25 348 97 194
internal_value=-2.84983e-05 -0.00477704 0.000121225 0.00685287 -0.0113002 -0.0173146 -0.0115645 0.0193238 -0.0075529 -0.00269968 -0.00849768 -0.00386911 -0.00951568 0.000856631 -0.00328523 -0.00165336 0.00445764 -0.00255143 0.0126771 -0.0139975 -0.00708812 0.0306109 -0.0130798 -0.00308823 -0.00508665 0.0286502 0.0312152 -0.000976906 -0.0115498 -0.0107078 -0.00872359 -0.0111929 -0.0204327 -0.0193348 0.0100364 0.00254665 -0.0160429 -0.0240856 -0.0108241 0.0332903 -0.00977541 -0.022613 -0.013224 -0.0175706 -0.0244342 0.00386165 -0.0258096
internal_weight=9056.07 8552.33 4884.54 2602.05 3667.8 2095.42 1249.59 1128.62 2282.49 1473.43 2193.84 1415.19 644.777 770.413 1572.38 1401.06 445.218 268.116 710.325 527.63 292.808 418.296 1101.41 1324.59 1119.67 397.805 363.574 719.276 1011.89 985.045 860.637 731.384 804.373 775.161 613.897 426.055 589.646 232.047 357.599 344.054 693.617 234.822 331.563 263.216 124.408 414.009 845.826
internal_count=40000 37861 21223 11068 16638 9754 5681 4644 10155 6424 9786 6188 2840 3348 6884 6108 1902 1155 2955 2335 1301 1689 5009 5789 4918 1607 1467 3136 4580 4454 3893 3323 3779 3630 2565 1856 2757 1090 1667 1387 3062 1034 1554 1235 561 1802 4073
is_linear=0
shrinkage=0.05


Tree=11
num_leaves=48
num_cat=0
split_feature=10 1 12 12 1 12 12 12 6 5 0 5 1 6 8 0 8 12 5 5 8 8 8 8 0 7 0 8 12 3 7 12 8 1 3 0 12 3 3 8 8 8 2 14 5 8 5
split_gain=1278.09 99.306 91.2239 111.636 64.7414 37.7995 64.9625 30.9128 18.2696 17.6454 16.3468 15.9783 14.045 13.696 21.153 13.0879 13.0227 12.8091 13.8089 13.3588 11.6732 12.9149 11.4905 12.0549 10.5287 10.3563 10.1185 10.7075 10.3178 11.7929 9.80071 9.75797 9.74791 11.1424 9.79281 12.158 9.20702 9.01776 8.99376 8.97801 8.89925 8.88371 9.83302 10.7874 8.7342 9.3743 8.62578
threshold=-1.0000000180025095e-35 4.5000000000000009 1.0000000180025095e-35 220929.50000000003 1.5000000000000002 1.0000000180025095e-35 201484.50000000003 337.50000000000006 5.5000000000000009 1.5000000000000002 20.500000000000004 13.500000000000002 2.5000000000000004 7.5000000000000009 1.5000000000000002 10.500000000000002 9.5000000000000018 1506275.5000000002 10.500000000000002 33.500000000000007 9.5000000000000018 8.5000000000000018 4.5000000000000009 9.5000000000000018 67.500000000000014 3643.5000000000005 116.50000000000001 9.5000000000000018 58201.500000000007 183.50000000000003 334.50000000000006 431854.50000000006 1.5000000000000002 5.5000000000000009 582.50000000000011 525.50000000000011 1056115.0000000002 854.50000000000011 968.50000000000011 3.5000000000000004 4.5000000000000009 5.5000000000000009 18.500000000000004 1.5000000000000002 1.5000000000000002 9.5000000000000018 1.5000000000000002
decision_type=2 2 2 2 2 2 2 2 2 2 2 2 2 2 2 2 2 2 2 2 2 2 2 2 2 2 2 2 2 2 2 2 2 2 2 2 2 2 2 2 2 2 2 2 2 2 2
left_child=1 4 8 7 16 44 12 -4 20 38 -9 -12 46 14 -11 -15 17 18 25 -20 21 32 39 41 -10 -1 -13 28 -28 -30 37 -17 33 34 -3 -36 -8 -14 -5 -16 -27 -24 -43 -44 -6 -46 -7
right_child=-2 2 3 9 5 6 36 10 24 13 11 26 30 15 22 31 -18 -19 19 -21 -22 -23 23 -25 -26 40 27 -29 29 -31 -32 -33 -34 -35 35 -37 -38 -39 -40 -41 -42 42 43 -45 45 -47 -48
leaf_value=0.016794754194212193 0.078222718647829356 0.020338809152918538 0.039349862242205942 0.039696595387653348 -0.0068344628675734631 0.017229616770618402 -0.015683112141455232 0.03394805100222411 0.011054126055881316 0.010107569860212381 0.025454233178115973 -0.0073836751022067441 -0.056167767635747316 0.025193894481426133 -0.010145144560916523 0.0095366912138509161 -0.023889803068740337 -0.029207732748705618 -0.015168572682843301 -0.0011201017163707683 -0.028854284214200859 0.010576179939537536 0.027457824425383734 -0.030394928545471229 -0.0044173532535501381 -0.0164751110273091 0.021881016207151105 -0.028735448766553429 -0.0055271641706414135 0.013542903754943167 0.011924216132978631 -0.0041708611482624836 -0.014340526139706381 -0.023749781594891037 -0.010249871139080425 0.053196500276477446 -0.026928353912283189 0.018331263254721144 -0.00074969033722149813 -0.03001367003586769 0.026940400010098842 -0.025828911662222544 0.028451371796838529 -0.0053734224165800475 -0.025030983323779555 -0.051181015110014161 -0.014316586106455809
leaf_weight=161.63809436559677 493.30308969318867 58.789129436016083 151.39305697381496 36.258758649230003 62.644163563847542 26.264558553695679 490.32180306315422 102.67676639556885 123.17204837501049 117.47797355055809 195.67729960381985 80.665124028921127 10.392094582319261 51.374894559383392 98.286822766065598 170.05279618501663 72.051902532577515 42.431288629770279 202.70667020976543 1024.3342340886593 91.326406478881836 69.717685729265213 22.642073959112167 45.516872480511665 1025.4748792648315 51.773318156599998 197.58441911637783 16.109600841999054 115.69511948525906 270.87846431136131 296.31372506916523 548.91679185628891 757.9669643342495 46.365560278296471 95.214427515864372 8.201076999306677 289.48619416356087 6.6685082912445059 22.134854137897491 134.889524564147 15.288866996765135 46.657912418246269 27.993998795747757 149.20522399246693 738.18185430765152 35.940202236175537 123.85154829919338
leaf_count=687 2139 263 606 146 298 115 2312 413 526 505 797 334 47 212 431 722 323 194 902 4492 441 314 98 224 4491 221 803 68 487 1136 1243 2414 3438 211 434 37 1385 29 90 603 65 207 121 651 3596 179 550
internal_value=-2.71478e-05 -0.0045532 0.000113904 0.00650884 -0.0107904 -0.0165759 -0.0110464 0.0183232 -0.00719652 -0.00256968 0.0150725 0.0128617 0.00377839 -0.00368277 -0.00907219 0.000813427 -0.00312641 -0.00212783 -0.00133852 -0.0034409 -0.0117176 -0.0102074 -0.0133624 -0.00675366 -0.00275831 0.00994135 0.00924297 0.0114773 0.0125863 0.00783555 0.0098025 -0.000928711 -0.0117065 -0.00213424 0.00404448 -0.00521843 -0.0198577 -0.0270482 0.0243649 -0.0216388 -0.00657722 -0.00238823 -0.00540701 -2.97689e-05 -0.0247919 -0.0262451 -0.00879721
internal_weight=9021.91 8528.61 4878.32 2602.09 3650.29 2080.06 1243.3 1130.68 2276.23 1471.41 979.287 876.61 463.49 1413.01 642.67 770.344 1570.22 1498.17 1455.74 1227.04 1127.58 1036.25 525.192 292.016 1148.65 228.7 680.933 600.268 584.158 386.574 313.374 718.97 966.537 208.57 162.205 103.416 779.808 17.0606 58.3936 233.176 67.0622 246.499 223.857 177.199 836.766 774.122 150.116
internal_count=40000 37861 21223 11068 16638 9754 5681 4644 10155 6424 4038 3625 1984 6188 2840 3348 6884 6561 6367 5394 5138 4697 2335 1301 5017 973 2828 2494 2426 1623 1319 3136 4383 945 734 471 3697 76 236 1034 286 1077 979 772 4073 3775 665
is_linear=0
shrinkage=0.05


Tree=12
num_leaves=48
num_cat=0
split_feature=10 1 12 12 1 12 12 12 5 12 5 0 6 3 6 5 5 12 8 0 3 5 4 3 12 0 4 5 4 5 5 5 5 12 3 14 7 6 8 1 3 2 2 6 6 8 0
split_gain=1180.59 90.1856 82.4464 101.363 59.2559 34.9015 59.5926 25.0549 20.2057 18.4854 18.0536 15.6883 15.4207 13.7697 12.4602 13.4918 12.7842 11.5985 11.4946 11.5063 11.1322 10.8001 14.1048 10.75 10.634 10.6004 10.0945 9.60009 9.42432 9.41049 17.0165 10.8728 9.28474 9.27326 9.31148 8.93737 8.7844 8.57218 8.42253 8.23684 8.57323 8.3733 8.209 8.17411 11.188 7.99707 7.98127
threshold=-1.0000000180025095e-35 4.5000000000000009 1.0000000180025095e-35 87870.500000000015 1.5000000000000002 1.0000000180025095e-35 147378.00000000003 684837.00000000012 7.5000000000000009 337.50000000000006 1.0000000180025095e-35 434.50000000000006 5.5000000000000009 1193.5000000000002 7.5000000000000009 9.5000000000000018 23.500000000000004 777614.50000000012 9.5000000000000018 83.500000000000014 700.50000000000011 42.500000000000007 7.5000000000000009 9.5000000000000018 149998.00000000003 127.50000000000001 10.500000000000002 1.0000000180025095e-35 7.5000000000000009 43.500000000000007 37.500000000000007 42.500000000000007 41.500000000000007 16361.000000000002 273.50000000000006 5.5000000000000009 3590.5000000000005 25.500000000000004 7.5000000000000009 5.5000000000000009 68.500000000000014 31.500000000000004 19.500000000000004 23.500000000000004 24.500000000000004 9.5000000000000018 55.500000000000007
decision_type=2 2 2 2 2 2 2 2 2 2 2 2 2 2 2 2 2 2 2 2 2 2 2 2 2 2 2 2 2 2 2 2 2 2 2 2 2 2 2 2 2 2 2 2 2 2 2
left_child=1 4 10 9 14 37 21 8 20 -4 42 13 25 45 15 -1 -17 23 19 -9 -5 22 33 -8 -18 -12 32 -25 -19 30 -27 -32 38 34 -7 -11 -26 -6 -24 41 -41 -14 -3 -21 -45 -10 -16
right_child=-2 2 3 7 5 6 17 18 11 35 12 -13 39 -15 46 16 24 28 -20 43 -22 -23 26 27 36 29 -28 -29 -30 -31 31 -33 -34 -35 -36 -37 -38 -39 -40 40 -42 -43 -44 44 -46 -47 -48
leaf_value=0.0071415609349848716 0.076099198618831423 0.047223293906927435 0.037426239092473508 0.0067447244565800981 -0.024402186258800793 0.059954432512612149 0.036231894697173493 0.0077102197321305055 0.010974923304712489 0.022557924634582303 -0.021228334627599068 -0.0087289048925276915 -0.0082237154538378904 -0.0087048745239183441 0.016179008714461155 -0.029856171149201711 -0.0051989016687398913 -0.045230294040178233 -0.04276540130782229 -0.007253280173172446 0.030634167636464024 -0.0097378768314923987 0.022905757026403097 0.011994226125907968 -0.039523079376311387 -0.01288745644515582 -0.019048528269300216 -0.015772967813760856 -0.021369632521949639 -0.025867739906995087 0.03065091879389379 -0.00094679780773930164 0.062314976758235302 -0.014411441528312773 0.0023009741042169518 0.0098088648874650464 -0.0048052332503916882 0.02002425891336192 -0.017537660658136698 -0.054052155864416362 -0.0089311296421198342 0.0027524267338963266 0.0080167050998077912 -0.04827659614832986 0.033997054434329557 -0.02729126910790345 -0.00034238597850980547
leaf_weight=128.30770449340343 482.00084437429905 16.366514176130295 151.21964246034622 91.386308312416077 816.89836728572845 9.2079669237136823 10.989557340741156 132.22093532979488 471.72102938592434 370.60709924995899 240.37611308693886 254.15513117611408 258.80778248608112 125.6071685552597 81.160330906510353 76.158579558134079 471.23183380067348 47.272887125611305 21.528199166059494 616.62974151968956 104.55919882655144 84.163553923368454 139.62361845374107 33.516172796487808 44.817515775561333 516.8029856979847 15.870795786380766 436.86085522174835 332.16454274952412 78.189236238598824 30.971511989831924 225.06891416013241 13.574379131197928 70.589685052633286 29.251359134912491 218.51791556179523 30.700987175107002 11.004220366477965 14.180657282471655 10.921596154570578 291.77753087878227 528.72068126499653 72.460114851593971 24.305739924311641 4.9784602969884864 14.06035342812538 736.07233393192291
leaf_count=544 2139 67 606 385 4020 38 48 565 1997 1507 1127 1103 1140 540 350 357 2106 235 110 2729 433 364 590 147 208 2374 69 2050 1597 362 141 1005 56 304 122 898 142 53 61 48 1289 2300 302 107 22 66 3177
internal_value=-2.54979e-05 -0.00433939 0.000106966 0.00618341 -0.0103011 -0.0158655 -0.0105485 -4.13707e-05 0.00499388 0.0218319 -0.00685543 0.00171163 -0.00775508 0.00605177 -0.00297437 -0.0076226 -0.0106637 -0.0178052 -0.00672526 -0.00572816 0.0194925 0.00604457 0.0105889 -0.0126524 -0.00799037 -0.0119565 0.0190618 -0.0137944 -0.0243424 -0.00933765 -0.00766529 0.00287537 0.0226754 -0.00364913 0.0161044 0.0178291 -0.025409 -0.0238117 0.0191769 -0.00354911 -0.0105591 -0.000854695 0.0152406 -0.00847905 -0.0342897 0.00986735 0.00129837
internal_weight=8987.58 8505.58 4871.96 2601.5 3633.62 2065.17 1237.27 1861.15 1061.49 740.345 2270.46 865.544 2181.64 611.389 1568.45 751.217 622.909 860.804 799.663 778.135 195.946 376.462 292.298 481.367 546.75 1091.41 183.249 470.377 379.437 851.033 772.843 256.04 167.379 109.049 38.4593 589.125 75.5185 827.903 153.804 1090.23 302.699 787.528 88.8266 645.914 29.2842 485.781 817.233
internal_count=40000 37861 21223 11068 16638 9754 5681 8057 4524 3011 10155 3706 9786 2603 6884 3357 2813 4077 3533 3423 818 1604 1240 2245 2456 5009 776 2197 1832 3882 3520 1146 707 464 160 2405 350 4073 651 4777 1337 3440 369 2858 129 2063 3527
is_linear=0
shrinkage=0.05


Tree=13
num_leaves=48
num_cat=0
split_feature=10 8 1 12 12 1 12 12 12 5 5 2 6 1 5 4 12 12 5 5 5 12 3 7 5 6 0 6 7 3 1 5 0 12 7 2 7 12 7 7 8 3 3 8 3 2 6
split_gain=1092.74 82.0196 75.7183 71.2733 92.7132 49.865 31.2498 54.1156 27.3915 17.7977 16.0732 16.0162 14.8195 13.472 13.0311 12.2481 11.8902 11.5394 11.7264 11.5591 11.4332 12.6517 10.0806 10.0119 10.0113 9.7032 9.32303 10.5372 9.30203 9.08751 11.0086 8.96988 8.82935 8.69521 8.64532 12.0766 11.71 9.68647 8.54785 11.5008 8.30252 8.19283 9.00061 7.93151 7.83596 7.72301 7.72276
threshold=-1.0000000180025095e-35 9.5000000000000018 4.5000000000000009 1.0000000180025095e-35 64105.500000000007 1.5000000000000002 1.0000000180025095e-35 201484.50000000003 561009.00000000012 1.0000000180025095e-35 1.0000000180025095e-35 33.500000000000007 19.500000000000004 5.5000000000000009 41.500000000000007 3.5000000000000004 4.5000000000000009 1506275.5000000002 10.500000000000002 33.500000000000007 42.500000000000007 38713.500000000007 1141.5000000000002 786.50000000000011 42.500000000000007 1.5000000000000002 387.50000000000006 15.500000000000002 3643.5000000000005 68.500000000000014 2.5000000000000004 1.0000000180025095e-35 10.500000000000002 321810.50000000006 2063.5000000000005 18.500000000000004 1440.5000000000002 138075.00000000003 1612.5000000000002 1440.5000000000002 7.5000000000000009 1305.5000000000002 1282.5000000000002 4.5000000000000009 35.500000000000007 19.500000000000004 7.5000000000000009
decision_type=2 2 2 2 2 2 2 2 2 2 2 2 2 2 2 2 2 2 2 2 2 2 2 2 2 2 2 2 2 2 2 2 2 2 2 2 2 2 2 2 2 2 2 2 2 2 2
left_child=1 2 5 10 12 17 -7 15 9 -6 45 38 16 -12 -3 -8 -5 18 28 -20 21 -17 26 -23 29 -15 -13 -28 -1 -9 -31 -32 -10 -24 36 -36 37 -25 39 -11 -37 42 -21 -30 -27 -4 -35
right_child=-2 14 3 4 8 6 7 24 32 11 13 22 -14 25 -16 20 -18 -19 19 41 -22 23 33 34 -26 44 27 -29 43 30 31 -33 -34 46 35 40 -38 -39 -40 -41 -42 -43 -44 -45 -46 -47 -48
leaf_value=0.015696624939022141 0.074186761864337758 -0.035557152354398096 0.046569159818247476 0.057622389823998657 0.03564843933391066 -0.021766022201867023 -0.02375490832839415 0.0094167973994834162 0.012380521129396669 0.00074559766870004106 -0.0042078372953412305 0.017200153168913223 -0.0074307370857298162 0.040114820841186921 -0.012792009696554136 0.025044001125974796 0.025749612232169147 -0.027770198686007885 -0.014051316816606613 -0.00067517766867389827 -0.0079737750876894518 -0.020903004467079149 0.0067676380152736429 0.02806685424325769 -0.027557552829205668 -0.052036433112534475 -0.001478191299652587 0.035286331028271584 -0.015846469292824943 -0.025063241726331606 0.02052928100074141 -0.012311504949210773 -0.0058600123223955178 -0.039743614108673525 -0.027657896814553742 0.014176820377733636 0.058360651714787708 -0.028335510658017028 -0.0098098603451316994 0.046009070550701775 -0.046547860971207389 -0.020578622402305603 0.030570388481902851 0.025033739843754343 -0.013300597109632113 0.0082801420498017832 -4.1433172328740959e-05
leaf_weight=162.3956448584795 470.00847221910954 226.39937318861485 16.226749494671822 31.294088497757912 52.481237918138504 781.5233503729105 34.755744948983192 38.755786180496216 71.894476503133774 94.054980590939522 1559.6904329508543 394.56721945106983 31.781716465950012 8.3243152946233732 87.023574098944664 114.06562235951424 450.39367111027241 41.86657640337944 200.9897942841053 948.94793426990509 96.1746876090765 33.108402505517006 101.38597147166729 22.151100218296051 177.7636643499136 13.400763913989065 150.61630369722843 22.386516988277435 51.595120623707771 195.6434361487627 22.307412803173065 306.10173761844635 859.1333976238966 23.288595348596573 27.05470997095108 87.533809378743172 18.293240904808044 11.597789555788038 201.0273874849081 16.494866505265236 6.0156849920749655 50.464333593845367 23.621837690472603 15.408463835716246 507.31117267906666 69.90651036798954 25.837814807891846
leaf_count=687 2139 1096 66 126 211 3879 154 177 301 401 6970 1645 130 38 414 473 1817 194 902 4165 418 145 424 94 861 61 639 94 221 950 97 1467 3791 101 117 372 78 50 857 70 26 223 104 65 2288 291 111
internal_value=-2.37515e-05 -0.00413543 -0.00317245 0.000961825 0.00667344 -0.00877698 -0.0139966 -0.00889969 0.00183633 0.00724608 -0.00567364 0.00579843 0.0256384 -0.00654651 -0.0292363 0.00475971 0.0278203 -0.00189039 -0.00114491 -0.00308919 0.00714207 0.0116876 0.00990613 0.00428316 -0.0172135 -0.0134413 0.0129568 0.00327913 0.0092293 -0.0139463 -0.0156741 -0.0100808 -0.00445147 -0.00159787 0.00911311 0.00176327 0.0261459 0.00868421 -0.00366846 0.00749925 0.0102719 -0.000935517 8.37167e-05 -0.00644546 -0.0142975 0.0154935 -0.0188624
internal_weight=8953.07 8483.06 8169.63 4701.5 2526.64 3468.14 1972.85 1191.32 2013.17 1082.14 2174.86 1029.66 513.469 2088.73 313.423 450.751 481.688 1495.29 1453.42 1224.02 415.995 319.82 718.082 205.755 740.572 529.036 567.57 173.003 229.399 562.808 524.053 328.409 931.028 150.512 172.646 120.604 52.0421 33.7489 311.577 110.55 93.5495 1023.03 972.57 67.0036 520.712 86.1333 49.1264
internal_count=40000 37861 36351 20432 10718 15919 9358 5479 8645 4553 9714 4342 2073 9357 1510 1927 1943 6561 6367 5394 1773 1355 3014 882 3552 2387 2378 733 973 2691 2514 1564 4092 636 737 515 222 144 1328 471 398 4492 4269 286 2349 357 212
is_linear=0
shrinkage=0.05


Tree=14
num_leaves=48
num_cat=0
split_feature=10 8 5 1 12 12 1 12 12 3 0 12 12 0 4 1 5 12 12 12 0 0 3 0 3 0 0 7 7 7 6 6 12 8 4 1 9 14 2 5 0 5 6 6 14 8 7
split_gain=1013.28 75.1367 71.0294 64.8987 57.297 74.8196 48.2648 24.2355 44.1475 17.6991 17.2506 15.4473 13.6442 13.1463 12.7117 12.2648 12.151 11.0042 29.0511 14.815 10.7097 35.5469 10.6213 10.3605 10.3134 9.25859 13.331 9.2425 8.75124 8.95519 8.71634 8.64942 8.5297 8.47924 8.4198 11.6492 8.39584 8.05309 13.2734 8.02013 12.5482 13.3251 7.91198 7.8819 7.62491 7.60255 8.83149
threshold=-1.0000000180025095e-35 9.5000000000000018 1.0000000180025095e-35 4.5000000000000009 1.0000000180025095e-35 120751.50000000001 1.5000000000000002 1.0000000180025095e-35 167397.50000000003 968.50000000000011 28.500000000000004 121.50000000000001 684837.00000000012 591.50000000000011 3.5000000000000004 5.5000000000000009 41.500000000000007 149998.00000000003 1.0000000180025095e-35 203.50000000000003 369.50000000000006 109.50000000000001 998.50000000000011 55.500000000000007 68.500000000000014 116.50000000000001 441.50000000000006 2926.5000000000005 2346.5000000000005 386.50000000000006 1.5000000000000002 7.5000000000000009 663551.50000000012 6.5000000000000009 8.5000000000000018 2.5000000000000004 15.500000000000002 4.5000000000000009 44.500000000000007 37.500000000000007 527.50000000000011 45.500000000000007 23.500000000000004 25.500000000000004 4.5000000000000009 4.5000000000000009 2027.5000000000002
decision_type=2 2 2 2 2 2 2 2 2 2 2 2 2 2 2 2 2 2 2 2 2 2 2 2 2 2 2 2 2 2 2 2 2 2 2 2 2 2 2 2 2 2 2 2 2 2 2
left_child=1 2 9 6 15 11 17 43 14 20 33 -6 13 25 -9 -5 -3 18 39 22 21 -1 -20 -11 -13 31 37 -22 29 -21 -17 45 -23 -7 35 -10 -16 38 -27 -4 41 -41 -40 -8 -25 -12 -47
right_child=-2 16 3 4 5 10 7 8 34 23 12 24 -14 -15 36 30 -18 -19 19 28 27 32 -24 44 -26 26 -28 -29 -30 -31 -32 -33 -34 -35 -36 -37 -38 -39 42 40 -42 -43 -44 -45 -46 46 -48
leaf_value=0.044843886415269839 0.072457364580345435 -0.034278552792466957 -0.0064282851119788114 -0.0040029763207267829 0.03940221269311199 0.019941848885983392 -0.022528410575742411 -0.030312906368783504 -0.04143562559545879 0.028202267476277021 -0.049492629956829189 -0.013517077609317273 -0.0077059023376340645 0.034820767010399233 0.021737096123810515 0.03757526132469332 -0.012213176830651958 -0.012565580026860899 0.036645955638235535 -0.02573218011545424 0.047177189804299559 -0.036915441929351679 0.11719200992927528 -0.010756689789843619 0.017164751963714555 -0.0042176009891892463 -0.0063023300764744458 0.021022033426927669 0.0012483776866528665 0.039981389750385399 -0.013650350911454412 -0.0025555362776986442 0.023646396277692258 -0.013468558489696962 -0.014471251069607003 -0.013681326287115218 0.0025234584374910509 0.0027879425675988202 0.029157749581994255 0.0083982215244969242 -0.031626909540670406 -0.019457636389102174 -0.03390418791838317 0.020125750168910914 0.013064103199359679 0.045592442451298981 -0.036047317466727562
leaf_weight=39.526002183556557 457.48253627121449 223.18499363958836 694.24152866005898 1557.5905552208424 77.714144587516785 132.0629535317421 718.14713042974472 25.04966601729393 76.442382678389549 41.028055608272552 23.795640170574188 28.625160321593285 674.65154242515564 29.183856844902039 72.128404513001442 8.4394827634096128 86.601614877581596 231.72243109345436 11.610507532954218 5.9619415849447241 77.83540515601635 27.819370090961456 6.3212187886238089 77.595154359936714 634.40255562961102 51.982660368084908 257.32079800963402 59.670349344611168 50.725220873951912 39.75664559006691 518.20595210790634 68.773686796426773 7.3501214832067481 22.179785743355751 583.76935125887394 74.8047985881567 268.54457719624043 276.83586773276329 108.70957010984421 326.94353729486465 25.314527168869972 49.4210364818573 5.212306097149848 10.996328830718992 59.242500603199005 5.5936124175786963 8.1233979463577253
leaf_count=163 2139 1096 3059 6970 313 546 3608 112 381 170 103 118 3003 124 299 38 414 1049 50 25 325 120 27 338 2583 222 1114 250 216 165 2349 292 31 93 2810 360 1147 1176 461 1418 114 218 22 53 257 24 35
internal_value=-2.19135e-05 -0.00394076 -0.00302222 -0.00406857 -0.000165321 0.00509294 -0.00942426 -0.0148151 -0.0101319 0.0177973 -0.000790159 0.0183121 -0.00241693 0.00185366 0.00406372 -0.00623326 -0.0281101 -0.00258339 -0.000672203 0.0233067 0.0275483 0.0123078 0.0650397 0.00616402 0.0158401 0.00066049 0.00274811 0.0358272 0.0155473 0.031412 -0.0128295 -0.0130898 -0.0242585 0.0151375 -0.0171952 -0.0277087 0.00659143 0.00800823 0.016719 -0.00317475 0.00244849 0.00474042 0.0262725 -0.0218851 -0.000443715 -0.0324026 -0.00275572
internal_weight=8918.64 8461.16 8151.37 7761.3 4489.4 2405.17 3271.9 1829.88 1100.74 390.067 1664.43 740.742 1510.18 835.531 365.723 2084.24 309.787 1442.02 1210.3 114.376 212.201 74.6955 17.9317 177.866 663.028 806.348 700.061 137.506 96.4438 45.7186 526.645 106.286 35.1695 154.243 735.017 151.247 340.673 442.74 165.905 1095.92 401.679 376.365 113.922 729.143 136.838 37.5127 13.717
internal_count=40000 37861 36351 34697 19586 10229 15111 8770 5109 1654 7215 3014 6576 3573 1558 9357 1510 6341 5292 483 889 314 77 765 2701 3449 2995 575 406 190 2387 454 151 639 3551 741 1446 1881 705 4809 1750 1636 483 3661 595 162 59
is_linear=0
shrinkage=0.05


Tree=15
num_leaves=48
num_cat=0
split_feature=10 8 5 1 12 12 1 12 12 12 0 2 0 4 7 5 1 2 12 6 12 0 3 9 12 5 5 4 7 3 6 5 5 9 3 12 6 3 0 7 7 0 6 8 8 2 2
split_gain=941.181 68.8217 64.0505 58.9373 51.7709 67.8014 44.1203 22.3536 40.2316 20.0099 15.9467 21.2345 15.7678 11.553 11.365 11.3303 11.1622 10.6686 10.3015 10.2458 9.09801 9.08594 9.48071 8.61624 9.07144 7.96071 11.4722 9.96689 9.93467 7.95658 8.29723 7.94718 13.2292 11.6366 9.93425 7.92067 9.12321 7.96984 13.4039 10.1631 12.1562 8.92394 7.35506 11.1315 11.7018 7.59103 7.33032
threshold=-1.0000000180025095e-35 9.5000000000000018 1.0000000180025095e-35 4.5000000000000009 1.0000000180025095e-35 64105.500000000007 1.5000000000000002 1.0000000180025095e-35 167397.50000000003 315993.00000000006 552.50000000000011 19.500000000000004 109.50000000000001 3.5000000000000004 989.50000000000011 41.500000000000007 5.5000000000000009 15.500000000000002 645694.50000000012 19.500000000000004 1.5000000000000002 441.50000000000006 68.500000000000014 16.500000000000004 1260.0000000000002 42.500000000000007 41.500000000000007 7.5000000000000009 3496.5000000000005 35.500000000000007 1.5000000000000002 42.500000000000007 35.500000000000007 26.500000000000004 358.50000000000006 1419953.5000000002 22.500000000000004 1196.5000000000002 364.50000000000006 3853.5000000000005 3391.5000000000005 309.50000000000006 5.5000000000000009 1.5000000000000002 8.5000000000000018 31.500000000000004 1.0000000180025095e-35
decision_type=2 2 2 2 2 2 2 2 2 2 2 2 2 2 2 2 2 2 2 2 2 2 2 2 2 2 2 2 2 2 2 2 2 2 2 2 2 2 2 2 2 2 2 2 2 2 2
left_child=1 2 10 6 16 19 18 -8 13 17 11 -1 -13 -9 -14 -3 42 -7 23 20 -6 22 -11 46 -25 26 27 28 -15 -18 -31 32 -10 -34 -35 36 37 39 -39 40 -24 -41 43 -5 -45 -44 -4
right_child=-2 15 3 4 5 9 7 8 31 21 -12 12 14 25 -16 -17 29 -19 -20 -21 -22 -23 35 24 -26 -27 -28 -29 -30 30 -32 -33 33 34 -36 -37 -38 38 -40 41 -42 -43 45 44 -46 -47 -48
leaf_value=0.036842566308877174 0.070887718809448039 -0.033044660442330474 0.03636855387281776 0.0046084446984256964 0.060217982518444263 -0.003776147375464375 -0.021005392407110739 -0.029087255322715611 -0.02246676485589616 -0.026468446954652711 0.038662500942852868 0.027824731744661636 -0.025920431293534465 -0.023828217072721845 0.0045493686714165402 -0.011658652996875848 -0.050401661933990961 0.010685313237628094 -0.016511508488184345 -0.0062363529166669981 0.022288086807724705 -0.0094036300609298563 0.0081547837000956244 0.054609544994803763 0.0073783940717411598 -0.0068986855094128252 0.042837397027900667 0.013866176986398027 0.016017631556256979 0.038282176085744378 -0.01206880880253935 -0.025414607118546036 -0.011638055732259565 0.047941025316524173 0.0014469848790042653 -0.008237602472607717 -0.022851420588153766 -0.010571179160801773 0.048920104600935044 0.005974132499450213 0.032814743289736333 -0.022888785343215163 -0.0074413641391417405 -0.012472849135938276 0.011827625392749482 0.0030298011750502997 -0.002780890322363404
leaf_weight=68.694362372159958 444.55939172208309 220.02452690899372 12.076963305473326 156.81356075406075 16.416222333908081 166.24253349006176 721.89592982828617 24.806234791874886 231.9543768465519 32.968954995274544 69.095558896660805 60.250120043754578 38.150689944624901 42.146234095096588 154.7000093460083 86.195268765091896 13.314384594559668 547.69980582594872 119.577263250947 30.569727867841721 427.89357419312 399.73969092965126 263.40242537856102 11.361462339758871 96.635443523526192 86.028032705187798 25.029126241803169 163.00119161605835 24.876606985926628 8.3173308819532377 502.70151345431805 184.89769175648689 248.07251632213593 14.927232876420019 49.879156470298767 181.96333426237106 30.770578593015671 118.79838478565216 10.288057208061216 74.62122206389904 61.676738783717155 41.771461233496666 257.50972162187099 558.9960885643959 54.35829846560955 527.90644347667694 1200.7702198475599
leaf_count=285 2139 1096 52 716 67 703 3661 112 1129 146 288 248 166 179 667 414 62 2270 556 125 1724 1787 1135 47 414 373 103 687 104 37 2288 908 1203 70 241 806 134 520 45 324 261 182 1140 2567 247 2300 5272
internal_value=-2.01741e-05 -0.00375519 -0.00287912 -0.00387606 -0.000157953 0.00483809 -0.00899426 -0.0141742 -0.00967316 0.000673544 0.0168682 0.0121886 0.00549721 0.00385789 -0.00147832 -0.0270249 -0.00593443 0.00731794 -0.00245826 0.0217631 0.0236895 -0.00322753 -0.000202976 -0.00118601 0.0123472 0.00625394 0.0106902 0.00719228 -0.00903879 -0.0122435 -0.0112493 -0.0164576 -0.0134179 -0.00670956 0.0121562 0.000902544 0.00366837 0.0050986 -0.00582978 0.00829406 0.0128335 -0.0043843 -0.00380786 -0.00727981 -0.0103192 -0.000403317 -0.00239106
internal_weight=8884.35 8439.79 8133.57 7742.68 4484.74 2404.82 3257.94 1817.51 1095.62 1929.94 390.891 321.795 253.101 365.887 192.851 306.22 2079.92 713.942 1440.42 474.88 444.31 1216 816.261 1320.84 107.997 341.081 255.053 230.024 67.0228 524.333 511.019 729.731 544.833 312.879 64.8064 783.292 601.329 570.558 129.086 441.472 325.079 116.393 1555.58 770.168 613.354 785.416 1212.85
internal_count=40000 37861 36351 34697 19586 10229 15111 8770 5109 8313 1654 1366 1081 1558 833 1510 9357 2973 6341 1916 1791 5340 3553 5785 461 1446 1073 970 283 2387 2325 3551 2643 1514 311 3407 2601 2467 565 1902 1396 506 6970 3530 2814 3440 5324
is_linear=0
shrinkage=0.05


Tree=16
num_leaves=48
num_cat=0
split_feature=10 8 5 1 12 12 1 12 12 0 3 12 4 12 1 12 0 5 1 12 12 12 3 3 0 0 6 0 0 0 12 6 7 7 4 8 6 0 7 7 3 6 0 12 14 2 5
split_gain=875.542 63.0263 57.7715 53.5057 46.787 61.277 40.3378 20.595 36.9348 14.4571 14.3965 13.3987 12.0011 15.5814 13.9552 11.3916 11.9176 10.5638 10.1549 9.435 24.9607 12.9981 9.29416 9.05909 8.79629 30.4855 8.51685 8.50036 8.41752 11.4527 7.94886 7.86553 7.84119 7.96754 7.75882 7.65991 7.47069 9.47889 8.87579 7.46608 7.39679 7.45256 7.3561 7.33308 7.99794 11.5642 7.95094
threshold=-1.0000000180025095e-35 9.5000000000000018 1.0000000180025095e-35 4.5000000000000009 1.0000000180025095e-35 120751.50000000001 1.5000000000000002 1.0000000180025095e-35 82490.000000000015 28.500000000000004 968.50000000000011 121.50000000000001 8.5000000000000018 327657.50000000006 2.5000000000000004 684837.00000000012 591.50000000000011 41.500000000000007 5.5000000000000009 149998.00000000003 1.0000000180025095e-35 203.50000000000003 68.500000000000014 998.50000000000011 349.50000000000006 109.50000000000001 20.500000000000004 50.500000000000007 116.50000000000001 441.50000000000006 1092391.5000000002 7.5000000000000009 2346.5000000000005 386.50000000000006 3.5000000000000004 6.5000000000000009 11.500000000000002 434.50000000000006 4273.5000000000009 2926.5000000000005 35.500000000000007 1.5000000000000002 15.500000000000002 677152.00000000012 4.5000000000000009 44.500000000000007 41.500000000000007
decision_type=2 2 2 2 2 2 2 2 2 2 2 2 2 2 2 2 2 2 2 2 2 2 2 2 2 2 2 2 2 2 2 2 2 2 2 2 2 2 2 2 2 2 2 2 2 2 2
left_child=1 2 10 6 18 11 19 -8 34 35 24 -6 14 -14 -10 16 28 -3 -5 20 -4 23 -13 -22 25 -1 39 -12 31 43 -29 -11 33 -23 -9 -7 37 -21 -39 -26 -20 -42 -24 44 45 -30 -47
right_child=-2 17 3 4 5 9 7 8 12 15 27 22 13 -15 -16 -17 -18 -19 40 36 21 32 42 -25 26 -27 -28 30 29 -31 -32 -33 -34 -35 -36 -37 -38 38 -40 -41 41 -43 -44 -45 -46 46 -48
leaf_value=0.040635534071292417 0.069458293733733745 -0.031852688750451497 -0.0029016082238160342 -0.0036231860574232645 0.036265896069268298 0.018362724336113332 -0.020155536546446345 -0.026249555113253005 -0.039576508481196121 -0.03113928438708561 0.041933338050921046 -0.013616978583396822 0.0015958022183232123 -0.015604166955703462 -0.012622236770255363 -0.0070781548598897797 0.032944962589952199 -0.011127515886237409 -0.048838881429020764 -0.029139847967033974 0.034097339512957639 -0.024809902068190511 0.030634072930375147 0.10771620581204788 0.045099783808720741 -0.023610310765943512 -0.023053467470995737 0.005412848672942408 -0.0041799599547552198 -0.0058944186008156371 -0.035907830266637915 -0.0025922637223607155 0.00075847474335818347 0.037266455029084787 0.010613844684659111 -0.013390180695960211 -0.0019904413412621443 -0.012450720946557916 0.045437114330149776 0.021083943455548957 0.0359298892706491 -0.011514783943018426 0.013598578893851729 0.064352346442416844 0.0014016704483365162 0.015117696219326038 0.043432212682647839
leaf_weight=39.830745428800583 431.35751268267632 216.92540371417999 1094.0037085860968 1553.4101804643869 77.1760184019804 132.63045780360699 714.89981549978256 15.257230609655378 89.042980879545212 37.172222316265106 14.688728824257849 28.619480460882187 181.60482586920261 478.88374873995781 104.22913551330566 671.73307776451111 29.38300496339798 85.804281681776047 13.059931233525274 85.914867237210274 11.729486137628557 5.9351888447999945 71.379871100187302 6.4913692176342002 76.441939398646355 34.422223255038261 6.650135099887847 150.86995010077953 51.966939657926559 256.64553602039814 12.611788898706434 68.769068270921707 50.83376944065094 40.044725492596626 221.49038363993168 22.167627081274986 107.39627680182457 28.064557686448097 8.6666038334369642 56.121487081050873 8.4161129444837552 500.59911516308784 564.65462435781956 5.5760186314582816 273.30527733266354 76.31157685816288 36.725902557373047
leaf_count=163 2139 1096 4809 6970 313 546 3661 69 448 162 61 118 820 2350 490 3003 124 414 62 399 50 25 286 27 316 149 28 649 222 1114 55 292 216 165 932 93 483 128 39 233 37 2288 2297 24 1159 321 155
internal_value=-1.83772e-05 -0.00357828 -0.00274273 -0.00369263 -0.000151088 0.00459659 -0.00858247 -0.0135599 -0.00923608 -0.000735752 0.0159919 0.016546 -0.0140817 -0.0108749 -0.0250404 -0.00222987 0.00166643 -0.0259784 -0.00565074 -0.00233797 -0.000572001 0.0215831 0.0142562 0.0603248 0.02475 0.0108524 0.0321626 0.00549879 0.000526833 0.00251332 0.00222517 -0.0126087 0.0142917 0.0292535 0.00823818 0.0138156 -0.0116194 -0.0200511 0.00120773 0.0349325 -0.0116836 -0.0107303 0.0155104 0.0073745 0.00664965 0.0153422 0.0243171
internal_weight=8849.91 8418.56 8115.83 7724.19 4479.7 2404.22 3244.49 1805.41 1090.51 1662.39 391.637 741.83 853.761 660.489 193.272 1507.59 835.856 302.73 2075.49 1439.08 1209.04 115.035 664.654 18.2209 213.467 74.253 139.214 178.17 806.473 700.531 163.482 105.941 96.8137 45.9799 236.748 154.798 230.042 122.646 36.7312 132.563 522.075 509.015 636.034 443.886 438.31 165.004 113.037
internal_count=40000 37861 36351 34697 19586 10229 15111 8770 5109 7215 1654 3014 4108 3170 938 6576 3573 1510 9357 6341 5292 483 2701 77 889 312 577 765 3449 2995 704 454 406 190 1001 639 1049 566 167 549 2387 2325 2583 1881 1857 698 476
is_linear=0
shrinkage=0.05


Tree=17
num_leaves=48
num_cat=0
split_feature=10 8 5 1 12 12 1 9 9 12 5 5 6 0 2 0 5 7 3 3 7 5 12 7 1 6 2 12 12 14 8 1 6 6 12 0 3 9 7 14 3 14 12 7 12 6 5
split_gain=815.617 57.7076 52.1254 48.5747 42.2773 56.2642 36.8514 19.1544 18.8716 16.4654 14.7029 19.4388 13.1256 13.1208 17.2111 13.0308 12.602 10.0999 9.95523 10.8393 10.6067 9.84706 9.69456 9.53908 9.23984 9.20366 9.19292 9.01631 8.964 8.39566 8.15698 11.2406 10.01 11.65 8.07804 7.83725 8.71125 7.801 7.46801 7.16277 7.14403 7.04309 7.82637 6.97358 6.92747 8.2607 6.94362
threshold=-1.0000000180025095e-35 9.5000000000000018 1.0000000180025095e-35 4.5000000000000009 1.0000000180025095e-35 64105.500000000007 1.5000000000000002 5.5000000000000009 15.500000000000002 315993.00000000006 42.500000000000007 35.500000000000007 24.500000000000004 552.50000000000011 19.500000000000004 109.50000000000001 19.500000000000004 934.50000000000011 601.50000000000011 168.50000000000003 3269.5000000000005 41.500000000000007 511379.00000000006 3869.5000000000005 5.5000000000000009 19.500000000000004 15.500000000000002 516448.00000000006 1506275.5000000002 1.0000000180025095e-35 8.5000000000000018 2.5000000000000004 7.5000000000000009 4.5000000000000009 1.5000000000000002 441.50000000000006 68.500000000000014 26.500000000000004 2926.5000000000005 4.5000000000000009 1335.5000000000002 3.5000000000000004 127121.00000000001 2614.5000000000005 1419953.5000000002 22.500000000000004 13.500000000000002
decision_type=2 2 2 2 2 2 2 2 2 2 2 2 2 2 2 2 2 2 2 2 2 2 2 2 2 2 2 2 2 2 2 2 2 2 2 2 2 2 2 2 2 2 2 2 2 2 2
left_child=1 2 13 6 24 25 28 -8 12 26 11 16 23 14 -1 39 27 -17 19 37 41 -3 -22 30 40 34 -7 29 -4 -10 32 -32 33 -9 -6 36 -11 -13 -29 -16 -5 42 -21 -42 45 46 -38
right_child=-2 21 3 4 5 9 7 8 10 35 -12 18 -14 -15 15 17 -18 -19 -20 20 22 -23 -24 -25 -26 -27 -28 38 -30 -31 31 -33 -34 -35 -36 -37 44 -39 -40 -41 43 -43 -44 -45 -46 -47 -48
leaf_value=0.033029079627124931 0.068152625184654675 -0.030700218525761359 -0.001555397009583368 -0.0029709604719636274 0.056317911618647201 -0.0037168143818039632 0.022101649934931283 -0.018968315314286333 -0.051922789535942329 -0.025451234708924093 -0.020154593146501615 -0.016228557399002433 0.019731067005143869 0.034841367075821951 0.045132040611523205 -0.025467294617130671 -0.031424191087030713 0.0039853541670192656 -0.00057189664852982513 0.01454026940808568 0.099965693218427007 -0.01061887901727411 0.017672095238427027 -0.025773188554238043 -0.011148153332554651 -0.0067450024925843474 0.0097062691263448964 -0.040031175390139319 -0.025522874748289116 0.014996583928003709 -0.042575349784972974 0.028189446160544258 -0.011123458959417694 -0.045557213025645638 0.020302982534356043 -0.0087289340738621359 0.01961534780175744 0.030470427185726595 0.0017987127303098192 0.010346982218819207 -0.047009781995160524 0.0093457414147867356 0.10775393227684532 0.0025218176053669267 -0.0076815349774453957 -0.021856066115496526 0.0027695623770122909
leaf_weight=69.136846378445625 417.97959583997726 213.89369678497314 1397.4155514389277 1521.7240625172853 16.157434821128845 166.13970753550529 38.105826452374458 342.44553364813328 5.1396789401769629 32.70412366092205 144.46027410030365 26.250823080539703 23.371853947639465 69.698062986135483 25.711540013551712 35.731389597058296 68.836976364254951 157.01853504776955 168.16876971721649 4.6758440434932691 9.5999236702918989 85.42836420238018 5.7059159576892844 300.74590002000332 519.88155873119831 30.581946909427643 549.18438191711903 23.52909554541111 40.132273361086845 53.210244655609131 7.5082127600908306 22.21684655547142 433.89826372265816 46.831026777625084 428.04171088337898 397.82034729421139 69.672637164592743 13.563513815402983 19.524154871702194 34.869201526045799 18.197557792067531 31.644298329949379 4.3438175171613693 11.658832818269728 181.24172751605511 30.562576547265053 501.28793843090534
leaf_count=285 2139 1096 6150 6834 67 703 157 1737 22 146 680 116 115 288 105 157 325 676 772 20 41 414 28 1522 2387 125 2270 116 191 230 38 113 2182 237 1724 1787 300 61 96 143 83 142 20 53 806 134 2167
internal_value=-1.652e-05 -0.00340952 -0.00261267 -0.00351759 -0.000144282 0.00436762 -0.00818908 -0.0129691 -0.0137303 0.000571873 -0.00633708 -0.00173985 -0.017365 0.0151694 0.0109175 0.00488294 -0.0149132 -0.00147449 0.00675646 0.0196229 0.0338091 -0.0249689 0.0692872 -0.0181166 -0.00537918 0.0197864 0.00658865 -0.00370475 -0.0022245 0.00910208 -0.0154167 0.0103151 -0.0163459 -0.022167 0.021613 -0.00297546 -0.000168678 -0.000319657 -0.0210618 0.0251104 -0.00344619 0.0204552 0.0594314 -0.0276678 0.000887634 0.00346956 0.0048252
internal_weight=8815.65 8397.67 8098.35 7706.18 4474.86 2403.39 3231.32 1793.78 1755.67 1928.61 578.653 434.193 1177.02 392.166 322.468 253.331 170.24 192.75 263.953 95.7841 55.9698 299.322 15.3058 1153.65 2071.46 474.781 715.324 101.403 1437.55 58.3499 852.9 29.7251 823.175 389.277 444.199 1213.29 815.469 39.8143 43.0533 60.5807 1551.58 40.664 9.01966 29.8564 782.765 601.523 570.961
internal_count=40000 37861 36351 34697 19586 10229 15111 8770 8613 8313 2669 1989 5944 1654 1366 1081 789 833 1200 428 251 1510 69 5829 9357 1916 2973 464 6341 252 4307 151 4156 1974 1791 5340 3553 177 212 248 6970 182 40 136 3407 2601 2467
is_linear=0
shrinkage=0.05


Tree=18
num_leaves=48
num_cat=0
split_feature=10 6 6 8 5 5 6 6 1 3 0 1 12 12 12 5 5 0 1 5 6 9 3 12 5 12 12 8 0 3 6 0 5 0 8 6 5 3 7 5 7 9 5 5 5 12 3
split_gain=760.765 53.3858 64.8688 45.1816 35.4338 51.5742 32.7043 34.4272 29.5745 27.6811 23.2952 19.2988 16.4805 15.6098 22.0969 14.6091 20.1719 17.4755 13.6338 14.0075 13.0593 11.8391 13.4017 12.4976 11.2262 11.1668 12.0429 11.9437 11.6329 10.8158 10.0816 11.6648 15.7354 16.9463 9.97425 9.3858 12.2457 12.6693 9.41493 9.17613 9.13069 8.95037 8.88016 10.713 8.83633 9.15926 9.08723
threshold=-1.0000000180025095e-35 7.5000000000000009 4.5000000000000009 9.5000000000000018 9.5000000000000018 33.500000000000007 21.500000000000004 25.500000000000004 4.5000000000000009 552.50000000000011 38.500000000000007 1.5000000000000002 1194898.5000000002 1.0000000180025095e-35 71022.500000000015 42.500000000000007 41.500000000000007 493.50000000000006 2.5000000000000004 1.0000000180025095e-35 17.500000000000004 15.500000000000002 588.50000000000011 120751.50000000001 43.500000000000007 1.0000000180025095e-35 2582.0000000000005 7.5000000000000009 511.50000000000006 18.500000000000004 12.500000000000002 309.50000000000006 36.500000000000007 246.50000000000003 4.5000000000000009 10.500000000000002 25.500000000000004 298.50000000000006 3799.5000000000005 41.500000000000007 818.50000000000011 16.500000000000004 1.0000000180025095e-35 41.500000000000007 45.500000000000007 431854.50000000006 1327.5000000000002
decision_type=2 2 2 2 2 2 2 2 2 2 2 2 2 2 2 2 2 2 2 2 2 2 2 2 2 2 2 2 2 2 2 2 2 2 2 2 2 2 2 2 2 2 2 2 2 2 2
left_child=1 2 3 4 12 -6 8 -8 11 24 -10 -3 25 -12 -15 16 21 -18 20 -20 29 22 -11 -23 -7 -1 -27 34 -29 -13 31 32 41 -34 -28 38 -37 -38 -33 -5 -35 -21 -4 -44 45 -16 -47
right_child=-2 6 42 39 5 9 7 -9 10 15 13 18 -14 14 44 -17 17 -19 19 30 -22 23 -24 -25 -26 26 27 28 -30 -31 -32 35 33 40 -36 36 37 -39 -40 -41 -42 -43 43 -45 -46 46 -48
leaf_value=0.0028307498891020464 0.066956691524551915 0.0026248912588656172 0.030450291302292057 -0.029585139093695936 -0.021632605924804382 0.0068628155709150474 -0.020450185234635879 0.021689403394760599 0.019872083381757513 -0.030532603775905179 -0.0010378430631419395 0.012757727995587881 -0.02226468586325217 0.020174581285977586 0.01031095697654669 -0.015701759855426187 0.043295019007519392 -0.007316943302553322 0.025446288273520301 -0.011827866976599119 0.012472838320636026 0.016701009857188177 -0.006981364929662056 -0.0050733887465172411 -0.017906005275348382 0.042785411411506803 0.010088853346967786 -0.027086963207461668 0.022837955122061805 -0.024316825519677815 -0.016967330920718244 -0.0035752084094762618 0.0085714098656742947 -0.0028938407435450219 0.034802496822024236 -0.034263123272999164 -0.020065354440512734 0.0070924157895996447 0.063223048715046221 -0.010131892569795197 0.076996352561211942 0.015898774646389325 -0.037581186089087656 -0.020839192009989585 -0.02043721524177811 -0.0010077686107135006 0.040981846208503182
leaf_weight=279.88437703251839 404.51437725126743 751.37329693138599 6.7825608104467383 210.93431580066681 442.68550536036491 664.94978126883507 308.40339569747448 57.506454631686211 246.76034992933273 66.189526319503784 974.36048625409603 21.512858033180237 43.181725353002548 266.67711162567139 410.66919907927513 353.48252861201763 40.461748287081718 29.483173668384552 37.698453441262245 93.23968069255352 32.64017279446125 104.28516821563244 691.19025832414627 179.02423267066479 49.126621246337891 39.017855703830719 116.05101042985916 31.853670716285706 18.412385299801826 229.88832913339138 154.89303393661976 14.243566438555719 45.20183727145195 4.4414387047290829 62.985198944807053 50.591046303510666 84.573878064751625 87.244458213448524 8.3777004778385145 85.067195147275925 18.364936381578445 42.3158118724823 154.67466489970684 249.9734200835228 36.012626856565475 468.39705471694469 13.249580308794974
leaf_count=1266 2139 3253 28 1096 2095 3013 1400 260 1018 311 4285 99 197 1077 1707 1637 186 137 165 463 162 428 3223 801 228 159 497 137 80 1130 757 69 226 22 268 251 414 423 40 414 88 191 728 1143 158 2072 59
internal_value=-1.47306e-05 -0.00324818 -0.00750494 -0.00530219 -0.00357975 -0.00607426 0.000494042 -0.0138275 0.00177446 -0.00291225 0.00531506 -0.00332785 0.00747531 0.00365923 0.00748904 -0.00684864 -0.00403096 0.0219611 -0.00816205 -0.00412231 -0.0172812 -0.00577788 -0.00903957 0.00294169 0.00515878 0.00981791 0.0171062 0.0127367 -0.00879954 -0.0211443 -0.00596939 -0.00217197 0.00667391 0.0263001 0.0187831 -0.00952084 -0.0126417 -0.00627541 0.0211633 -0.0239945 0.0614381 -0.00317255 -0.0262877 -0.0272387 0.00384492 0.00482492 0.00014732
internal_weight=8782.85 8378.33 3919.7 3508.27 3212.26 2620.88 4458.64 365.91 4092.73 2178.19 2416.13 1676.6 591.386 2169.37 1195.01 1464.12 1110.63 69.9449 925.227 641.186 284.041 1040.69 757.38 283.309 714.076 548.204 268.32 229.302 50.2661 251.401 603.487 448.594 203.564 68.0082 179.036 245.031 222.409 171.818 22.6213 296.002 22.8064 135.555 411.431 404.648 928.328 892.316 481.647
internal_count=40000 37861 18072 16173 14663 12059 19789 1660 18129 9964 10376 7753 2604 9358 5073 6723 5086 323 4500 3109 1391 4763 3534 1229 3241 2407 1141 982 217 1229 2944 2187 990 336 765 1197 1088 837 109 1510 110 654 1899 1871 3996 3838 2131
is_linear=0
shrinkage=0.05


Tree=19
num_leaves=48
num_cat=0
split_feature=10 1 12 12 1 8 12 12 12 5 5 6 0 0 6 3 3 3 5 0 6 12 5 5 5 5 2 3 12 7 6 12 3 8 8 0 5 8 2 6 1 3 9 12 2 0 3
split_gain=710.445 49.2869 42.748 55.0306 35.1735 24.632 21.1186 36.2047 18.254 13.2832 12.8509 11.9418 10.9666 10.1699 9.92968 9.72046 11.0423 9.57705 10.884 12.1043 9.91898 9.49903 9.3141 12.014 9.5292 9.04828 9.02298 10.4484 10.1191 8.86982 8.74071 8.73141 8.49384 8.02095 11.8316 8.01918 7.97355 7.883 7.83634 7.82212 7.70254 9.97412 7.40981 8.71008 7.39137 7.34436 9.22162
threshold=-1.0000000180025095e-35 4.5000000000000009 1.0000000180025095e-35 64105.500000000007 1.5000000000000002 9.5000000000000018 1.0000000180025095e-35 201484.50000000003 684837.00000000012 13.500000000000002 23.500000000000004 5.5000000000000009 441.50000000000006 127.50000000000001 19.500000000000004 1144.5000000000002 99.500000000000014 796.50000000000011 1.0000000180025095e-35 556.50000000000011 7.5000000000000009 476324.00000000006 43.500000000000007 37.500000000000007 42.500000000000007 10.500000000000002 31.500000000000004 1303.5000000000002 56076.500000000007 4436.5000000000009 21.500000000000004 1.5000000000000002 849.50000000000011 7.5000000000000009 4.5000000000000009 135.50000000000003 42.500000000000007 9.5000000000000018 1.0000000180025095e-35 25.500000000000004 3.5000000000000004 1258.5000000000002 26.500000000000004 663551.50000000012 31.500000000000004 151.50000000000003 1192.5000000000002
decision_type=2 2 2 2 2 2 2 2 2 2 2 2 2 2 2 2 2 2 2 2 2 2 2 2 2 2 2 2 2 2 2 2 2 2 2 2 2 2 2 2 2 2 2 2 2 2 2
left_child=1 4 11 14 17 6 40 26 9 -5 -11 13 15 -3 31 16 -12 18 -1 38 32 -22 23 25 -25 -15 28 -28 29 -8 44 -4 -19 34 -33 -27 42 45 -20 -32 -6 -42 -9 -44 -13 46 -10
right_child=-2 2 3 8 5 -7 7 36 37 10 12 30 -14 22 -16 -17 -18 20 19 -21 21 -23 -24 24 -26 35 27 -29 -30 -31 39 33 -34 -35 -36 -37 -38 -39 -40 -41 41 -43 43 -45 -46 -47 -48
leaf_value=0.032089601875824179 0.06585850590455343 -0.017733830964297044 0.053863206358500997 0.014517056032735271 -0.022302903894345156 -0.040720889335200024 0.0029716384244256721 -0.013871722495516426 0.0082522821992243919 -0.024473155294025179 -0.016102775820516915 -0.0056466967526185817 -0.0050862753882234372 0.0016092955074429743 -0.0081441820623053985 -0.0045970778957397243 0.01179433945806841 -0.044452083436480133 0.049303469771371171 -0.018427514974851428 0.0020725504988557929 -0.02306746091506209 -0.022783960552209392 0.030499935951293425 0.00089597468527332171 0.033961307553374606 0.012385604148151222 -0.033505200569322824 -0.014851260527391903 0.055007236450606359 -0.024083890377281911 0.018510523785730142 -0.010991517832357113 -0.00082193807564670128 0.044732891476923664 -0.013987602047260121 -0.02319066630997859 -0.036585116648922708 0.0017347589595661812 0.018501291025602794 -0.014748131323039338 0.01483827276554817 -0.0070059072868720474 0.025322513658185761 0.0030604413389532549 -0.0074674154293388308 -0.017091532040570064
leaf_weight=27.993218988180161 391.03828977048397 238.48188655078411 19.072470963001251 265.71462967991829 393.08440646529198 71.943372815847397 69.582368105649948 424.34172420203686 181.8400623947382 44.000692591071129 38.225778251886368 381.32894520461559 284.62506774067879 151.34113369882107 31.770972579717636 150.91729535162449 492.32677114009857 20.353996098041534 8.754529342055319 77.629993885755539 314.90612237155437 42.6647619754076 75.920498684048653 30.970845222473145 222.25650990009308 8.9306882768869382 257.33612088859081 13.031421124935148 100.1138991266489 9.2818507701158506 67.037279799580574 384.56360252201557 278.14062984287739 44.61539101600647 48.434779062867165 369.48892837762833 169.13295538723469 19.398326203227043 784.09519451856613 12.850190311670302 319.88945665955544 31.270541787147522 93.831238701939583 26.781810909509659 675.47264352440834 542.95899924635887 44.719404056668282
leaf_count=117 2139 1148 80 1104 2047 396 295 2108 787 189 164 1693 1230 693 130 648 2063 98 37 351 1349 197 362 141 1005 42 1089 55 449 39 322 1549 1279 183 195 1747 861 110 3456 58 1672 160 455 128 2944 2439 197
internal_value=-1.34544e-05 -0.00309409 0.000190559 0.00455783 -0.00758054 -0.0120008 -0.0109177 -0.00671004 0.000872904 0.00456982 0.00195311 -0.0048787 0.0031567 -0.00859916 0.0189552 0.00659948 0.00978438 -0.00195162 0.00140194 0.000415078 -0.00654428 -0.000927114 -0.00606285 -0.00444153 0.00451667 -0.00872359 0.00440901 0.0101737 -0.00429927 0.00909592 -0.00128688 0.0206886 -0.0132732 0.0193638 0.0214437 -0.012856 -0.0137068 -0.00510563 0.00226001 -0.0172339 -0.0174952 -0.0121135 -0.0107634 0.000172534 -8.13819e-05 -0.00431208 0.0032498
internal_weight=8752.46 8361.42 4827.26 2593.18 3534.16 1979.62 1907.68 1163.43 2064.73 1275.81 1010.1 2234.08 966.095 1097.39 528.457 681.47 530.553 1554.54 898.473 870.48 656.066 357.571 858.909 782.988 253.227 529.761 449.346 270.368 178.978 78.8642 1136.69 496.686 298.495 477.614 432.998 378.42 714.088 788.917 792.85 79.8875 744.244 351.16 544.955 120.613 1056.8 769.518 226.559
internal_count=40000 37861 21223 11068 16638 9754 9358 5479 8931 5398 4294 10155 4105 5138 2137 2875 2227 6884 3961 3844 2923 1546 3990 3628 1146 2482 1927 1144 783 334 5017 2007 1377 1927 1744 1789 3552 3533 3493 380 3879 1832 2691 583 4637 3423 984
is_linear=0
shrinkage=0.05


Tree=20
num_leaves=48
num_cat=0
split_feature=10 5 8 1 12 12 1 9 9 12 5 5 3 6 5 5 3 0 7 3 3 7 1 12 0 0 0 12 12 12 5 3 8 6 8 14 3 12 7 14 8 1 6 6 6 3 8
split_gain=664.18 46.1407 45.2944 37.4074 31.8407 43.1266 29.6662 16.4277 15.1228 14.5032 12.3905 16.6724 11.9488 11.4154 11.0432 10.3106 9.45283 9.12071 8.91791 8.73358 9.38913 9.36433 8.32465 8.2886 8.25223 28.4391 8.13474 8.12424 24.3468 10.3548 8.09532 7.92266 7.88446 12.4095 13.9282 7.88369 8.38316 7.83698 7.62097 7.59026 7.36942 10.3449 9.47953 10.4941 7.2967 10.6844 7.28516
threshold=-1.0000000180025095e-35 1.0000000180025095e-35 9.5000000000000018 4.5000000000000009 1.0000000180025095e-35 54058.000000000007 1.5000000000000002 5.5000000000000009 15.500000000000002 315993.00000000006 42.500000000000007 35.500000000000007 968.50000000000011 24.500000000000004 19.500000000000004 41.500000000000007 430.50000000000006 15.500000000000002 3869.5000000000005 601.50000000000011 168.50000000000003 3269.5000000000005 5.5000000000000009 511379.00000000006 349.50000000000006 109.50000000000001 50.500000000000007 130698.50000000001 1.0000000180025095e-35 203.50000000000003 13.500000000000002 998.50000000000011 1.5000000000000002 7.5000000000000009 4.5000000000000009 1.5000000000000002 717.50000000000011 516448.00000000006 2926.5000000000005 1.0000000180025095e-35 8.5000000000000018 2.5000000000000004 7.5000000000000009 4.5000000000000009 10.500000000000002 1141.5000000000002 5.5000000000000009
decision_type=2 2 2 2 2 2 2 2 2 2 2 2 2 2 2 2 2 2 2 2 2 2 2 2 2 2 2 2 2 2 2 2 2 2 2 2 2 2 2 2 2 2 2 2 2 2 2
left_child=1 12 3 6 22 17 27 -8 13 16 11 14 24 18 37 -4 -7 -6 40 20 -13 -22 -5 -23 25 -1 -14 28 -3 31 -31 -30 -11 34 -34 36 -35 39 -26 -10 42 -42 43 -9 -18 -46 -36
right_child=-2 2 15 4 5 9 7 8 10 32 -12 19 26 -15 -16 -17 44 -19 -20 -21 21 23 -24 -25 38 -27 -28 -29 29 30 -32 -33 33 35 46 -37 -38 -39 -40 -41 41 -43 -44 -45 45 -47 -48
leaf_value=0.037166493402872515 0.064847737844729567 -0.0024134989135248469 -0.029998220916074798 -0.0028339090800136302 0.041205258316781332 -0.0018824901888043852 0.020900734230902732 -0.01723416105745355 -0.0498499534439397 0.010380445089258734 -0.018430403395732094 -0.00017153718774203522 0.039354566349526082 0.018944852850674446 -0.029381667289475728 -0.0090290111552967459 0.0032144317649556563 0.016132012123496364 -0.023768020783634138 -0.00045505799196140015 0.01900017056690512 0.092551473229135317 -0.010171528618111048 0.016881863431454227 0.038463469293469325 -0.023516809085626509 0.00099240407808018414 -0.010327904226561211 0.032173085018126067 0.047129855929503486 0.0082717460889085125 0.10056430259631649 -0.020006730879746578 -0.03265979388493747 0.028872247535523074 0.0022896509548348985 -0.00066526910254990663 -0.019606169840100746 0.015179960163901518 0.014191563453754547 -0.040791926004693814 0.027804061053843167 -0.0094146072780082607 -0.042969337380434736 0.020855790860237006 -0.00039229084929706432 -0.0045692147836204162
leaf_weight=40.441885873675346 377.6168654859066 1090.0777992010117 193.23163865506649 1544.1088561266661 40.231593310832977 252.66544799506664 38.196550905704498 335.76840764284134 5.0660393685102454 105.74569654464722 142.05642576515675 39.744604110717773 15.044990524649618 23.494711831212044 67.389050662517548 84.151519551873207 231.54915076494217 368.33551214635372 293.4194850474596 167.78691820800304 40.892142117023468 9.7972114980220777 515.61701077222824 5.7386801689863196 81.764646872878075 36.944753021001816 169.58732327818871 236.07463598251343 11.81016229093075 16.459797784686089 72.17829430103302 6.6016144603490821 204.68663573265076 35.219282686710358 17.721680983901024 596.61287586390972 48.900755122303963 42.375189736485481 61.637119114398956 53.353406950831413 7.2967946678400066 22.274742722511292 426.3045079857111 44.91059897840023 216.43759752810001 81.419010311365128 200.99769949913025
leaf_count=165 2139 4809 1034 6970 163 1055 157 1737 22 457 680 177 62 115 325 414 961 1488 1522 772 182 41 2387 28 337 163 734 1085 50 68 302 27 927 156 77 2619 214 212 255 230 38 113 2182 237 885 337 890
internal_value=-1.17772e-05 -0.00294773 -0.00378817 -0.00306935 -0.000110072 0.00380314 -0.00719528 -0.011533 -0.0122501 0.000767981 -0.00561988 -0.00140874 0.0135051 -0.0155506 -0.0137123 -0.0236367 0.00607451 0.018601 -0.0162679 0.00643058 0.0184436 0.0315549 -0.00467076 0.0646005 0.0213547 0.00819599 0.00411839 -0.00185069 -0.000178976 0.0225749 0.0154876 0.056695 -0.00266216 -0.00391128 -0.0106325 0.000269193 -0.0140607 -0.00323617 0.0284557 0.00863799 -0.0136372 0.010878 -0.0145356 -0.0202703 0.00987208 0.0150476 -0.00185963
internal_weight=8719.74 8342.12 7936.7 7659.32 4460.25 2400.52 3199.07 1765.87 1727.67 1991.96 574.2 432.143 405.421 1153.47 168.184 277.383 782.071 408.567 1129.97 263.96 96.1726 56.428 2059.73 15.5359 220.788 77.3866 184.632 1433.2 1197.13 107.05 88.6381 18.4118 1209.88 1104.14 423.406 680.733 84.12 100.795 143.402 58.4194 836.555 29.5715 806.984 380.679 529.406 297.857 218.719
internal_count=40000 37861 36145 34697 19586 10229 15111 8770 8613 8578 2669 1989 1716 5944 789 1448 3238 1651 5829 1200 428 251 9357 69 920 328 796 6341 5256 447 370 77 5340 4883 1894 2989 370 464 592 252 4307 151 4156 1974 2183 1222 967
is_linear=0
shrinkage=0.05


Tree=21
num_leaves=48
num_cat=0
split_feature=10 6 6 8 5 5 6 6 3 1 0 1 12 5 5 0 1 0 3 12 12 6 5 3 0 5 3 3 9 6 0 5 0 12 0 12 8 0 6 3 3 6 5 3 6 5 3
split_gain=621.555 42.9839 58.6379 36.379 29.0073 45.4016 28.8725 31.3916 24.3624 21.9896 18.9696 14.7657 14.1162 12.7438 17.773 15.3986 12.5225 12.2085 12.7946 12.4282 14.5717 12.1479 11.3714 11.2518 17.2535 9.94229 9.91451 9.81698 9.65112 9.07447 9.7026 13.8549 14.465 8.75383 11.4129 9.9458 8.80973 9.4219 8.60517 8.3667 8.36415 8.23759 7.9865 7.97793 7.93521 9.66365 12.1405
threshold=-1.0000000180025095e-35 7.5000000000000009 4.5000000000000009 9.5000000000000018 9.5000000000000018 33.500000000000007 21.500000000000004 24.500000000000004 552.50000000000011 4.5000000000000009 38.500000000000007 1.5000000000000002 1194898.5000000002 42.500000000000007 41.500000000000007 493.50000000000006 2.5000000000000004 606.50000000000011 76.500000000000014 1.0000000180025095e-35 431854.50000000006 17.500000000000004 1.0000000180025095e-35 667.50000000000011 434.50000000000006 43.500000000000007 1333.5000000000002 18.500000000000004 27.500000000000004 12.500000000000002 309.50000000000006 36.500000000000007 246.50000000000003 1.0000000180025095e-35 610.50000000000011 1260.0000000000002 7.5000000000000009 511.50000000000006 17.500000000000004 1269.5000000000002 175.50000000000003 13.500000000000002 41.500000000000007 1086.5000000000002 10.500000000000002 25.500000000000004 298.50000000000006
decision_type=2 2 2 2 2 2 2 2 2 2 2 2 2 2 2 2 2 2 2 2 2 2 2 2 2 2 2 2 2 2 2 2 2 2 2 2 2 2 2 2 2 2 2 2 2 2 2
left_child=1 2 3 4 12 -6 9 -8 25 11 38 -3 33 14 28 39 21 18 -12 -20 -21 27 -18 -9 -25 40 29 -13 -10 30 31 -24 -33 -1 35 -35 -37 -38 41 -16 -7 -11 -5 -30 -32 -46 -47
right_child=-2 6 -4 42 5 8 7 23 13 10 17 16 -14 -15 15 -17 22 -19 19 20 -22 -23 26 24 -26 -27 -28 -29 43 -31 44 32 -34 34 -36 36 37 -39 -40 -41 -42 -43 -44 -45 45 46 -48
leaf_value=0.0029428984295284039 0.063915450742608126 0.0025226269389573975 -0.024667788554251918 -0.026948455558495385 -0.020024942276013383 -0.0021075429424121748 -0.021673366934651238 -0.010602442694449567 -0.0058692789569377967 0.016473102994829583 -0.013376629562592621 0.012757041382370464 -0.02073865536076323 -0.014370782537265809 0.050733411034203729 -0.0067538534012561609 0.023484821084286858 0.025402607719360655 -0.00072260106294210098 0.01216031170193869 0.00043765920693460554 0.012984504556446978 -0.0016349382377163675 0.041570117419581748 -0.019170920926636581 -0.016605728693899879 -0.05811218187803413 -0.022624452774077725 0.048437740143216855 -0.014611766239788358 0.021011001202790609 0.0095568177562021309 0.05827073579107403 0.03889667714161775 0.061740269405108288 0.014748484300349307 -0.025273780535156772 0.020985207396066859 0.039959598471960851 -0.01049138911262633 0.01036378523872224 -0.025347153408492303 -0.0086103507576935374 -0.0052429724742986397 -0.030232914275317192 -0.018152882492490207 0.0087632577786488745
leaf_weight=279.31112089753151 364.30601066350937 751.23939745128155 404.57686078548431 203.45332580804825 435.38965499401093 187.31686170399189 268.68314062058926 35.036344736814499 1004.5391270965338 197.07544399797916 117.34642226994038 21.473405495285988 42.605538323521614 349.06951162219048 34.235350772738457 29.256442874670029 37.946342632174492 60.748973444104195 902.79839697480202 628.36377674341202 458.54330176115036 32.475435227155685 132.95364184677601 43.224757581949234 16.025437280535698 48.507542327046394 8.5774501562118513 225.31055893003941 15.169177651405336 149.25709174573421 22.572697535157204 44.803090289235115 23.093804702162743 33.010415598750114 12.757846891880034 174.03381277620792 31.894970238208771 16.808206379413605 37.571008577942848 6.6666782647371283 476.2864515632391 12.523428440093992 83.839224368333817 12.729701101779936 46.84204176068306 82.861001089215279 84.73594819009304
leaf_count=1266 2139 3253 1899 1096 2095 857 1233 158 4649 812 512 99 197 1637 156 137 165 258 3977 2580 2031 162 648 195 74 228 43 1130 62 742 109 226 110 135 53 742 138 73 154 30 2156 52 414 52 239 414 413
internal_value=-1.01407e-05 -0.00280805 -0.00665188 -0.00455551 -0.00302056 -0.00529315 0.000550668 -0.0129628 -0.00232885 0.00175313 0.00480057 -0.00266926 0.00698386 -0.00604475 -0.00340883 0.0209432 -0.00694172 0.00330423 0.0026671 0.00361331 0.00721477 -0.0157628 -0.00305409 0.0118592 0.0251415 0.00524616 -0.00474464 -0.0195458 -0.00506365 -0.00396497 -0.000335728 0.00774953 0.0261259 0.00913993 0.0155864 0.013284 0.00948811 -0.0093091 0.0179242 0.0407543 0.00684347 0.0139744 -0.0215969 0.0239443 -0.00718741 -0.0101557 -0.00454425
internal_weight=8687.85 8323.54 3881.46 3476.88 3189.59 2599.17 4442.08 362.97 2163.78 4079.11 2414.97 1664.14 590.422 1451.67 1102.6 70.1585 912.903 2167.8 2107.05 1989.71 1086.91 279.259 633.643 94.2865 59.2502 712.111 595.697 246.784 1032.44 587.119 437.862 200.851 67.8969 547.816 268.505 255.747 222.737 48.7032 247.17 40.902 663.603 209.599 287.293 27.8989 237.012 214.439 167.597
internal_count=40000 37861 18072 16173 14663 12059 19789 1660 9964 18129 10376 7753 2604 6723 5086 323 4500 9358 9100 8588 4611 1391 3109 427 269 3241 2944 1229 4763 2901 2159 984 336 2407 1141 1088 953 211 1018 186 3013 864 1510 114 1175 1066 827
is_linear=0
shrinkage=0.05


Tree=22
num_leaves=48
num_cat=0
split_feature=10 5 8 1 12 12 1 12 12 12 4 1 12 3 5 2 0 12 4 1 1 0 3 2 7 3 7 12 12 5 6 0 3 0 12 6 9 14 3 6 3 7 0 12 8 8 8
split_gain=582.212 40.0171 38.1657 31.7721 26.8278 37.6217 25.7954 15.2177 26.7913 12.2461 10.7212 14.1336 13.5016 10.5491 9.02804 9.02427 8.00859 7.77439 7.62078 7.5971 7.49815 7.27395 7.24675 7.20649 7.53809 8.64501 7.19045 8.23151 7.07936 7.24222 7.87781 7.03157 6.91692 6.63023 6.60477 6.93299 6.57884 7.1465 7.91546 6.57614 6.47155 6.48605 6.44904 7.43703 6.38188 13.386 16.8122
threshold=-1.0000000180025095e-35 1.0000000180025095e-35 9.5000000000000018 4.5000000000000009 1.0000000180025095e-35 54058.000000000007 1.5000000000000002 1.0000000180025095e-35 77580.500000000015 684837.00000000012 8.5000000000000018 2.5000000000000004 327657.50000000006 968.50000000000011 41.500000000000007 33.500000000000007 15.500000000000002 1697431.0000000002 3.5000000000000004 5.5000000000000009 4.5000000000000009 50.500000000000007 1277.5000000000002 24.500000000000004 3269.5000000000005 182.50000000000003 4436.5000000000009 72686.500000000015 254395.00000000003 40.500000000000007 7.5000000000000009 557.50000000000011 35.500000000000007 116.50000000000001 1031.5000000000002 11.500000000000002 16.500000000000004 2.5000000000000004 352.50000000000006 1.5000000000000002 1335.5000000000002 2614.5000000000005 31.500000000000004 201484.50000000003 8.5000000000000018 6.5000000000000009 4.5000000000000009
decision_type=2 2 2 2 2 2 2 2 2 2 2 2 2 2 2 2 2 2 2 2 2 2 2 2 2 2 2 2 2 2 2 2 2 2 2 2 2 2 2 2 2 2 2 2 2 2 2
left_child=1 13 3 6 19 16 17 -8 18 15 11 -10 28 20 -4 23 -6 -3 -9 40 -1 -15 26 24 25 -7 27 36 42 -30 -31 -27 -21 34 35 -18 -20 38 -38 -34 44 -42 -12 -44 45 46 -5
right_child=-2 2 14 4 5 9 7 8 10 -11 12 -13 -14 21 -16 -17 33 -19 22 32 -22 -23 -24 -25 -26 31 -28 -29 29 30 -32 -33 39 -35 -36 -37 37 -39 -40 -41 41 -43 43 -45 -46 -47 -48
leaf_value=0.009338305990584014 0.063053862751186643 -0.0011037641963186895 -0.027966105016165744 -0.0021779428210625582 0.03860405547615469 -0.014589935611944368 -0.016511254058836959 -0.026269803456608551 -0.036376308368572328 -0.0044173120081738067 0.032937545857777611 -0.0091242374722340161 -0.012539556539584449 0.037070967213820388 -0.0082099050847514992 0.0064783616283954869 -0.015812290949113822 -0.026906618678077684 0.021513595917874689 -0.046158807156789439 0.027967309324576639 0.00086301435369339093 -0.026549745718559854 -0.028804376771927816 -0.010472781223465953 0.0074682732609416035 0.039569125684297074 0.056231115507920086 0.0050161271863495482 0.0029704039012179093 0.083646181578998072 0.053178208755934833 0.035125292122831046 0.017455864204957969 -0.019711748102850854 0.048759719424031983 0.027989304706583354 0.006322079661126568 -0.045001884824362383 -0.0093745005744323446 -0.04478201558764508 0.0033153003302486828 0.0018104643195620846 -0.025759505916002307 0.015052271421459491 -0.015367133885915261 0.02439069052260379
leaf_weight=94.199939519166946 351.15308944880962 1400.5100002884865 187.87116028368473 1213.7356906980276 39.964055091142654 45.933527946472168 684.43381550908089 14.550663828849791 86.319367229938507 740.49548682570457 12.836505383253096 106.00140804052353 463.69486658275127 15.106892257928846 83.539973750710487 874.89146156609058 7.3667058348655727 29.813913494348526 53.783092215657234 12.582223623991011 126.62023310363293 169.52652578055859 11.971867799758909 24.860939756035805 130.33957755565643 165.05722190439701 23.316301286220551 9.0832309275865537 18.849108934402469 4.8227807730436316 8.1216618418693525 8.8652780055999738 8.4447745531797391 325.67058008909225 25.386968895792961 9.5404703915119153 4.9363273829221752 85.143149152398109 15.003547146916388 491.86643081903458 17.742370024323467 11.586936473846434 115.64837636053562 31.022026747465134 52.547280758619308 182.05751802027225 62.614097312092781
leaf_count=406 2139 6196 1034 5453 163 196 3661 67 455 3317 56 509 2350 62 414 3657 30 145 221 62 514 734 50 106 559 705 97 39 94 24 40 38 37 1317 102 39 21 362 64 2288 83 53 505 155 240 850 291
internal_value=-8.94161e-06 -0.00267432 -0.00346031 -0.00280503 -7.83204e-05 0.00351306 -0.0066222 -0.0106941 -0.00695594 0.000678093 -0.0109763 -0.0213558 -0.00792867 0.0126457 -0.0218852 0.00369672 0.017346 -0.0016416 0.0086855 -0.00427351 0.0200203 0.00382559 0.0111881 -0.002792 -0.000945338 0.00470292 0.0135502 0.00993803 0.00324771 0.0247919 0.0535884 0.00979823 -0.0095442 0.0150372 -0.00358715 0.0206247 0.00729121 1.19738e-05 -0.0269321 -0.00862339 -0.00251844 -0.0257805 -0.00104655 -0.00402082 -0.0020669 -0.00268371 -0.000874561
internal_weight=8659.43 8308.28 7902.82 7631.41 4451.55 2398.37 3179.86 1749.54 1065.1 1990.44 847.316 192.321 654.995 405.454 271.411 1249.95 407.929 1430.32 217.788 2053.18 220.82 184.633 203.238 375.057 350.196 219.856 191.266 167.949 191.3 31.7936 12.9444 173.922 512.893 367.965 42.2941 16.9072 158.866 105.083 19.9399 500.311 1540.28 29.3293 159.507 146.67 1510.95 1458.41 1276.35
internal_count=40000 37861 36145 34697 19586 10229 15111 8770 5109 8578 4188 964 3224 1716 1448 5261 1651 6341 921 9357 920 796 854 1604 1498 939 804 707 874 158 64 743 2387 1488 171 69 668 447 85 2325 6970 136 716 660 6834 6594 5744
is_linear=0
shrinkage=0.05


Tree=23
num_leaves=48
num_cat=0
split_feature=10 6 6 8 6 6 5 5 3 0 6 5 1 3 12 5 5 0 3 0 12 4 4 0 9 12 12 12 5 6 9 3 12 0 12 12 1 12 1 0 2 7 6 3 12 5 5
split_gain=545.837 37.8244 53.9474 30.4748 26.0067 28.8119 25.2133 40.9497 22.0545 19.1423 17.4051 14.7504 12.5724 13.437 12.4872 11.4651 16.1778 13.6328 10.1375 15.3157 10.0506 10.55 10.0072 9.27483 10.995 9.1366 13.9465 9.02589 8.93127 8.61551 8.49857 12.3698 9.0865 7.77784 7.69454 13.7497 8.90877 8.7537 8.38834 8.15326 8.85042 7.97158 8.21465 10.3297 7.64149 10.1525 9.06658
threshold=-1.0000000180025095e-35 7.5000000000000009 4.5000000000000009 9.5000000000000018 21.500000000000004 24.500000000000004 9.5000000000000018 33.500000000000007 552.50000000000011 39.500000000000007 17.500000000000004 1.0000000180025095e-35 4.5000000000000009 76.500000000000014 1194898.5000000002 42.500000000000007 41.500000000000007 493.50000000000006 667.50000000000011 434.50000000000006 772795.00000000012 10.500000000000002 7.5000000000000009 552.50000000000011 11.500000000000002 1.0000000180025095e-35 71022.500000000015 1716148.5000000002 43.500000000000007 8.5000000000000018 15.500000000000002 588.50000000000011 120751.50000000001 598.50000000000011 1.0000000180025095e-35 4.5000000000000009 1.5000000000000002 77580.500000000015 3.5000000000000004 436.50000000000006 22.500000000000004 248.50000000000003 11.500000000000002 557.50000000000011 894798.50000000012 37.500000000000007 37.500000000000007
decision_type=2 2 2 2 2 2 2 2 2 2 2 2 2 2 2 2 2 2 2 2 2 2 2 2 2 2 2 2 2 2 2 2 2 2 2 2 2 2 2 2 2 2 2 2 2 2 2
left_child=1 2 3 6 9 -6 14 -8 28 10 27 23 20 -14 -1 16 30 -18 -7 -20 21 34 -22 24 -11 -15 -27 -3 44 -26 31 -10 -32 -33 36 -36 -13 41 -38 40 -40 -37 43 -43 45 -9 -46
right_child=-2 4 -4 -5 5 18 7 8 15 11 -12 12 13 25 -16 -17 17 -19 19 -21 22 -23 -24 -25 29 26 -28 -29 -30 -31 32 33 -34 -35 35 37 38 -39 39 -41 -42 42 -44 -45 46 -47 -48
leaf_value=0.008586128176946959 0.062256182588663195 0.0096343146181314641 -0.023545901119072489 -0.019925779697228238 -0.020675019524117762 -0.00993736349544635 -0.018961690767825484 -0.00025974432621387754 -0.028399973903195781 0.031432658554374139 0.037846342321659267 -0.00053532415724375545 -0.01515729180518419 -0.00045127908531399747 -0.019644548425236913 -0.013553535006272464 0.038541019167156992 -0.0061474714239158979 0.039311138350633455 -0.018048871651091213 -0.054836918918347813 -0.038420959179008798 -0.01125148563700319 0.031167128142955282 0.061924872236134944 0.01722387865103325 0.0034144825836664259 -0.033008242637689339 -0.015681584183146854 -0.0037435420790495541 0.014388684398911248 -0.0059783922073703213 -0.0041943852166134669 0.056884940617741159 0.075203630555667866 -0.053795519369116723 -0.020155352788583419 -0.0018612763421642566 0.037663418842975839 -0.017135374349622045 -0.0017025917939412398 -0.0052531408291616351 0.00763101236869837 0.053060387947632064 0.011280654823566027 0.013570696310070846 -0.021925260379226621
leaf_weight=547.89463877677917 338.19797569513321 309.61578311026096 400.19326288998127 281.41355521976948 266.32909762859344 34.855941861867905 430.69064033031464 205.44591066241264 64.686267852783203 35.34769144654274 57.225949317216873 495.51710925996304 103.46973603963852 876.5560459792614 42.187005564570427 346.49570620059967 41.28804212808609 29.090186953544617 43.647248730063438 15.868321791291235 14.289817273616789 19.685306236147881 167.97945174574852 55.667345136404037 5.2443771064281455 233.98661749064922 836.32575219869614 12.927308365702627 48.076837599277496 104.90462246537209 104.42009219527245 676.70042209327221 177.77110569179058 4.9564839750528327 6.6062079519033423 4.2611732780933371 143.16628859937191 323.8182071596384 18.651190474629402 57.901960462331772 60.890453532338142 10.794003143906592 90.046183153986931 25.619282826781273 36.362234398722649 374.69470454752445 47.292627841234207
leaf_count=2407 2139 1327 1899 1510 1233 158 2095 935 311 147 244 2138 458 3880 197 1637 186 137 195 74 80 97 847 229 22 946 3601 58 228 445 428 3200 801 23 27 19 774 1523 99 312 326 45 379 106 172 1678 228
internal_value=-7.42377e-06 -0.00254726 -0.00616588 -0.00415534 0.000604623 -0.0122631 -0.00275889 -0.00488546 -0.00207521 0.00174488 0.0124339 0.000644995 -0.000113941 0.00240052 0.00656782 -0.0056231 -0.00312258 0.0200694 0.0114764 0.0240175 -0.00369607 -0.00210497 -0.0146686 0.0138102 0.00716933 0.00333366 0.00643343 0.00792523 0.00512855 -0.00061696 -0.00470951 -0.00750421 0.00268197 -0.0055213 -0.00152718 0.00358819 -0.00456653 0.00254734 -0.0116851 -0.00286209 0.00752808 0.0134682 0.0157348 0.0357745 0.00663577 0.00867291 -0.00749165
internal_weight=8629.06 8290.86 3859.66 3459.47 4431.2 360.701 3178.05 2587.97 2157.28 4070.5 379.769 3690.73 3489.56 2050.34 590.082 1445.41 1098.91 70.3782 94.3715 59.5156 1439.23 1256.96 182.269 201.164 145.497 1946.87 1070.31 322.543 711.872 110.149 1028.53 746.343 282.191 681.657 1237.27 461.145 776.127 454.539 280.61 137.444 79.5416 130.721 126.459 36.4133 663.795 580.141 83.6549
internal_count=40000 37861 18072 16173 19789 1660 14663 12059 9964 18129 1629 16500 15657 8885 2604 6723 5086 323 427 269 6772 5845 927 843 614 8427 4547 1385 3241 467 4763 3534 1229 3223 5748 2099 3649 2072 1511 737 425 549 530 151 3013 2613 400
is_linear=0
shrinkage=0.05


Tree=24
num_leaves=48
num_cat=0
split_feature=10 6 6 8 6 6 5 5 3 0 6 5 1 3 12 8 8 2 9 9 3 3 7 1 3 0 3 9 6 5 12 9 8 0 5 5 12 0 12 8 8 7 0 5 3 3 7
split_gain=512.155 34.2671 49.3078 27.8699 23.5709 26.1873 22.7842 37.3448 19.933 17.2343 15.5794 13.2993 11.3702 12.1651 11.2975 11.1845 14.2663 12.3247 12.2163 10.2028 10.4543 15.4031 9.74245 9.25262 9.08289 13.644 8.37277 8.36864 8.34149 8.076 8.03435 7.87663 7.85852 7.58506 7.55811 9.96103 7.49651 10.0258 9.04524 8.29655 9.31432 9.70781 7.90402 7.26816 8.15373 8.58294 7.60186
threshold=-1.0000000180025095e-35 7.5000000000000009 4.5000000000000009 9.5000000000000018 21.500000000000004 24.500000000000004 9.5000000000000018 33.500000000000007 552.50000000000011 39.500000000000007 17.500000000000004 1.0000000180025095e-35 4.5000000000000009 76.500000000000014 1194898.5000000002 8.5000000000000018 7.5000000000000009 41.500000000000007 15.500000000000002 5.5000000000000009 588.50000000000011 640.50000000000011 922.50000000000011 1.5000000000000002 667.50000000000011 434.50000000000006 1137.5000000000002 2.5000000000000004 13.500000000000002 43.500000000000007 951615.00000000012 26.500000000000004 5.5000000000000009 595.50000000000011 1.0000000180025095e-35 41.500000000000007 1.0000000180025095e-35 610.50000000000011 240.50000000000003 7.5000000000000009 4.5000000000000009 3429.5000000000005 511.50000000000006 12.500000000000002 1211.5000000000002 795.50000000000011 1534.5000000000002
decision_type=2 2 2 2 2 2 2 2 2 2 2 2 2 2 2 2 2 2 2 2 2 2 2 2 2 2 2 2 2 2 2 2 2 2 2 2 2 2 2 2 2 2 2 2 2 2 2
left_child=1 2 3 6 9 -6 14 -8 29 10 28 26 23 -14 36 16 18 -18 19 -10 -21 -22 32 -13 -7 -26 -11 -15 43 -9 -19 -25 -20 -23 -4 -36 -1 38 -38 40 -40 -42 -41 46 45 -45 -3
right_child=-2 4 34 -5 5 24 7 8 15 11 -12 12 13 27 -16 -17 17 30 22 20 21 33 -24 31 25 -27 -28 -29 -30 -31 -32 -33 -34 -35 35 -37 37 -39 39 42 41 -43 -44 44 -46 -47 -48
leaf_value=0.0024127054165622563 0.061516425462438955 0.076084081327879069 0.029726001619794121 -0.01911735770232827 -0.019782144816147946 -0.009471949091525194 -0.018153891141544302 0.0062916937591643895 0.026306316543200644 0.018077928350418545 0.035762771510271317 0.00080917790564821203 -0.014464407001289148 0.034991670208521362 -0.018798762738006493 0.0095140992742627113 -0.043116304645034943 -0.017061826792515715 -0.023760455212357239 -0.025564418582116985 0.03254511683887281 -0.0085387567521827933 0.008714269873813631 -0.0092052857790809045 0.036928812367790505 -0.017258873639427179 -0.0078081428645919992 0.0028286137066488729 -0.022237546378899183 -0.014986362322936278 0.020150474284675129 0.0057383472478909191 0.019128676131298265 0.040978761718646228 -0.033706908888605912 -0.017235692930342286 0.046294056532785045 0.057291283479877698 0.0059267233055044083 -0.022779011159898735 0.016092348511779816 0.0568128876158846 0.01799494864894886 -0.0039080283263993815 -0.04004708796614162 0.015215475276907276 0.018856269607354776
leaf_weight=279.96310380101204 325.47397729754448 7.484542950987815 6.7902551144361487 278.71826785802841 264.48060755431652 34.743147060275078 427.44700469076633 664.96954198181629 21.542319267988205 162.67582310736179 57.523947969079018 663.52145093679428 103.01674026250839 20.439135745167732 41.888586908578873 116.24810615181923 43.295318320393562 114.53860107064247 46.192631170153618 81.422092273831367 24.19353948533535 720.77864451706409 235.30003513395786 670.90470419824123 44.126966208219528 15.767563700675963 38.661462411284447 1926.9076341092587 21.950199693441391 47.799031987786293 16.608237355947495 101.52315421402454 13.892505764961241 7.8174695223569861 147.87338738143444 242.01637516915798 17.830574870109558 12.797053158283232 119.47480736672878 33.482953995466232 45.414067700505257 21.596780970692635 18.426638141274452 89.929229408502579 8.9219690859317762 168.81489264965057 25.827263668179512
leaf_count=1266 2139 31 28 1510 1233 158 2095 3013 88 673 244 2879 458 83 197 535 203 534 204 394 113 3443 1034 3406 195 74 170 8344 96 228 78 487 61 36 728 1143 74 53 508 145 192 90 79 406 39 705 108
internal_value=-6.33899e-06 -0.00242601 -0.00587697 -0.0039583 0.00057371 -0.0117055 -0.00262669 -0.00465355 -0.00197523 0.00165768 0.0117897 0.000612363 -0.000109223 0.00228038 0.00623041 -0.00535659 -0.00666069 -0.0199855 -0.00464147 -0.00766766 -0.00854499 -0.00670416 0.00412565 -0.00352129 0.0108661 0.0226636 0.0131072 0.00316619 0.00751931 0.00486476 -0.0123493 -0.00724119 -0.0138439 -0.00800746 -0.0225719 -0.0234827 0.00814018 0.0141006 0.0119434 0.00937421 0.0142954 0.0292161 -0.00830525 0.00968946 0.00694841 0.0085689 0.0317143
internal_weight=8601.01 8275.54 3848.32 3451.64 4427.22 359.118 3172.92 2582.05 2154.6 4068.1 380.452 3687.65 3486.31 2050.36 590.875 1441.83 1325.58 174.442 1151.14 855.754 834.212 752.79 295.385 1435.95 94.6377 59.8945 201.337 1947.35 322.928 712.769 131.147 772.428 60.0851 728.596 396.68 389.89 548.986 269.023 256.226 238.395 186.486 67.0108 51.9096 300.978 267.666 258.744 33.3118
internal_count=40000 37861 18072 16173 19789 1660 14663 12059 9964 18129 1629 16500 15657 8885 2604 6723 6188 815 5373 4074 3986 3592 1299 6772 427 269 843 8427 1385 3241 612 3893 265 3479 1899 1871 2407 1141 1088 1014 790 282 224 1289 1150 1111 139
is_linear=0
shrinkage=0.05


Tree=25
num_leaves=48
num_cat=0
split_feature=10 1 12 12 1 8 1 12 12 12 5 5 5 12 4 3 9 7 3 14 5 0 6 0 0 3 8 8 0 0 0 7 8 6 8 8 8 2 2 0 0 5 6 7 7 6 12
split_gain=480.913 31.815 26.8968 37.5534 25.2528 19.8207 16.4404 14.6698 21.0427 14.1546 9.69772 14.3984 11.8154 8.90025 8.66269 12.0557 9.28278 8.51064 8.40728 10.1634 9.69129 9.76129 12.2397 8.18965 8.6168 8.19016 7.72901 15.4926 7.73396 7.56649 7.39445 7.34977 7.1131 12.8541 11.6232 8.72144 7.41776 7.0528 7.04473 8.99219 13.4312 8.29485 11.9479 6.99132 7.99039 6.95655 6.82817
threshold=-1.0000000180025095e-35 4.5000000000000009 1.0000000180025095e-35 220929.50000000003 1.5000000000000002 9.5000000000000018 2.5000000000000004 1.0000000180025095e-35 211001.00000000003 337.50000000000006 42.500000000000007 40.500000000000007 37.500000000000007 130698.50000000001 8.5000000000000018 13.500000000000002 8.5000000000000018 871.50000000000011 796.50000000000011 5.5000000000000009 1.0000000180025095e-35 133.50000000000003 10.500000000000002 381.50000000000006 373.50000000000006 43.500000000000007 4.5000000000000009 6.5000000000000009 561.50000000000011 497.50000000000006 509.50000000000006 4610.5000000000009 1.5000000000000002 7.5000000000000009 4.5000000000000009 5.5000000000000009 3.5000000000000004 11.500000000000002 26.500000000000004 364.50000000000006 366.50000000000006 37.500000000000007 1.5000000000000002 3695.5000000000005 446.50000000000006 23.500000000000004 476324.00000000006
decision_type=2 2 2 2 2 2 2 2 2 2 2 2 2 2 2 2 2 2 2 2 2 2 2 2 2 2 2 2 2 2 2 2 2 2 2 2 2 2 2 2 2 2 2 2 2 2 2
left_child=1 4 23 9 18 6 14 -8 17 -4 11 12 -11 -14 15 -6 -17 -9 19 20 -1 22 31 24 38 -25 28 -28 -23 37 -31 -22 -5 34 36 -36 -34 -27 41 -40 -41 42 -3 44 -24 -35 -20
right_child=-2 2 3 32 5 -7 7 8 -10 10 -12 -13 13 -15 -16 16 -18 -19 46 -21 21 26 43 25 -26 29 27 -29 -30 30 -32 -33 33 45 35 -37 -38 -39 39 40 -42 -43 -44 -45 -46 -47 -48
leaf_value=0.039721851913803702 0.060829324974603666 0.044468740019884705 0.025135772537987874 0.010099445468865991 0.020305414170101524 -0.036575078250675928 -0.012025363778207879 -0.010212168770445378 -0.0081771184289945922 0.010881269060824178 6.9997173883618537e-05 0.042799627500678616 -0.054291596356237086 0.02193700709262493 -0.011605971134395907 -0.051265450252556626 -0.022497835339080782 0.012353666550797986 -0.0037196069567810466 -0.0053031862703996945 0.0058854821438567894 -0.00034250816544459156 -0.007654412482363919 0.033340961717795117 -0.027175590521026961 -0.04380511702416312 0.054086666410100563 0.0040801478123958772 -0.028039163049160699 -0.031767946879399947 -0.0042533969267982731 -0.061057067124751063 -0.0068058146186007959 0.0026735428265657014 0.027324771583607112 -0.0045918845773130984 -0.024865727155379425 0.0038113747382910535 -0.0038713851732201363 0.07826806427101185 -0.005580538089051062 0.0016707983366310939 -0.017812458194080016 0.0011447474307211261 0.049753673984209192 -0.01545306702103341 -0.020137743929139168
leaf_weight=20.405781432986259 313.00853741168976 7.9395265430212012 146.2291100025177 120.48041562736034 13.707521826028822 66.592019081115723 539.7924483269453 49.732569202780724 448.37622363865376 678.55303843319416 254.98870451748371 34.761108130216599 12.214658275246622 5.5777640789747229 376.33643440902233 35.317238688468933 136.13071231544018 261.39449039101601 578.2944498360157 312.99441321194172 55.256553322076797 302.02877765893936 7.0893938094377509 17.903867721557617 47.659423470497131 7.8950679302215567 18.741779148578644 89.230565994977951 27.499973803758621 26.193761929869652 360.31553365290165 4.4288761764764777 100.27424627542496 746.53065079450607 23.241897389292717 270.65942604839802 131.31241925060749 518.02356484532356 858.70174057781696 8.3795883506536502 11.105776458978651 89.621709182858467 255.7230090200901 13.814743623137472 41.794259145855904 56.969031825661659 71.115941971540451
leaf_count=84 2139 36 606 519 62 396 2912 217 2268 2769 1054 142 50 23 1904 190 706 1099 2581 1390 257 1325 31 76 231 36 82 405 127 121 1644 21 446 3239 100 1250 614 2341 3968 37 50 411 1204 60 179 256 342
internal_value=-5.15319e-06 -0.00231007 0.000330544 0.00379614 -0.00595607 -0.0097721 -0.0088129 -0.00572335 -0.0012444 0.0106188 0.00846605 0.0113944 0.00982662 -0.0303946 -0.0159621 -0.0248162 -0.0284238 0.0087466 -0.00118848 0.00195871 0.00587559 0.00464202 0.0171245 -0.00371906 -0.00631516 -0.000149643 0.00115024 0.0127603 -0.00265386 -0.000806803 -0.00611806 0.000918101 -0.00153371 -0.00258832 -0.00866886 -0.0020679 -0.017046 0.00309656 -0.00550784 -0.00310923 0.0304782 -0.0114702 -0.015937 0.0325521 0.041428 0.00138835 -0.00551753
internal_weight=8574.34 8261.33 4791.26 2581.79 3470.08 1927.38 1860.79 1299.3 759.503 1132.32 986.095 731.107 696.345 17.7924 561.492 185.155 171.448 311.127 1542.7 893.285 580.291 559.885 122.384 2209.46 1279.13 930.332 437.501 107.972 329.529 912.428 386.509 59.6854 1449.47 1328.99 525.488 293.901 231.587 525.919 1231.47 878.187 19.4854 353.284 263.663 62.6984 48.8837 803.5 649.41
internal_count=40000 37861 21223 11068 16638 9754 9358 6496 3584 4644 4038 2984 2842 73 2862 958 896 1316 6884 3961 2571 2487 548 10155 5937 4218 1939 487 1452 4142 1765 278 6424 5905 2410 1350 1060 2377 5706 4055 87 1651 1240 270 210 3495 2923
is_linear=0
shrinkage=0.05


Tree=26
num_leaves=48
num_cat=0
split_feature=10 5 6 6 8 8 8 8 8 8 6 6 6 0 7 7 9 4 12 1 3 7 0 5 1 12 12 8 2 0 0 3 3 5 7 7 1 5 5 14 1 9 14 3 3 8 1
split_gain=451.901 30.3679 29.5359 44.7589 24.98 17.5397 36.7545 26.5255 60.4171 40.3277 17.1538 26.1125 14.8061 14.3372 13.6981 13.5388 13.3172 12.1049 11.8705 9.92528 9.47208 9.21233 10.5629 9.14864 8.83861 9.35713 12.6299 8.81542 8.72641 12.5257 9.88498 8.71174 9.26382 8.62541 8.58112 8.57097 8.43823 7.93646 11.0201 9.2731 7.92248 7.52494 7.38704 7.36289 7.29292 7.20994 7.04848
threshold=-1.0000000180025095e-35 1.0000000180025095e-35 7.5000000000000009 4.5000000000000009 9.5000000000000018 8.5000000000000018 7.5000000000000009 4.5000000000000009 6.5000000000000009 3.5000000000000004 21.500000000000004 24.500000000000004 1.5000000000000002 10.500000000000002 335.50000000000006 4737.5000000000009 27.500000000000004 8.5000000000000018 1819251.5000000002 4.5000000000000009 68.500000000000014 4637.5000000000009 92.500000000000014 41.500000000000007 5.5000000000000009 869789.50000000012 655194.50000000012 1.0000000180025095e-35 19.500000000000004 552.50000000000011 109.50000000000001 795.50000000000011 854.50000000000011 41.500000000000007 2338.5000000000005 989.50000000000011 2.5000000000000004 10.500000000000002 22.500000000000004 5.5000000000000009 1.5000000000000002 2.5000000000000004 5.5000000000000009 152.50000000000003 1333.5000000000002 1.5000000000000002 2.5000000000000004
decision_type=2 2 2 2 2 2 2 2 2 2 2 2 2 2 2 2 2 2 2 2 2 2 2 2 2 2 2 2 2 2 2 2 2 2 2 2 2 2 2 2 2 2 2 2 2 2 2
left_child=1 28 3 4 5 6 7 9 17 24 13 -12 15 31 -8 42 37 -9 21 40 -21 -19 -23 -5 25 26 45 36 -1 30 -30 -4 -33 -6 -28 -32 -27 39 -39 -10 -15 -22 -11 -26 46 -3 -42
right_child=-2 2 10 23 33 -7 14 8 16 12 11 -13 -14 19 -16 -17 -18 18 -20 20 41 22 -24 -25 43 27 34 -29 29 -31 35 32 -34 -35 -36 -37 -38 38 -40 -41 44 -43 -44 -45 -46 -47 -48
leaf_value=0.026951189663415667 0.060190219680261836 0.0047295846788998896 -0.0047198361190607767 -0.032199101375235906 -0.025188386665071172 0.010078749765837784 0.010508157048790684 -0.012047700446681983 0.020134970174756434 -0.021813150091401355 -0.01944131191383355 0.011769614703105599 -0.024940741813902857 0.00090856785605627078 -0.021822240346030333 0.028010952672759989 0.053393955097675777 0.030120416811766661 -0.026653492997394293 -0.013056300590626605 0.033161481917966425 -0.057769186263335839 0.014835777447544713 -0.016297161407271346 0.036153997121673741 -0.043073773787083193 0.0005103388735948225 -0.017898496849783067 0.02019248468367358 0.026439454838929413 -0.0233483720078312 0.022664994786656727 -0.0092860244601915606 -0.0055865324586979867 0.043930611998330975 0.0024920688573381897 0.021441280213617825 -0.048529746085091634 -0.0089729929903704774 -0.021108980221229506 -0.013347538289155603 0.002747058486517311 0.012547727164870948 -0.020096396779797791 -0.045915337891947162 -0.0040008016224913354 -0.0028152252309791305
leaf_weight=71.863829404115677 300.82399941980839 517.52470861375332 54.550128862261772 145.18343499302864 180.32186172902584 236.71151149272919 36.284291326999664 24.731531158089638 45.945210710167885 62.702570796012878 243.47910618782043 92.466016262769699 294.85946619510651 689.23210524022579 337.56776860356331 26.103902965784073 9.0024040639400464 250.51466040313244 11.034322574734686 95.520547270774841 20.544498607516289 5.6152809858322135 46.43034340441227 239.9058813303709 6.2586066126823416 6.1105917096137992 18.61317951977253 117.34718905389309 61.859350144863129 70.592889621853828 40.094516634941101 156.77135941386223 26.524451345205307 81.479709357023239 29.276708498597145 160.73932200670242 29.716529816389084 18.609256863594055 326.91109694540501 19.375626355409622 223.07212583720684 2012.2688284963369 20.840432226657867 82.543380707502365 11.525532379746435 435.48128105700016 551.76017682254314
leaf_count=298 2139 2377 253 728 1034 1087 168 126 204 305 1151 418 1384 2991 1588 117 37 1137 53 426 84 27 216 1143 30 32 86 566 253 290 179 645 120 414 133 696 135 93 1540 88 1156 8699 100 396 61 2022 2775
internal_value=-3.98556e-06 -0.00219998 -0.00288972 -0.00616704 -0.00427263 -0.00298666 -0.0040994 -0.0018327 0.00590671 -0.0053946 -1.61889e-05 -0.0108508 -0.0191074 0.000931246 -0.0186844 -0.00342048 -0.00676369 0.02163 0.0242859 0.000146558 0.00233138 0.0261437 0.00700232 -0.0222924 -0.000931624 0.000237994 0.00199925 -0.0112707 0.0111484 0.00774099 0.00271619 0.0128211 0.0180414 -0.0190878 0.0270546 -0.00266672 0.0104377 -0.00808188 -0.0111035 0.00790109 -0.00300475 0.00305444 -0.0132416 -0.016132 -0.00643472 0.000740187 -0.00584745
internal_weight=8546.69 8245.87 7840.72 3663 3277.91 3016.11 2779.4 2405.55 758.17 1647.38 4177.71 335.945 404.506 3841.77 373.852 109.647 419.844 338.326 313.595 3603.92 2128.33 302.56 52.0456 385.089 1242.87 1154.07 1000.9 153.174 405.15 333.286 262.693 237.846 183.296 261.802 47.8899 200.834 35.8271 410.841 345.52 65.3208 1475.59 2032.81 83.543 88.802 786.358 953.006 774.832
internal_count=40000 37861 36145 17366 15495 14047 12960 11204 3521 7683 18779 1569 1906 17210 1756 522 1962 1559 1433 16192 9209 1380 243 1871 5777 5351 4618 733 1716 1418 1128 1018 765 1448 219 875 167 1925 1633 292 6983 8783 405 426 3992 4399 3931
is_linear=0
shrinkage=0.05


Tree=27
num_leaves=48
num_cat=0
split_feature=10 5 6 6 8 9 6 6 8 8 8 8 8 7 0 6 3 4 3 1 4 12 6 6 6 0 2 9 4 5 5 5 3 5 5 12 12 9 4 2 0 5 0 0 7 0 12
split_gain=424.927 27.4286 26.7893 40.9407 22.8683 16.8189 15.5471 23.7293 15.5204 29.6017 19.9539 51.6647 36.212 13.5541 13.0524 12.8269 11.72 11.4108 11.1861 10.776 10.3981 10.1452 9.55644 22.1398 38.4284 12.3745 13.9352 12.2901 9.5312 8.54352 8.35522 11.732 8.34968 9.54324 33.2555 10.1543 14.8587 9.3465 8.3404 8.01414 10.3272 8.00671 7.97237 8.22104 7.88988 9.5317 7.75919
threshold=-1.0000000180025095e-35 1.0000000180025095e-35 7.5000000000000009 4.5000000000000009 9.5000000000000018 28.500000000000004 21.500000000000004 24.500000000000004 8.5000000000000018 7.5000000000000009 4.5000000000000009 6.5000000000000009 3.5000000000000004 335.50000000000006 28.500000000000004 1.5000000000000002 795.50000000000011 8.5000000000000018 1192.5000000000002 5.5000000000000009 10.500000000000002 1819251.5000000002 12.500000000000002 15.500000000000002 16.500000000000004 257.50000000000006 32.500000000000007 3.5000000000000004 6.5000000000000009 41.500000000000007 10.500000000000002 22.500000000000004 183.50000000000003 41.500000000000007 42.500000000000007 1.0000000180025095e-35 66430.000000000015 17.500000000000004 10.500000000000002 19.500000000000004 552.50000000000011 41.500000000000007 109.50000000000001 169.50000000000003 4637.5000000000009 78.500000000000014 655194.50000000012
decision_type=2 2 2 2 2 2 2 2 2 2 2 2 2 2 2 2 2 2 2 2 2 2 2 2 2 2 2 2 2 2 2 2 2 2 2 2 2 2 2 2 2 2 2 2 2 2 2
left_child=1 38 3 4 5 8 14 -8 9 10 12 17 -3 -11 16 19 -4 -12 -18 -14 22 44 27 -24 -25 -26 -27 -16 -29 -5 -13 -32 -30 35 -35 -34 37 -37 39 -1 42 -6 -41 -44 -19 -46 -36
right_child=-2 2 6 29 41 -7 7 -9 -10 13 11 30 15 -15 20 -17 18 21 -20 -21 -22 -23 23 24 25 26 -28 28 32 -31 31 -33 33 34 46 36 -38 -39 -40 40 -42 -43 43 -45 45 -47 -48
leaf_value=0.026711021935244428 0.059594963382216981 -0.001242413310197703 -0.0054946073315946184 -0.031032571660140909 -0.024262093650290702 0.022782152410188369 -0.018602746584520796 0.011140287581851573 0.0089855636001412963 0.01158504102429328 -0.013994117761855114 0.0088238328509458036 -0.010794289205954608 -0.020828345065167675 0.027742357628734338 -0.024183291199002213 0.02085347261309177 0.027248262561867017 -0.013741305237071606 0.032647913948198673 -0.035626327492207517 -0.025599203963488137 -0.014114830221912653 0.10025247348422135 -0.011983652143344197 -0.010715319846204455 0.011881642471152545 -0.024143440419433997 -0.0034211337823207236 -0.01558028827379249 -0.048795475248194858 -0.0083206812306349243 -0.003040538135998644 0.040971585767254563 0.0068867614999066143 0.040319373944859016 0.0019790889110153386 0.011459058251027514 -0.049653857239616246 0.019165614120160691 0.025098221153293795 -0.0053205840168898642 -0.032911140074160558 0.001912355582720031 -0.064017392124870787 0.012348310772857786 -0.010953689512971217
leaf_weight=70.742738381028175 288.93821252882481 1212.3226888477802 80.717519834637642 143.16123093664646 177.90858961641788 62.693243533372879 241.77619035542011 92.796303555369377 233.32736438512802 35.736678466200829 24.109416827559471 66.423334121704102 89.783949419856071 330.79715549945831 44.529982209205627 287.46630565822124 196.50613310933113 243.54194688796997 26.520269960165024 16.973566576838493 20.328551426529884 10.917362883687018 345.98301482200623 9.8318124264478666 142.2125096321106 94.579168632626534 244.86567622423172 36.431092366576195 626.01439890265465 238.4354851692915 18.941321715712547 326.80009743571281 729.32205694913864 70.37633715569973 379.85679353773594 41.32539027929306 591.22356334328651 87.351488620042801 5.6647465825080863 61.913535743951797 70.64557646214962 81.280074715614319 18.737849369645119 177.44259208440781 4.4735000431537619 47.189881920814514 72.593120902776718
leaf_count=293 2139 5654 365 728 1034 258 1151 418 1070 165 124 296 438 1571 183 1364 818 1100 117 73 103 53 1573 44 642 433 1103 194 2838 1143 96 1544 3320 307 1675 170 2629 354 26 253 290 414 85 769 22 219 342
internal_value=-3.36921e-06 -0.00209509 -0.00275169 -0.00587917 -0.00407096 -0.00284442 -1.58674e-05 -0.0103533 -0.00338925 -0.00445256 -0.00239038 0.00438879 -0.00552308 -0.0176681 0.00088468 -0.0186871 0.0108312 0.0191246 0.0167398 -0.00388734 3.0472e-05 0.021733 0.000236601 -0.00442533 0.00239557 0.000398074 0.00558547 0.00169394 0.00125365 -0.0213774 -0.00741777 -0.0105381 0.00160978 0.00320681 0.00899773 0.00111766 0.00533027 0.0207277 0.0105904 0.0114447 0.00815946 -0.0183221 0.00352298 -0.00141375 0.0234834 0.00573585 0.00402436
internal_weight=8521.51 8232.57 7827.42 3652.28 3270.69 3011.5 4175.14 334.572 2948.8 2715.48 2348.94 742.397 1606.55 366.534 3840.57 394.224 303.744 330.232 223.026 106.758 3536.82 306.123 3516.5 837.472 491.489 481.657 339.445 2679.02 2634.49 381.597 412.165 345.741 2598.06 1972.05 522.826 1449.22 719.9 128.677 405.147 399.482 328.74 259.189 258.094 196.18 295.205 51.6634 452.45
internal_count=40000 37861 36145 17366 15495 14047 18779 1569 13789 12719 10983 3454 7529 1736 17210 1875 1300 1518 935 511 15910 1394 15807 3795 2222 2178 1536 12012 11829 1871 1936 1640 11635 8797 2324 6473 3153 524 1716 1690 1397 1448 1107 854 1341 241 2017
is_linear=0
shrinkage=0.05


Tree=28
num_leaves=48
num_cat=0
split_feature=10 1 12 12 1 8 12 12 12 5 5 5 12 3 0 0 7 7 12 0 0 0 0 3 5 3 3 3 0 2 3 14 7 8 1 3 5 6 5 9 12 1 6 6 0 12 14
split_gain=399.814 26.6093 22.2722 31.6105 22.2173 17.2757 14.5026 23.989 12.1269 8.00215 12.538 10.4028 8.23031 7.59864 9.07388 10.7859 8.52469 7.89668 7.4524 7.43395 7.75483 15.7346 7.21975 16.3963 7.97169 7.11503 8.6919 6.98551 7.2725 6.95416 9.25443 7.82274 8.53982 7.12124 6.83552 8.6956 6.71862 6.71636 6.71392 8.33227 8.5138 8.02148 6.62107 8.11124 9.18886 8.39367 7.57196
threshold=-1.0000000180025095e-35 4.5000000000000009 1.0000000180025095e-35 220929.50000000003 1.5000000000000002 9.5000000000000018 1.0000000180025095e-35 201484.50000000003 337.50000000000006 42.500000000000007 40.500000000000007 37.500000000000007 130698.50000000001 796.50000000000011 556.50000000000011 525.50000000000011 1449.5000000000002 1401.5000000000002 1.5000000000000002 381.50000000000006 368.50000000000006 364.50000000000006 442.50000000000006 1206.5000000000002 10.500000000000002 1299.5000000000002 1282.5000000000002 1141.5000000000002 116.50000000000001 31.500000000000004 1303.5000000000002 1.5000000000000002 4309.5000000000009 4.5000000000000009 3.5000000000000004 1258.5000000000002 42.500000000000007 17.500000000000004 35.500000000000007 26.500000000000004 655194.50000000012 2.5000000000000004 20.500000000000004 11.500000000000002 59.500000000000007 89196.000000000015 4.5000000000000009
decision_type=2 2 2 2 2 2 2 2 2 2 2 2 2 2 2 2 2 2 2 2 2 2 2 2 2 2 2 2 2 2 2 2 2 2 2 2 2 2 2 2 2 2 2 2 2 2 2
left_child=1 4 19 8 13 6 34 18 -4 10 11 -10 -13 14 15 16 37 -17 -8 20 21 25 23 24 -21 26 -3 28 -7 31 -31 32 -20 -33 -6 -36 38 -1 41 -40 -41 -9 43 45 -45 -18 -47
right_child=-2 2 3 -5 5 27 7 36 9 -11 -12 12 -14 -15 -16 17 42 -19 29 22 -22 -23 -24 -25 -26 -27 -28 -29 -30 30 -32 33 -34 -35 35 -37 -38 -39 39 40 -42 -43 -44 44 -46 46 -48
leaf_value=0.0082966202790985006 0.059039856769135035 -0.0051742317652047291 0.023342389250112425 -0.0013223308009130226 -0.018328368683911526 0.0076382294613449577 0.065495205405041654 -0.025225551966454915 0.010036452072815423 0.00022195562565202636 0.03977418035414261 -0.051957179589440683 0.02141300328803487 -0.0049989955893605499 -0.013931610818886667 -0.007127163730008758 -0.00054912497360979707 0.057115613999503614 0.0070283418205332156 0.028425476635589388 -0.022936656127967261 0.049026982840272113 -0.003409983479397324 0.062624151110309098 0.0013570071945190176 -0.01997804699743155 0.022315653413835748 -0.0018510822807572915 -0.049947675854169454 0.010926816843183321 -0.033123317228066988 -0.013683687588175545 0.077686914754858463 0.016070571363435111 -0.011047014831601518 0.016869582067619762 -0.019342043007371051 0.040219900411757714 -0.0070757752769023104 0.0025537457975815156 0.043977353963549487 -0.0066026165469611807 -0.023792707131189042 0.035201318971099349 0.0042994174695432045 -0.0014869865825042315 -0.038967419411986261
leaf_weight=216.3710411041975 277.36504174768925 1087.341688528657 144.98913717269897 1444.6149352788925 373.13635718822479 6.250613570213317 4.9486647993326178 93.742536425590515 677.91684454679489 254.63987545669079 34.866476848721504 12.109352558851244 5.5851434320211402 646.2437120527029 80.103914052248001 6.8550442606210735 281.2076368778944 15.828133121132849 23.888651147484783 29.715107277035713 62.457908123731613 13.391932815313337 564.02206473052502 12.194707497954367 321.3048087656498 78.957886025309563 29.535785928368568 13.037499770522116 44.624943286180496 254.47405342757702 12.509385019540785 120.82949350774288 5.2085783183574668 24.124264299869537 306.05828680098057 30.691477328538895 161.18748471140862 17.834330916404724 218.1520931571722 47.211570680141449 16.824585422873497 150.90373550355434 29.274261295795441 28.285513639450073 160.89746722579002 24.613683074712753 29.777944460511208
leaf_count=945 2139 5064 606 6424 2047 38 20 497 2769 1054 142 50 23 2923 367 30 1273 68 105 130 303 59 2574 54 1460 369 142 81 277 1079 54 542 22 105 1672 160 861 77 1123 231 80 760 130 120 695 114 142
internal_value=-2.79272e-06 -0.00199536 0.000421548 0.00357776 -0.0053443 -0.00894865 -0.00806282 -0.00455439 0.00984155 0.0078545 0.0105152 0.0090486 -0.0287984 -0.000871256 0.00212244 0.00370823 0.00273005 0.0377009 0.00447817 -0.00327407 -0.00575652 -0.00486915 0.000130556 0.00562852 0.00364845 -0.00547272 -0.00444726 -0.0345047 -0.0428726 0.00379352 0.00886287 -0.00398255 0.0196766 -0.00873177 -0.0136673 -0.00850269 -0.0104094 0.0107275 -0.0076764 -0.00242082 0.0134372 -0.0137385 -0.000650564 0.000640389 0.00891969 -0.00402679 -0.0220065
internal_weight=8496.11 8218.74 4773.64 2574.72 3445.1 1907.8 1843.89 1134.01 1130.11 985.118 730.478 695.611 17.6945 1537.29 891.049 810.945 788.262 22.6832 445.983 2198.92 1271.69 1209.23 927.237 363.215 351.02 1195.84 1116.88 63.9131 50.8756 441.034 266.983 174.051 29.0972 144.954 709.886 336.75 688.022 234.205 526.835 282.188 64.0362 244.646 554.057 524.782 189.183 335.599 54.3916
internal_count=40000 37861 21223 11068 16638 9754 9358 5479 4644 4038 2984 2842 73 6884 3961 3594 3496 98 1927 10155 5937 5634 4218 1644 1590 5575 5206 396 315 1907 1133 774 127 647 3879 1832 3552 1022 2691 1434 311 1257 2474 2344 815 1529 256
is_linear=0
shrinkage=0.05


Tree=29
num_leaves=48
num_cat=0
split_feature=10 5 6 6 8 9 6 6 12 5 5 12 0 6 7 3 4 3 1 6 6 6 0 2 9 4 7 5 5 12 0 5 5 8 0 12 4 5 3 4 8 8 1 3 7 7 2
split_gain=376.402 24.417 23.6504 37.6321 20.1869 15.1298 13.801 22.1618 13.4447 12.1757 16.7549 23.7614 11.2306 11.2271 10.152 11.1209 9.36193 8.7701 8.64445 8.63222 19.937 33.6364 11.0233 12.4225 10.5174 8.44368 8.11927 8.03398 12.0074 9.13951 8.38631 7.92419 7.73596 7.62093 7.73006 7.60966 7.56208 7.41073 7.36468 7.20411 7.20328 16.7953 7.16742 8.33908 10.4454 9.55818 8.23524
threshold=-1.0000000180025095e-35 1.0000000180025095e-35 7.5000000000000009 4.5000000000000009 9.5000000000000018 15.500000000000002 21.500000000000004 25.500000000000004 469472.50000000006 43.500000000000007 37.500000000000007 359662.00000000006 28.500000000000004 17.500000000000004 386.50000000000006 182.50000000000003 10.500000000000002 795.50000000000011 6.5000000000000009 12.500000000000002 15.500000000000002 16.500000000000004 256.50000000000006 32.500000000000007 3.5000000000000004 6.5000000000000009 248.50000000000003 2.5000000000000004 33.500000000000007 2367902.5000000005 595.50000000000011 41.500000000000007 45.500000000000007 7.5000000000000009 496.50000000000006 1764296.0000000002 10.500000000000002 41.500000000000007 909.50000000000011 2.5000000000000004 4.5000000000000009 6.5000000000000009 4.5000000000000009 1054.5000000000002 3869.5000000000005 2569.5000000000005 48.500000000000007
decision_type=2 2 2 2 2 2 2 2 2 2 2 2 2 2 2 2 2 2 2 2 2 2 2 2 2 2 2 2 2 2 2 2 2 2 2 2 2 2 2 2 2 2 2 2 2 2 2
left_child=1 36 3 4 5 9 12 -8 18 10 27 14 13 17 15 -12 19 -4 40 24 -21 -22 -23 -24 -14 39 -13 33 35 30 -30 -5 -27 -3 -35 -29 -1 -6 -17 -26 -7 -42 -10 44 45 46 -44
right_child=-2 2 6 31 37 8 7 -9 42 -11 11 26 16 -15 -16 38 -18 -19 -20 20 21 22 23 -25 25 32 -28 28 29 -31 -32 -33 -34 34 -36 -37 -38 -39 -40 -41 41 -43 43 -45 -46 -47 -48
leaf_value=0.010885170511670268 0.058521592178488249 0.0057549691837764294 -0.0089436954829177438 -0.029799033526203191 -0.023030448392383565 0.0029151657219603166 -0.01558157010284739 0.018703912464186134 -0.012282228237689485 -0.017544807025898623 -0.023925863685932844 0.047726254319149383 0.025816207780082291 0.031162041918533709 0.0064757064057140009 0.062920933199870702 -0.034089762915042697 0.01167842553176841 0.074329960321836905 -0.013372184023841964 0.092627564515014138 -0.011635677347360075 -0.009709542295004531 0.01122101950391469 0.014630486146736545 0.0022136349547149672 -0.024635896474706112 -0.0139580138308709 -0.0058014121372348109 0.063706734800097142 0.032997930772021171 -0.014822518566976556 -0.010720132742616678 -0.033944532883721526 0.0027126647831638242 -0.048137402702885135 -0.04784292041315158 -0.0047096039623171415 0.0027399881334064253 -0.036268737406986502 0.0389803426239137 0.005846612093183965 -0.013897476299900275 -0.012045521163145096 -0.013692898060924941 0.03325429425284137 0.018404896304927098
leaf_weight=398.91497947275639 266.11498942226171 217.92263795435429 72.44948223233223 140.90257997810841 174.50788477063179 215.38468703627586 275.70665054023266 56.851991981267929 139.85868191719055 170.07913978397846 6.5420829355716696 4.0851367712020865 44.398847192525864 52.462777853012085 405.54124917089939 21.220551788806919 19.90449370443821 178.7715672403574 5.1354978382587424 343.91843204200268 10.100135460495947 135.8556052595377 99.668029084801674 245.51835639774799 9.44274854660034 2473.206175327301 75.882968246936798 350.97095374763012 870.5731123238802 4.8411966562271109 14.15356409549713 236.68670727312565 121.28179058432579 27.371812462806702 30.303190901875496 17.076932713389397 5.5577415376901618 80.731329828500748 6.6851708889007559 26.353213131427765 56.572046741843224 118.06469702720642 34.10188852250576 74.223042145371437 41.593415185809135 46.416990980505943 46.820883467793465
leaf_count=1690 2139 986 328 728 1034 899 1316 253 709 836 30 19 183 221 1876 95 103 751 21 1573 44 616 459 1103 48 11091 370 1767 4159 24 65 1143 544 128 137 88 26 414 33 146 234 494 151 332 186 202 206
internal_value=-1.84777e-06 -0.00190004 -0.00252117 -0.00546888 -0.00373641 -0.00258844 5.03568e-05 -0.00972035 0.00341195 -0.00468867 -0.0036237 0.00413245 0.00089801 0.0101245 0.00868925 0.0347485 0.00010418 0.00573122 0.00988235 0.000298101 -0.00413973 0.00232522 0.0004292 0.0051776 0.00168363 0.00127628 -0.0209393 -0.00625404 -0.00794837 -0.00480581 -0.00518071 -0.0204112 0.00160903 0.00147758 -0.0146844 -0.0155439 0.0100782 -0.0172356 0.0485038 -0.0228418 0.00903376 0.01658 -0.00326358 0.00192378 0.00806137 0.015167 0.00479226
internal_weight=8470.73 8204.61 7800.14 3634.25 3256.66 3001.42 4165.89 332.559 778.172 2223.25 2053.17 519.957 3833.33 303.684 439.989 34.4478 3529.65 251.221 395.157 3509.74 835.061 491.142 481.042 345.186 2674.68 2630.28 79.9681 1533.21 1257.62 889.568 884.727 377.589 2594.49 275.598 57.675 368.048 404.473 255.239 27.9057 35.796 390.021 174.637 383.015 243.156 168.933 127.34 80.9228
internal_count=40000 37861 36145 17366 15495 14047 18779 1569 3434 10613 9777 2423 17210 1300 2034 158 15910 1079 1648 15807 3795 2222 2178 1562 12012 11829 389 7354 6103 4248 4224 1871 11635 1251 265 1855 1716 1448 128 194 1627 728 1786 1077 745 559 357
is_linear=0
shrinkage=0.05


Tree=30
num_leaves=48
num_cat=0
split_feature=10 1 1 12 12 8 1 12 12 12 6 7 5 5 3 0 0 14 7 9 12 7 3 14 6 12 7 0 0 9 2 3 0 0 0 3 0 7 0 12 7 7 8 2 12 7 12
split_gain=354.558 23.4064 20.2113 19.3214 27.7124 15.5512 13.509 11.8094 16.0994 10.3467 8.70703 10.9268 8.51232 10.1396 9.55285 9.58846 10.834 10.7968 8.22471 8.13881 7.69627 7.57098 9.53171 7.53798 7.32637 6.94885 6.92736 6.89564 6.81658 6.70806 6.67365 6.65131 6.96917 6.44679 8.08819 11.6401 7.48566 6.39792 7.07117 6.26273 6.69684 6.65403 6.6369 6.20261 7.30552 7.19977 6.51189
threshold=-1.0000000180025095e-35 4.5000000000000009 1.5000000000000002 1.0000000180025095e-35 64105.500000000007 9.5000000000000018 2.5000000000000004 1.0000000180025095e-35 211001.00000000003 684837.00000000012 16.500000000000004 2876.5000000000005 13.500000000000002 23.500000000000004 1141.5000000000002 385.50000000000006 302.50000000000006 4.5000000000000009 166.50000000000003 22.500000000000004 1.5000000000000002 396.50000000000006 789.50000000000011 1.0000000180025095e-35 18.500000000000004 1764296.0000000002 1380.5000000000002 436.50000000000006 466.50000000000006 27.500000000000004 11.500000000000002 1141.5000000000002 116.50000000000001 381.50000000000006 441.50000000000006 1206.5000000000002 373.50000000000006 335.50000000000006 7.5000000000000009 38713.500000000007 2959.5000000000005 3727.5000000000005 5.5000000000000009 29.500000000000004 359662.00000000006 4057.5000000000005 250705.00000000003
decision_type=2 2 2 2 2 2 2 2 2 2 2 2 2 2 2 2 2 2 2 2 2 2 2 2 2 2 2 2 2 2 2 2 2 2 2 2 2 2 2 2 2 2 2 2 2 2 2
left_child=1 2 25 30 20 6 10 -8 21 12 19 -12 -6 -14 15 16 18 -18 -15 -4 -5 22 -9 -13 -20 -1 -19 -23 29 -29 -3 32 -7 36 35 -35 -32 -11 -39 -21 -41 42 -42 44 46 -46 -10
right_child=-2 3 5 4 9 31 7 8 43 37 11 23 13 14 -16 -17 17 26 24 39 -22 27 -24 -25 -26 -27 -28 28 -30 -31 33 -33 -34 34 -36 -37 -38 38 -40 40 41 -43 -44 -45 45 -47 -48
leaf_value=-0.00023082299718979265 0.058037209445813857 -0.019383884568350749 -0.020225399682059955 0.045277235065804125 0.011522389370094241 0.0080201288518501525 -0.010492522363591952 -0.054624625431938328 -0.024944109655566662 -0.019033355676884866 0.024225011591481702 0.044732606470660512 -0.022235188794273875 -0.03603024664262721 -0.0077200155825598044 -0.0019939821780837036 0.046128086385548578 0.035339868491724089 0.0090288352983746972 0.033678271556132448 0.012515274714017611 0.016779148249411617 0.0084205136285103697 -0.02191446155124048 -0.015795266958880321 -0.025161164575714531 0.00043738177312391377 -0.025038349450319415 0.0095689425965998012 0.029091738764198488 -0.004112182794264189 -0.0011051342157642351 -0.048600432693924722 0.0074198117496772839 -0.0012153831620727025 0.058439116924584457 -0.024610357012692763 0.016334926748318969 -0.0037371769731722963 -0.021563478630295171 0.0063638548034834225 -0.019830103471657048 0.062163734461492516 -0.0027515171619704303 -0.027474455124582561 0.0014991423090561585 0.027337900930306649
leaf_weight=1505.5381194204092 255.19548209756613 60.371218204498291 365.05874845385551 18.587578073143959 265.37909775972366 6.2229362428188315 529.74809990823269 10.535305172204973 9.2647778689861315 63.048969447612762 31.329511076211929 4.7689718008041373 43.224600166082382 11.568173110485075 184.22226513922215 303.9091132581234 35.525561302900314 21.0967176258564 330.42192116379738 9.696886792778967 503.54995441436768 167.5471131503582 13.91214309632778 38.438753828406334 32.660122916102409 28.479673713445663 43.592664763331413 33.259800508618355 79.077985256910324 6.9131061285734168 1182.097475156188 12.915452271699904 42.903549075126648 112.52925555408001 778.95359273254871 12.412874132394789 46.282737299799919 46.964638024568558 667.58735416829586 49.135594666004181 25.724930137395859 18.228569164872169 6.721215456724166 297.36683093011379 90.681919530034065 28.081115201115608 16.675877183675766
leaf_count=6740 2139 286 1921 82 1104 38 2912 50 48 287 159 24 189 49 795 1316 149 88 1381 42 2055 700 60 200 139 144 188 146 330 30 5523 81 277 515 3546 54 231 196 3050 258 131 94 33 1513 475 147 85
internal_value=-1.25703e-06 -0.00180921 -0.00495977 0.000457967 0.00339838 -0.00841465 -0.00758097 -0.0047723 -0.000749715 0.000778224 -0.0141439 0.00174304 0.00355654 0.00145564 0.00251902 0.0049411 0.00937949 0.0239819 0.00547349 -0.0166391 0.0136816 0.00796154 -0.018748 -0.0145584 0.00679585 -0.000693665 0.0118199 0.0102383 0.00104852 -0.0157234 -0.00299029 -0.033034 -0.0414282 -0.00252614 0.000678857 0.0124885 -0.00488451 -0.00376512 -0.00241792 -0.00468379 -0.00841079 0.00434243 0.0179228 -0.00688299 -0.0153732 -0.0206237 0.00866523
internal_weight=8447.41 8192.21 3428.23 4763.99 2571.34 1894.21 1832.17 1283.06 753.316 2049.2 549.103 74.5372 1271.6 1006.22 962.997 778.774 474.865 100.215 374.65 474.566 522.138 311.245 24.4474 43.2077 363.082 1534.02 64.6894 286.798 119.251 40.1729 2192.65 62.0419 49.1265 2132.28 903.896 124.942 1228.38 777.601 714.552 109.507 99.8103 50.6747 32.4461 442.071 144.704 118.763 25.9407
internal_count=40000 37861 16638 21223 11068 9754 9358 6496 3584 8931 2862 383 5398 4294 4105 3310 1994 425 1569 2479 2137 1316 110 224 1520 6884 276 1206 506 176 10155 396 315 9869 4115 569 5754 3533 3246 558 516 258 164 2268 755 622 133
is_linear=0
shrinkage=0.05


Tree=31
num_leaves=48
num_cat=0
split_feature=10 5 6 6 8 8 8 6 6 6 7 0 6 4 12 3 8 8 14 0 3 4 1 8 12 6 6 6 0 6 7 9 3 3 3 5 5 14 12 12 3 0 5 8 3 12 9
split_gain=334.154 21.766 21.0181 34.4174 18.7737 64.4658 33.394 12.7813 12.4763 20.1662 11.0494 9.75056 10.0576 9.42168 9.15296 9.08912 10.5976 14.2614 10.3047 8.90669 10.1331 8.3116 7.88443 8.24668 7.90722 7.85136 17.9832 29.7535 9.74362 11.47 9.29377 9.17796 9.13576 7.7229 7.59162 9.44067 27.6011 8.0406 8.63558 15.083 8.37533 7.764 7.38032 7.34337 11.3084 11.8104 7.75091
threshold=-1.0000000180025095e-35 1.0000000180025095e-35 7.5000000000000009 4.5000000000000009 6.5000000000000009 4.5000000000000009 3.5000000000000004 1.5000000000000002 21.500000000000004 24.500000000000004 4737.5000000000009 28.500000000000004 17.500000000000004 8.5000000000000018 1819251.5000000002 804.50000000000011 8.5000000000000018 9.5000000000000018 1.5000000000000002 176.50000000000003 738.50000000000011 10.500000000000002 5.5000000000000009 1.5000000000000002 1123326.0000000002 12.500000000000002 15.500000000000002 16.500000000000004 256.50000000000006 17.500000000000004 4027.5000000000005 3.5000000000000004 84.500000000000014 795.50000000000011 183.50000000000003 41.500000000000007 42.500000000000007 2.5000000000000004 1.0000000180025095e-35 34668.000000000007 579.50000000000011 117.50000000000001 41.500000000000007 7.5000000000000009 1103.5000000000002 951615.00000000012 17.500000000000004
decision_type=2 2 2 2 2 2 2 2 2 2 2 2 2 2 2 2 2 2 2 2 2 2 2 2 2 2 2 2 2 2 2 2 2 2 2 2 2 2 2 2 2 2 2 2 2 2 2
left_child=1 -1 3 4 5 6 22 10 11 -10 -8 12 33 -7 -15 18 43 -18 19 20 -6 25 23 -3 -25 31 -27 -28 -29 -30 -31 -13 -32 -4 41 37 -37 40 -39 -40 -36 -33 -5 -17 -45 46 -46
right_child=-2 2 8 42 15 13 7 -9 9 -11 -12 21 -14 14 -16 16 17 -19 -20 -21 -22 -23 -24 24 -26 26 27 28 29 30 32 34 -34 -35 35 36 -38 38 39 -41 -42 -43 -44 44 45 -47 -48
leaf_value=0.0095885235324593403 0.057584028456076963 0.0045182104410771834 -0.0084557670368438174 -0.028612662938878333 -0.050478549381409804 -0.010638484807402274 -0.011529679332786041 -0.022648857867145007 -0.016916068948173664 0.010548163430271366 0.025753456612701755 0.024259763539641786 0.029413824940337931 0.023292415323371868 -0.023754910316740013 -0.01145060999420898 0.0097002794799391362 -0.017285430346358006 -0.0071996202223143365 0.014943943735365181 0.023361347782318131 -0.032412474283109234 -0.01491979013917843 -0.0019619099446177798 -0.022599846286197725 -0.012682356447777033 0.086299992497314348 -0.010931388388414461 -0.012797944905797748 0.015566521598691803 0.064497316600641619 0.01960200146272717 -0.0087432503548939174 0.010924925602288678 -0.022870503301795388 0.03714180436873072 0.0039765911260522075 -0.0017933127545231679 0.029961058345850358 0.0040393758722176128 -0.0021635019897687006 -0.0047834387809764858 -0.014068333382191728 -0.041993570409390689 -0.014443247663868309 0.030405187155051971 -0.054082163683068285
leaf_weight=404.28019721806049 244.61139643192291 624.25341302156448 72.137470617890358 138.72204230725765 12.023893445730211 24.248535752296448 82.043095991015434 288.15171101689339 237.93725503981113 92.949265703558922 26.224894389510155 44.260466501116753 52.52759313583374 305.59672164916992 10.699841961264609 166.63430677354336 95.985828340053558 99.92987647652626 630.48411191999912 99.155030056834221 7.5722330808639517 19.455095067620277 87.660119280219078 471.67484551668167 51.477425307035446 341.96349947154522 10.308905467391012 135.16655746102333 72.34909400343895 192.38979710638523 4.5098069161176673 34.516202077269554 76.182831019163132 178.82717636227608 63.58970433473587 72.786710426211357 454.21029667556286 586.24294912815094 62.600161179900169 541.93551827967167 210.41976661980152 600.84004774689674 234.94652196764946 67.504439994692802 63.633993536233902 12.377894461154936 15.297065436840056
leaf_count=1716 2139 2888 328 728 60 126 405 1384 1151 418 117 183 221 1380 53 799 444 587 3080 473 36 103 426 2206 257 1573 44 616 330 867 20 153 345 751 286 317 2031 2684 257 2398 955 2748 1143 334 309 61 70
internal_value=-4.54552e-07 -0.00172271 -0.00231092 -0.00509863 -0.00344278 -0.000388959 -0.00451918 -0.0171456 0.000113557 -0.0092011 -0.00249888 0.000918865 0.00951831 0.0193981 0.0217009 -0.00818245 -0.013252 -0.0040642 -0.00465479 0.00885647 -0.0219457 0.000178211 -0.000466475 0.000637737 -0.00399265 0.000359148 -0.00387947 0.00225258 0.000449746 0.00490316 0.0095928 0.00168063 -0.00464993 0.00535412 0.00130024 0.00281827 0.00855724 0.000753528 0.00253056 0.00672359 -0.006969 -0.00345868 -0.0194678 -0.0187829 -0.0264762 -0.0150043 -0.0221254
internal_weight=8423.3 8178.68 7774.4 3616.3 3242.63 1972.03 1631.49 396.42 4158.11 330.887 108.268 3827.22 303.492 340.545 316.297 1270.6 521.363 195.916 749.235 118.751 19.5961 3523.73 1235.07 1147.41 523.152 3504.27 832.87 490.907 480.598 345.432 273.082 2671.4 80.6926 250.965 2627.14 1991.79 526.997 1464.79 1190.78 604.536 274.009 635.356 373.669 325.448 158.813 91.309 78.9311
internal_count=40000 37861 36145 17366 15495 9242 7683 1906 18779 1569 522 17210 1300 1559 1433 6253 2604 1031 3649 569 96 15910 5777 5351 2463 15807 3795 2222 2178 1562 1232 12012 365 1079 11829 8928 2348 6580 5339 2655 1241 2901 1871 1573 774 440 379
is_linear=0
shrinkage=0.05


Tree=32
num_leaves=48
num_cat=0
split_feature=10 1 1 12 12 8 1 12 12 12 4 3 9 7 3 3 14 2 5 0 3 1 7 0 0 0 3 0 0 0 7 0 0 0 6 6 5 0 3 0 0 9 12 12 12 7 12
split_gain=315.08 21.0145 18.5119 16.6088 24.3413 14.1877 12.3786 10.5632 14.2639 9.9247 8.15365 10.3586 8.9388 6.7847 8.71493 6.74415 8.88413 8.61447 7.76222 7.55597 9.21848 7.85853 8.38148 6.60464 6.53184 7.03775 6.38265 6.68545 6.35979 9.0636 7.36588 6.13543 9.64685 8.48967 6.58016 7.62875 6.13486 8.10014 7.23282 6.00104 6.06685 6.12783 5.96476 7.62784 11.0463 7.62254 5.89547
threshold=-1.0000000180025095e-35 4.5000000000000009 1.5000000000000002 1.0000000180025095e-35 220929.50000000003 9.5000000000000018 2.5000000000000004 1.0000000180025095e-35 211001.00000000003 337.50000000000006 8.5000000000000018 13.500000000000002 8.5000000000000018 386.50000000000006 789.50000000000011 796.50000000000011 5.5000000000000009 1.0000000180025095e-35 4.5000000000000009 561.50000000000011 167.50000000000003 1.0000000180025095e-35 3834.5000000000005 20.500000000000004 179.50000000000003 274.50000000000006 1141.5000000000002 116.50000000000001 469.50000000000006 352.50000000000006 4707.5000000000009 269.50000000000006 274.50000000000006 257.50000000000006 5.5000000000000009 18.500000000000004 13.500000000000002 116.50000000000001 1305.5000000000002 436.50000000000006 466.50000000000006 27.500000000000004 476324.00000000006 1.0000000180025095e-35 557.00000000000011 1681.5000000000002 40827.000000000007
decision_type=2 2 2 2 2 2 2 2 2 2 2 2 2 2 2 2 2 2 2 2 2 2 2 2 2 2 2 2 2 2 2 2 2 2 2 2 2 2 2 2 2 2 2 2 2 2 2
left_child=1 2 15 31 9 6 10 -8 13 -5 11 46 -13 14 -9 16 17 -1 24 20 21 22 -20 -11 -19 -26 27 -7 29 -18 -30 33 -33 34 -3 -36 -25 38 -38 -15 41 -41 43 -17 -45 -46 -4
right_child=-2 3 5 4 -6 26 7 8 -10 23 -12 12 -14 39 -16 42 28 18 19 -21 -22 -23 -24 36 25 -27 -28 -29 30 -31 -32 32 -34 -35 35 -37 37 -39 -40 40 -42 -43 -44 44 45 -47 -48
leaf_value=0.064182426181881136 0.057159647263310909 -0.0098262400492454549 0.059162757468157301 0.021034434727870751 -0.0010722284240637532 0.0081510180696186939 -0.0099061508091263968 -0.055667349023001758 -0.0064617326737490335 0.019019571414239635 -0.0092056122954160165 -0.048820064728315252 -0.019840674191906296 0.015682993120748241 0.0070558552995594456 -0.0052436347593906221 -0.0093544785895017784 0.059883022517562549 -0.011870047387451003 -0.021362364933695713 0.0073598627430353433 0.0063103660869658186 -0.062595180306884379 0.013334946659139381 -0.030509110221447658 0.018254416115681169 -0.00044596638557720271 -0.047449093441596646 -0.025810620350061542 0.0096992170507782197 0.03595773719358094 0.034033736739536691 -0.0010825648615394284 -0.028667073496380487 0.0018296474712345614 -0.01664224750024192 -0.015488177306350066 0.0053122437766098384 0.044961159647558507 -0.023856726966992387 0.0090077491594253347 0.027796435728487241 -0.018266711834514612 0.052938469762775844 0.024956615550709195 -0.0083071649737059793 -0.0076616281585648906
leaf_weight=6.2787310630083075 234.36529824882746 370.94684879481792 5.5729603022336951 143.25365228950977 1439.53892827034 6.2173887789249411 525.96775372326374 9.3904505521059054 439.97143468260765 101.61894811689854 366.28493878245354 33.371748581528664 131.32391613721848 168.61849251389503 13.498592734336851 484.42323988676071 146.0100240111351 8.4650225788354856 25.729570373892784 30.774769619107246 371.65067388117313 30.217944383621216 11.914594963192938 197.01748399436474 8.1049731075763685 84.968337327241898 12.811273336410521 41.456174820661545 50.235751897096634 109.01337803900242 5.3395079076290122 19.854988366365433 1304.2264892309904 39.339317873120308 386.6606001406908 65.340079635381699 75.622511073946953 604.65452601015568 5.2948670387268058 32.983393043279648 79.782133162021637 6.9521055072545996 69.669893190264702 13.178421601653097 26.498016700148582 49.200911328196526 8.0945238918066007
leaf_count=26 2139 1846 25 606 6424 38 2912 46 2268 413 1904 190 706 703 58 2198 654 35 116 147 1665 135 54 797 35 358 81 277 227 485 24 92 6022 189 1698 308 312 2494 22 146 333 30 342 54 113 216 37
internal_value=-1.26979e-07 -0.00164035 -0.00463303 0.000509052 0.00323669 -0.0079543 -0.00716335 -0.00447188 -0.000666945 0.00873831 -0.0134747 -0.0222415 -0.0257127 0.007525 -0.0186769 -0.000551457 0.00227061 0.00593495 0.00529538 0.00258853 0.00426558 -0.0126804 -0.0279248 0.00694858 0.0178325 0.014008 -0.0317781 -0.040198 -0.00454967 -0.00120971 -0.0198761 -0.00269345 -0.000555986 -0.00597563 -0.00489091 -0.000840603 0.00555876 0.00332406 -0.0115326 0.009605 0.00104434 -0.0148648 -0.00445207 -0.00277326 0.0106914 0.00333665 0.0195862
internal_weight=8401.71 8167.34 3413.97 4753.37 2567 1882.3 1821.81 1277.16 751.197 1127.46 544.648 178.363 164.696 311.225 22.889 1531.67 888.703 578.105 571.826 470.288 439.513 67.8621 37.6442 984.208 101.538 93.0733 60.4848 47.6736 310.599 255.023 55.5753 2186.37 1324.08 862.287 822.948 452.001 882.589 685.572 80.9174 288.336 119.718 39.9355 642.97 573.301 88.8773 75.6989 13.6675
internal_count=40000 37861 16638 21223 11068 9754 9358 6496 3584 4644 2862 958 896 1316 104 6884 3961 2571 2545 2117 1970 305 170 4038 428 393 396 315 1390 1139 251 10155 6114 4041 3852 2006 3625 2828 334 1212 509 176 2923 2581 383 329 62
is_linear=0
shrinkage=0.05


Tree=33
num_leaves=48
num_cat=0
split_feature=10 5 5 6 6 3 3 3 3 12 3 3 12 12 0 3 5 5 6 7 7 12 9 2 8 5 5 8 0 7 0 3 3 12 1 2 0 14 3 1 12 12 3 2 6 3 2
split_gain=297.23 19.603 58.5248 13.8245 23.724 14.3807 12.4454 13.6985 12.8019 11.5308 11.2379 12.7331 11.0084 18.2672 10.0766 9.93816 20.981 12.5788 11.2357 9.31905 9.84499 8.59816 8.58686 8.51836 8.51663 8.34836 18.0627 10.1731 9.20707 8.45564 8.20037 7.82076 7.78352 7.5568 8.5294 8.85455 9.43644 9.14517 7.31256 9.49002 8.23184 7.40471 7.22849 7.05477 7.26332 7.44202 7.16144
threshold=-1.0000000180025095e-35 13.500000000000002 33.500000000000007 7.5000000000000009 2.5000000000000004 557.50000000000011 500.50000000000006 322.50000000000006 183.50000000000003 1819251.5000000002 1305.5000000000002 1284.5000000000002 1.0000000180025095e-35 71022.500000000015 159.50000000000003 594.50000000000011 36.500000000000007 41.500000000000007 18.500000000000004 4555.5000000000009 1177.5000000000002 645694.50000000012 5.5000000000000009 17.500000000000004 9.5000000000000018 42.500000000000007 41.500000000000007 9.5000000000000018 493.50000000000006 786.50000000000011 497.50000000000006 190.50000000000003 1016.5000000000001 182810.00000000003 1.0000000180025095e-35 33.500000000000007 240.50000000000003 3.5000000000000004 733.50000000000011 2.5000000000000004 97077.000000000015 525584.00000000012 453.50000000000006 44.500000000000007 8.5000000000000018 991.50000000000011 12.500000000000002
decision_type=2 2 2 2 2 2 2 2 2 2 2 2 2 2 2 2 2 2 2 2 2 2 2 2 2 2 2 2 2 2 2 2 2 2 2 2 2 2 2 2 2 2 2 2 2 2 2
left_child=1 9 -3 4 5 24 7 8 -5 12 11 15 19 -14 -9 18 -17 -18 -8 20 -1 32 -7 -10 -4 26 27 29 -28 -24 31 -25 43 34 -33 37 -37 -36 -15 -40 -41 -42 -22 46 45 -45 -19
right_child=-2 2 3 6 -6 22 10 14 23 -11 -12 -13 13 38 -16 16 17 21 -20 -21 42 -23 25 30 -26 -27 28 -29 -30 -31 -32 33 -34 -35 35 36 -38 -39 39 40 41 -43 -44 44 -46 -47 -48
leaf_value=-0.0078965903891028491 0.056761881994159151 -0.01522399616349974 0.0052133892983031102 -0.0033335814251190098 -0.016295826431134326 0.022964375150211064 0.022662890640035967 0.00074316194772046091 -0.01184421583388999 -0.021430496509171431 -0.010363185306913868 0.029245203487590479 0.021031323643086786 -0.0015271947817124569 -0.021527156852898299 0.0075393345125802716 -0.017981716533389952 0.040019510347661581 -0.0099792072956245634 -0.0097907198827249103 0.017456884152394988 -0.015720918045451057 -0.013269962885452378 0.039617688220817383 -0.01328896217812495 -0.01205818346848587 0.03568449756334037 -0.022589811058598839 -0.00092400827941357716 -0.0012849035100907615 0.046493115616847797 0.037268663503871077 0.0096033833037033906 0.02589691807893222 -0.020475104076450368 0.0018472840523260136 -0.037175926184058815 0.073608754798365664 -0.0089929416243748669 -0.01394563529863195 0.025594657713422952 0.0072488906785246028 0.0028267676330725167 0.0014668793596104741 -0.0015715451774686825 0.074471896901151496 -0.022499041376193261
leaf_weight=154.15943896770477 224.45779314637184 826.43318828940392 719.46480415761471 692.02579089999199 325.00359551608562 27.494374558329582 126.92791409790516 77.144544571638107 33.559021964669228 45.70920892059803 132.49461980164051 51.424404889345169 204.11312091350555 316.6397497355938 148.69404627382755 957.38009941577911 130.31422151625156 4.9534747302532187 33.272946447134018 192.33605644106865 116.62157022953033 79.865491285920143 179.8414900302887 21.411832600831985 68.080042220652103 344.21004392206669 43.176005825400352 74.767104275524616 28.520056560635567 809.96498800814152 19.217448696494102 12.355700016021727 194.23475739359856 36.668922692537308 4.4121605306863767 36.570233210921288 26.877661064267159 6.2297316044569016 57.150807678699493 24.354695245623589 113.29919625818729 106.89399223029613 305.8548639267683 7.402682885527609 169.12779824435711 6.6058490127325058 60.851995706558228
leaf_count=710 2139 4119 3296 3157 1625 113 556 355 150 222 591 231 847 1422 677 4224 607 22 154 890 536 381 856 94 369 1689 197 455 140 3823 84 53 867 170 20 165 123 28 268 99 479 490 1423 33 751 29 271
internal_value=6.10202e-07 -0.00156185 -0.0027906 -0.000984906 -0.00365234 -0.00186226 0.00129198 -0.00292297 -0.0001304 0.00332944 0.00369643 0.00471864 0.0040406 0.00806165 -0.0139198 0.00400643 0.00282519 -0.00408258 0.0158833 -0.000260104 0.00291882 -0.000619658 -0.00472222 0.0111045 0.00361394 -0.0052364 -0.00316987 -0.00480586 0.021122 -0.00346251 0.0158079 0.0117277 0.00210176 0.0068771 -0.00119084 -0.0076046 -0.0146836 0.0346013 0.00378037 0.00935079 0.0136377 0.0166886 0.00686531 -0.00375131 0.00129421 0.0358931 -0.017793
internal_weight=8378.57 8154.11 6516.98 5690.55 2620.52 2295.52 3070.02 1115.17 889.329 1637.13 1954.86 1822.36 1591.42 822.452 225.839 1770.94 1610.74 653.356 160.201 768.972 576.636 523.042 1507.97 197.303 787.545 1480.48 1136.27 1064.57 71.6961 989.806 163.744 144.526 443.177 123.114 86.4455 74.0898 63.4479 10.6419 618.338 301.699 244.548 220.193 422.476 248.942 183.136 14.0085 65.8055
internal_count=40000 37861 30475 26356 12563 10938 13793 5076 4044 7386 8717 8126 7164 3605 1032 7895 7185 2961 710 3559 2669 2354 7273 887 3665 7160 5471 5134 337 4679 737 653 1973 559 389 336 288 48 2758 1336 1068 969 1959 1106 813 62 293
is_linear=0
shrinkage=0.05


Tree=34
num_leaves=48
num_cat=0
split_feature=10 1 1 5 8 1 1 6 2 3 3 6 12 12 12 12 12 8 5 2 14 6 7 2 0 0 14 7 3 7 9 8 5 0 3 14 5 3 3 7 12 7 3 0 3 8 12
split_gain=280.512 18.6847 17.0168 14.5301 12.8754 12.2907 11.1262 10.6658 9.38532 10.4437 10.3827 9.26506 9.24685 9.863 12.7326 9.16321 12.4735 9.07586 8.87839 8.25758 9.37579 8.1 9.73753 7.86748 7.65263 13.1751 9.33005 14.2479 9.29995 7.61737 7.36076 7.36006 7.20599 6.89182 6.87251 6.82104 6.72805 9.17903 8.91757 6.99338 7.7693 8.03321 6.71308 6.6111 6.39921 6.0356 6.0316
threshold=-1.0000000180025095e-35 4.5000000000000009 1.5000000000000002 1.0000000180025095e-35 9.5000000000000018 5.5000000000000009 2.5000000000000004 1.5000000000000002 15.500000000000002 1179.5000000000002 1144.5000000000002 13.500000000000002 1383447.0000000002 1.0000000180025095e-35 44623.000000000007 1.0000000180025095e-35 206591.00000000003 3.5000000000000004 35.500000000000007 45.500000000000007 1.0000000180025095e-35 16.500000000000004 2876.5000000000005 19.500000000000004 392.50000000000006 364.50000000000006 4.5000000000000009 330.50000000000006 587.50000000000011 532.50000000000011 22.500000000000004 3.5000000000000004 12.500000000000002 144.50000000000003 384.50000000000006 1.0000000180025095e-35 36.500000000000007 304.50000000000006 233.50000000000003 2442.5000000000005 127121.00000000001 1612.5000000000002 134.50000000000003 349.50000000000006 68.500000000000014 6.5000000000000009 1764296.0000000002
decision_type=2 2 2 2 2 2 2 2 2 2 2 2 2 2 2 2 2 2 2 2 2 2 2 2 2 2 2 2 2 2 2 2 2 2 2 2 2 2 2 2 2 2 2 2 2 2 2
left_child=1 2 46 11 6 8 21 -7 9 10 17 23 13 -10 19 -8 -17 -5 32 42 -21 30 -23 -3 25 26 27 -16 31 -25 -4 -27 43 -11 -13 -24 -26 38 39 40 -38 -42 -15 -19 -28 -30 -1
right_child=-2 3 4 5 -6 7 15 -9 12 33 -12 34 -14 14 24 16 -18 18 -20 20 -22 22 35 29 36 28 44 -29 45 -31 -32 -33 -34 -35 -36 -37 37 -39 -40 -41 41 -43 -44 -45 -46 -47 -48
leaf_value=2.5270991486518074e-05 0.056388752572632012 0.037508238098709436 -0.018672879162237026 0.011000491657156615 -0.030516555657621576 0.030940618606685025 -0.0092979127061618809 -0.0077934791450136849 -0.00041798212495512644 -0.028856949935560167 0.069998791428285245 0.030030247266347062 -0.0078046581572502067 -0.02144668330773828 -0.030288079302972129 0.0070433769979575973 -0.0060640567605587063 0.021575729098781346 -0.0012429513992982639 -0.024023394591931216 0.013748705287056438 0.023695289574190238 0.043013489580268627 0.059631442472220866 0.0021856544397915517 0.043104273680924843 -0.024097735821812873 0.013867808961129206 0.046114647465416221 0.009349086937724212 -0.0037968148461048875 -0.0070433474802848797 -0.021929248155001066 -0.0047358861586552269 -0.025063310827931458 -0.020198423469444948 -0.075592023846495368 -0.023502617013461211 0.057656485500905436 0.018048387578997727 0.01659318079175091 -0.053551345259061404 0.033976379745012823 -0.02407698009363133 0.0013772847607555014 0.0032437266983902351 -0.023445826090803094
leaf_weight=1500.6952052265406 214.88786116987467 39.208662793040276 357.86468429863453 121.63844040036201 58.920061960816383 18.319361865520477 522.1435381770134 595.33394376933575 1101.2683378458023 60.685508400201797 5.0763277113437644 7.4434849470853832 204.87597493827343 5.9261611998081198 19.49480165541172 308.42921012639999 441.07588094472885 21.389426380395889 649.2059046626091 18.155815050005913 172.71288281679153 31.436322942376137 4.8140643537044516 7.9833910912275305 292.64584198594093 9.7953900396823865 26.000498354434967 290.52911293506622 42.792967140674591 133.23052975535393 108.32561542093754 28.915833756327629 102.08096832036972 57.834625139832497 23.630800187587738 37.60200223326683 5.2934003770351437 70.373554691672325 6.8134388029575339 19.808001860976219 12.221780747175218 6.1284061670303336 70.001209005713463 12.6025273501873 475.00314074754715 10.158812314271925 27.880485981702805
leaf_count=6740 2139 161 1921 544 396 78 2912 2837 5103 280 23 31 947 24 85 1302 2282 95 2914 74 711 159 24 33 1266 41 115 1238 178 545 558 125 474 262 98 200 22 308 29 88 54 27 292 57 2019 45 144
internal_value=1.03127e-06 -0.00148686 -0.00431637 0.000540305 -0.00751434 -5.73637e-05 -0.00676626 -0.00663715 0.000972814 -0.00312379 -0.00130923 0.0133503 0.00243413 0.00321566 0.0057439 -0.00421278 -0.00067021 -0.00170837 -0.00367695 0.0157038 0.0101557 -0.012779 0.00260603 0.0176934 0.00372467 0.00630459 0.00427384 0.0110912 0.0242725 0.0121918 -0.0152162 0.00564588 -0.0152896 -0.0170865 -0.0118663 -0.0130241 -0.00191036 -0.0118465 0.00447262 -0.00386689 -0.022227 -0.00683296 0.0296506 0.00464997 5.52121e-05 0.0378899 -0.000402831
internal_weight=8358.65 8143.77 3399.19 4744.58 1870.61 4533.08 1811.69 613.653 3919.43 1030.51 911.994 211.497 2888.92 2684.04 1582.77 1271.65 749.505 906.917 785.279 266.796 190.869 540.043 73.8524 180.423 1315.97 902.691 811.028 310.024 91.663 141.214 466.19 38.7112 136.073 118.52 31.0743 42.4161 413.284 120.639 50.265 43.4516 23.6436 18.3502 75.9274 33.992 501.004 52.9518 1528.58
internal_count=40000 37861 16638 21223 9754 20355 9358 2915 17440 4649 4107 868 12791 11844 6741 6496 3584 4084 3540 1101 785 2862 383 739 5640 3846 3457 1323 389 578 2479 166 626 542 129 224 1794 528 220 191 103 81 316 152 2134 223 6884
is_linear=0
shrinkage=0.05


Tree=35
num_leaves=48
num_cat=0
split_feature=10 5 8 8 6 8 6 6 6 7 12 3 8 8 14 0 3 14 14 2 6 6 0 7 7 3 7 5 7 0 0 7 2 7 9 3 5 1 7 14 3 12 8 3 12 9 5
split_gain=264.842 17.2396 17.4618 54.7687 25.4691 52.8283 11.0645 10.8629 18.862 9.16607 8.02161 7.85388 10.165 12.2821 9.12569 8.03296 9.30107 7.73404 11.6636 8.11225 7.79112 9.83135 7.72998 7.58665 7.56346 11.0902 7.53223 7.42884 8.79187 9.84376 25.3992 7.21582 7.1214 7.11667 7.0346 7.83773 6.96977 7.23263 13.3722 6.85488 6.84731 8.07575 6.83633 10.4883 10.9636 7.33463 6.82336
threshold=-1.0000000180025095e-35 1.0000000180025095e-35 6.5000000000000009 4.5000000000000009 7.5000000000000009 3.5000000000000004 1.5000000000000002 21.500000000000004 25.500000000000004 4737.5000000000009 309254.00000000006 804.50000000000011 8.5000000000000018 9.5000000000000018 1.5000000000000002 176.50000000000003 738.50000000000011 2.5000000000000004 4.5000000000000009 48.500000000000007 17.500000000000004 13.500000000000002 10.500000000000002 4767.5000000000009 4235.5000000000009 1282.5000000000002 3695.5000000000005 45.500000000000007 2569.5000000000005 380.50000000000006 364.50000000000006 4334.5000000000009 30.500000000000004 3342.5000000000005 8.5000000000000018 441.50000000000006 37.500000000000007 4.5000000000000009 563.50000000000011 5.5000000000000009 860.50000000000011 1.0000000180025095e-35 7.5000000000000009 1103.5000000000002 951615.00000000012 17.500000000000004 44.500000000000007
decision_type=2 2 2 2 2 2 2 2 2 2 2 2 2 2 2 2 2 2 2 2 2 2 2 2 2 2 2 2 2 2 2 2 2 2 2 2 2 2 2 2 2 2 2 2 2 2 2
left_child=1 -1 3 4 5 -3 9 17 -9 39 40 14 42 -14 15 16 -4 -6 24 -20 21 22 -21 33 -19 -26 -22 28 29 30 -24 -29 -17 -8 -11 -36 -16 38 -38 -7 46 -42 -13 -44 45 -45 -5
right_child=-2 2 11 10 7 6 23 8 -10 34 -12 12 13 -15 36 32 -18 18 19 20 26 -23 27 -25 25 -27 -28 31 -30 -31 -32 -33 -34 -35 35 -37 37 -39 -40 -41 41 -43 43 44 -46 -47 -48
leaf_value=0.0086652575840906118 0.056038468134359344 -0.00022700233375558263 -0.048845667998919887 0.030907109831226843 -0.0037392612349965988 -0.018912556051601335 -0.015742438118365686 -0.013969621709210074 0.017667105779305907 -0.03119564429909474 0.0048887829246195939 -0.010434160728407166 0.009692537481891925 -0.015525976062147732 -0.010354815042840426 -0.0082904706016255752 0.022200629490704876 0.01027094256269117 -0.0024781842912776327 0.062749798152217817 0.021566250127128234 -0.0097573056776324319 -0.0014157585123766346 0.026858597242678445 -0.0063624374113419513 0.040111741683825718 -0.0017930188700490254 0.00064239809581970154 0.0095992105653745531 -0.011713727306253269 0.046759779387006623 -0.034401094113849444 0.022319620502318754 -0.026460184941727322 -0.0010626644304599273 0.060415534173873353 0.034323147201954556 0.0086631622678052297 -0.017524291459213262 0.014556130608040408 0.001644807166246181 0.032200079756157518 -0.040212832633981933 -0.01344470896957869 0.029626231762004903 -0.052357974212437298 -0.028021633638524675
leaf_weight=403.09635825455189 205.65300024300814 1229.737377628684 11.688797801733019 159.22090625762939 700.75548958778381 60.614098399877548 382.43268121778965 271.18659354746342 57.019343733787537 4.8110573440790203 81.109525680541992 164.90548299252987 95.787982240319252 97.347089998424053 404.60030550509691 25.614363722503185 7.6032315194606772 572.50433951616287 1214.9012145549059 5.5369661748409262 103.58006905019283 156.69796518981457 193.66165100038052 8.7242301255464536 141.72921726107597 14.115203619003294 51.75252702832222 36.97233422100544 430.82333338260651 134.167396530509 31.860545516014099 24.373594790697098 73.593062207102776 260.31112317740917 8.6763474345207232 12.880787149071692 14.678507745265959 124.25559514760971 81.410828001797199 20.464106723666191 62.309024199843407 33.118828430771828 65.821082204580307 62.957636192440987 12.434652850031851 14.993227347731588 5.068665698170661
leaf_count=1716 2139 5777 60 718 3181 305 1906 1316 253 22 378 799 444 587 2028 125 36 2563 5544 25 461 709 857 44 642 63 231 166 1916 604 137 111 348 1305 38 57 70 573 409 100 299 140 334 309 61 70 24
internal_value=1.75274e-06 -0.0014154 -0.00194115 -0.000893407 -0.00197802 -0.00662898 -0.0170027 0.000255194 -0.00847336 -0.00213682 0.0186149 -0.00733205 -0.0120828 -0.00301851 -0.0040459 0.00867568 -0.0208454 0.00100642 0.00207482 0.000383184 0.00335582 0.00175856 0.0038632 -0.0194545 0.00761256 -0.00215316 0.0137836 0.00348045 0.00478117 -0.000989704 0.00539022 -0.0132809 0.0144164 -0.0200831 0.0234713 0.0356717 -0.00645812 0.000697052 -0.00960413 -0.0104651 0.0229016 0.0122492 -0.0175346 -0.0250305 -0.0139743 -0.0209294 0.029089
internal_weight=8337.56 8131.9 7728.81 6471.12 6130.29 1988.65 758.914 4141.64 328.206 107.446 340.827 1257.69 514.247 193.135 743.445 118.499 19.292 3813.43 3112.68 2384.33 1169.43 1014.09 857.396 651.468 728.349 155.844 155.333 851.859 790.513 359.69 225.522 61.3459 99.2074 642.744 26.3682 21.5571 624.945 220.345 96.0893 81.0782 259.717 95.4279 321.112 156.207 90.3855 77.9509 164.29
internal_count=40000 37861 36145 29892 28333 9554 3777 18779 1569 522 1559 6253 2604 1031 3649 569 96 17210 14029 10761 5217 4525 3816 3255 3268 705 692 3791 3514 1598 994 277 473 3211 117 95 3080 1052 479 405 1181 439 1573 774 440 379 742
is_linear=0
shrinkage=0.05


Tree=36
num_leaves=48
num_cat=0
split_feature=10 1 1 12 12 8 1 12 12 4 3 9 12 6 7 2 3 0 5 12 0 5 0 3 3 12 7 0 2 6 3 12 3 12 0 7 5 5 5 5 12 0 0 8 6 4 3
split_gain=250.147 16.8084 15.7714 12.6092 20.2025 11.6082 10.2699 8.19078 11.125 7.5971 9.47286 8.51555 7.59566 6.53824 7.52394 6.1734 6.17313 6.6454 6.07957 8.5759 8.15436 9.29193 10.4875 15.6088 8.69447 8.56206 12.3791 8.38755 7.71338 7.60644 6.83366 6.55401 6.04515 7.51285 7.71337 5.97444 5.92173 11.7639 7.23659 6.16599 7.52425 8.7514 7.43323 6.06606 6.46813 5.90553 6.1243
threshold=-1.0000000180025095e-35 4.5000000000000009 1.5000000000000002 1.0000000180025095e-35 87870.500000000015 9.5000000000000018 2.5000000000000004 1.0000000180025095e-35 211001.00000000003 8.5000000000000018 13.500000000000002 8.5000000000000018 1.5000000000000002 10.500000000000002 248.50000000000003 11.500000000000002 1141.5000000000002 116.50000000000001 13.500000000000002 816542.00000000012 434.50000000000006 33.500000000000007 307.50000000000006 135.50000000000003 1197.5000000000002 1372732.5000000002 4134.5000000000009 422.50000000000006 48.500000000000007 18.500000000000004 700.50000000000011 97077.000000000015 484.50000000000006 1032891.0000000001 318.50000000000006 4737.5000000000009 40.500000000000007 42.500000000000007 4.5000000000000009 45.500000000000007 174825.50000000003 527.50000000000011 392.50000000000006 1.0000000180025095e-35 19.500000000000004 7.5000000000000009 588.50000000000011
decision_type=2 2 2 2 2 2 2 2 2 2 2 2 2 2 2 2 2 2 2 2 2 2 2 2 2 2 2 2 2 2 2 2 2 2 2 2 2 2 2 2 2 2 2 2 2 2 2
left_child=1 2 36 15 12 6 9 45 13 10 -4 -12 -5 -9 -15 -3 17 -7 19 30 21 32 24 -24 29 28 27 -27 -25 -23 -6 -32 -20 -34 -35 -16 38 -38 -1 40 41 43 -42 -39 -45 46 -8
right_child=-2 3 5 4 18 16 7 8 -10 -11 11 -13 -14 14 35 -17 -18 -19 20 -21 -22 22 23 25 -26 26 -28 -29 -30 -31 31 -33 33 34 -36 -37 37 39 -40 -41 42 -43 -44 44 -46 -47 -48
leaf_value=0.0055930330294386328 0.055709388428099929 -0.01810183743885679 0.01921076564699704 0.042020051055953224 0.0029576431994025598 0.010919785792087463 -0.012143955164005842 0.014520012357520276 -0.0057683093643196822 -0.0080852278915954472 -0.047184594147006688 -0.018428002101935528 0.0091656073982504839 -0.054149844936514473 0.0043478993525948775 -0.0017760501991983348 0.0019027191358313798 -0.045445712089183722 -0.0017489386687456544 -0.0051422847500677098 -0.0070445458535298546 0.004577402699417807 -0.02222260920368491 0.0032728515658243642 -0.0097490656858074901 -0.033518577331481593 0.059575332167217145 0.039470239908002899 0.030171390319168753 -0.01683317264167147 -0.041996032821791707 0.02169975673291076 -0.041696549462245235 0.05083535264518968 -0.034578530539334122 -0.03730934339009008 0.03215243687654367 0.04659064855038484 -0.0045714398557950391 -0.012148607291745234 -0.031326370110295362 -0.025798022289671631 0.0083556985409092115 0.0058636288021739341 0.034301722140754026 -0.011842300952558414 0.0099879929477022979
leaf_weight=222.78800946474075 196.74946521967649 59.534055709838867 13.65005239844322 18.036679029464722 125.35098531842232 6.0401427447795859 54.543829888105392 141.89813211560249 436.61748245358467 361.73247584700584 32.168435424566269 128.90821397304535 713.67493842542171 6.1868891716003409 154.24085554480553 2116.1202239841223 12.451176837086676 38.9479950517416 42.274000853300095 119.06003727018833 434.32651740312576 516.28069326281548 27.70794652402401 35.535352379083633 180.83871331810951 21.286669299006466 6.0083860903978339 4.8289835005998603 106.6115959584713 45.106773734092712 4.1803711056709281 119.04148860275745 29.714231342077255 5.1947136819362623 5.3813103884458542 9.1157780438661558 35.144846811890602 10.446933344006537 818.19070300459862 64.839380130171776 27.042195409536362 19.015084356069565 20.939162999391556 286.36603078246117 21.495720744132996 391.14320360124111 73.216059446334839
leaf_count=945 2139 286 62 82 531 38 308 599 2268 1904 190 706 2929 31 648 9869 81 277 188 541 1979 2226 124 154 812 99 28 22 455 201 17 497 133 24 26 38 151 46 3776 297 130 89 99 1258 93 2197 407
internal_value=1.82382e-06 -0.00134745 -0.0040369 0.000575976 0.00295414 -0.00712682 -0.00642204 -0.00396682 -0.000618509 -0.0122206 -0.0207819 -0.0241709 0.00997547 0.00660112 -2.65364e-05 -0.00222278 -0.0292547 -0.037878 0.000144758 0.00589206 -0.00130135 0.00112804 0.00253458 0.0126361 -0.00021432 0.0181784 -0.00513466 -0.0200224 0.023447 0.00285709 0.0111772 0.0195388 -0.0149571 -0.0288155 0.00737492 0.0020233 -0.000269595 0.00429182 -0.00239606 0.00211661 0.00451717 0.00715236 -0.014009 0.00912075 0.00784925 -0.0087938 0.000539322
internal_weight=8319.97 8123.22 3387.13 4736.09 2560.44 1860.86 1803.42 1266.96 748.059 536.459 174.727 161.077 731.712 311.442 169.544 2175.65 57.4393 44.9881 1828.73 367.633 1461.1 1026.77 944.205 201.979 742.226 174.271 32.124 26.1157 142.147 561.387 248.573 123.222 82.5643 40.2903 10.576 163.357 1526.27 485.289 1040.98 450.145 385.305 337.324 47.9814 318.309 307.862 518.903 127.76
internal_count=40000 37861 16638 21223 11068 9754 9358 6496 3584 2862 958 896 3011 1316 717 10155 396 315 8057 1586 6471 4492 4121 882 3239 758 149 121 609 2427 1045 514 371 183 50 686 6884 2163 4721 2012 1715 1486 229 1397 1351 2912 715
is_linear=0
shrinkage=0.05


Tree=37
num_leaves=48
num_cat=0
split_feature=10 6 6 6 6 6 6 8 8 8 4 9 12 6 2 12 12 14 8 8 8 5 7 7 3 3 3 12 4 7 0 0 6 3 0 0 12 14 3 3 3 4 12 12 0 0 3
split_gain=236.353 15.5463 25.9363 13.5264 17.0054 15.4273 16.2442 13.4076 56.7959 29.124 11.3558 9.88945 13.626 9.68274 9.53829 8.37345 8.27705 8.21379 10.7713 23.3566 9.16358 8.97144 8.33216 8.14671 7.46196 7.3548 8.84748 7.30337 7.71943 7.10846 7.03954 13.0303 9.49672 7.02611 9.62894 9.84992 9.72371 8.15866 8.69309 18.0579 7.07315 7.80367 7.05792 7.36457 6.98669 8.73557 6.92139
threshold=-1.0000000180025095e-35 7.5000000000000009 4.5000000000000009 12.500000000000002 14.500000000000002 21.500000000000004 25.500000000000004 6.5000000000000009 4.5000000000000009 3.5000000000000004 10.500000000000002 14.500000000000002 1438190.5000000002 1.5000000000000002 32.500000000000007 1819251.5000000002 206591.00000000003 1.5000000000000002 8.5000000000000018 9.5000000000000018 7.5000000000000009 34.500000000000007 335.50000000000006 4737.5000000000009 25.500000000000004 728.50000000000011 1016.5000000000001 16361.000000000002 6.5000000000000009 3751.5000000000005 29.500000000000004 254.50000000000003 16.500000000000004 183.50000000000003 41.500000000000007 369.50000000000006 745325.50000000012 2.5000000000000004 804.50000000000011 834.50000000000011 551.50000000000011 7.5000000000000009 681.00000000000011 36646.000000000007 556.50000000000011 525.50000000000011 448.50000000000006
decision_type=2 2 2 2 2 2 2 2 2 2 2 2 2 2 2 2 2 2 2 2 2 2 2 2 2 2 2 2 2 2 2 2 2 2 2 2 2 2 2 2 2 2 2 2 2 2 2
left_child=1 2 7 10 25 14 -7 8 9 24 11 12 27 23 16 -10 -6 -9 20 -20 -19 -22 -23 -11 -1 29 -27 -3 -29 -5 -16 32 -32 34 -13 36 42 40 44 -40 -35 -42 -36 -44 45 -39 -18
right_child=-2 3 -4 4 5 6 -8 17 15 13 -12 33 -14 -15 30 -17 46 18 19 -21 21 22 -24 -25 -26 26 -28 28 -30 -31 31 -33 -34 37 35 -37 -38 38 39 -41 41 -43 43 -45 -46 -47 -48
leaf_value=0.027413535408449926 0.055400019767216049 0.02304007131377063 -0.016211670459891109 0.001485500469231249 0.0016481927846657086 -0.013265000591147165 0.015559239367586838 0.0027962006510907564 0.019818732757715382 -0.010672331046140252 -0.039593912552740668 0.028529394222280114 -0.0040878147922499258 -0.019982875180462736 0.025159529808606675 -0.024387010284380062 0.0056995884428451549 -0.0064319394485211874 0.01004535721732073 -0.013252486309512777 -0.029965397611076555 0.018909054131102037 -0.015299532005804882 0.020317987975259532 -0.00040103932931879007 -0.034077183290565485 -0.011024435633176281 -0.038159269620606548 0.0098718540738648025 -0.019260738556081989 0.045477376878411219 0.011969743364332559 -0.013559971615200173 -0.019423125741594889 -0.019293802076500118 -0.00020716830733457116 -0.053266556177485769 0.008217657207352725 -0.035693175277485049 0.0022321441053955514 -0.036040572117345966 0.0010403883938627052 0.061261991264683124 -0.0028606024824758877 -0.0083571251049016464 0.031628068479053251 -0.036604497689022956
leaf_weight=24.583475053310394 188.17253880947828 117.00611440837383 370.28727273643017 117.00738659501076 114.82018016278744 288.48751172423363 58.850293144583702 213.14325800538063 344.11257167160511 81.456626653671265 15.911617115139959 22.077581092715263 174.91197776794434 294.45695708692074 57.045338600873947 11.056602194905279 13.971014156937597 363.33870576322079 212.79050593078136 217.56841626763344 105.6132927685976 19.63909387588501 190.11507880687714 28.670745372772217 1259.5042728483677 69.381364360451698 104.02429085969925 8.5454760044813138 396.6885309368372 63.804241687059402 7.356029048562049 271.0990060120821 92.065309509634972 62.303799867630005 100.92801547050476 339.44109801948071 15.006511583924292 618.04238000512123 32.798297807574272 729.39898928999901 14.956057429313658 276.47363531589508 4.8683150857686988 55.822564572095871 58.106532201170921 42.59495410323143 31.397503435611725
leaf_count=113 2139 493 1899 537 530 1400 260 1036 1560 409 86 93 840 1438 241 56 67 1732 978 1288 515 92 924 126 5906 318 486 48 1748 297 32 1210 416 282 472 1548 71 2730 152 3258 79 1226 20 246 267 182 154
internal_value=2.20947e-06 -0.00128292 -0.00365161 0.000739901 -0.00356115 -2.69352e-05 -0.00838124 -0.00226992 0.000268196 -0.00355432 0.00253692 0.00275528 0.00799077 -0.0152524 0.0049101 0.0184426 -0.00549611 -0.00619328 -0.0079209 -0.00173289 -0.0118446 -0.0180807 -0.0120966 -0.00260426 0.000131462 -0.0128911 -0.0202481 0.0120362 0.00885899 -0.00583537 0.00880882 0.00629146 -0.00919189 0.00121705 -0.00380667 -0.00519002 -0.0147661 0.0026906 0.00432016 0.00060017 -0.0041317 -0.000862592 -0.0111913 0.00228299 0.00826505 0.00972706 -0.0235772
internal_weight=8299.7 8111.53 3736.34 4375.19 1289.31 935.092 347.338 3366.05 2043.84 1688.67 3085.88 3069.97 697.152 404.584 587.754 355.169 160.189 1322.21 1109.07 430.359 678.706 315.367 209.754 110.127 1284.09 354.217 173.406 522.24 405.234 180.812 427.566 370.52 99.4213 2372.82 538.144 516.067 176.625 1834.67 1480.94 762.197 353.733 291.43 161.619 60.6909 718.744 660.637 45.3685
internal_count=40000 37861 18072 19789 5948 4310 1660 16173 9608 7992 13841 13755 3129 1973 2650 1616 751 6565 5529 2266 3263 1531 1016 535 6019 1638 804 2289 1796 834 1899 1658 448 10626 2450 2357 809 8176 6589 3410 1587 1305 738 266 3179 2912 221
is_linear=0
shrinkage=0.05


Tree=38
num_leaves=48
num_cat=0
split_feature=10 1 1 5 8 1 1 6 6 6 7 2 3 3 8 0 3 7 6 7 12 12 12 2 14 12 12 2 7 9 0 14 7 12 3 0 0 12 14 3 3 5 7 7 7 7 0
split_gain=223.398 14.9557 14.377 11.4488 10.45 10.4324 9.24281 8.30857 8.10299 7.41125 8.76178 7.33811 9.38427 9.33115 7.8635 8.1917 12.5397 7.73252 13.7761 8.84066 7.64115 7.4763 10.2864 7.54258 8.34231 7.26691 9.79285 7.1726 6.85087 6.7175 6.41411 10.5946 11.3863 6.62992 6.57592 6.36827 6.2101 8.72361 6.17194 6.14642 6.11215 5.99824 6.59872 6.26307 5.9326 7.3737 5.84684
threshold=-1.0000000180025095e-35 4.5000000000000009 1.5000000000000002 1.0000000180025095e-35 9.5000000000000018 5.5000000000000009 2.5000000000000004 1.5000000000000002 13.500000000000002 16.500000000000004 2876.5000000000005 15.500000000000002 1179.5000000000002 1144.5000000000002 3.5000000000000004 410.50000000000006 900.50000000000011 2003.5000000000002 10.500000000000002 1449.5000000000002 1383447.0000000002 1.0000000180025095e-35 44623.000000000007 45.500000000000007 1.0000000180025095e-35 1.0000000180025095e-35 206591.00000000003 19.500000000000004 532.50000000000011 22.500000000000004 392.50000000000006 4.5000000000000009 330.50000000000006 46627.500000000007 68.500000000000014 144.50000000000003 362.50000000000006 130698.50000000001 1.0000000180025095e-35 134.50000000000003 384.50000000000006 42.500000000000007 2959.5000000000005 2569.5000000000005 1363.5000000000002 922.50000000000011 223.50000000000003
decision_type=2 2 2 2 2 2 2 2 2 2 2 2 2 2 2 2 2 2 2 2 2 2 2 2 2 2 2 2 2 2 2 2 2 2 2 2 2 2 2 2 2 2 2 2 2 2 2
left_child=1 2 -1 8 6 11 9 -7 27 29 -11 12 13 14 -5 16 -16 18 19 -18 21 -13 23 39 -25 -8 -27 -3 -29 -4 31 32 -24 -33 -35 -14 -34 -38 -12 -23 -10 42 43 -31 45 -6 -20
right_child=-2 3 4 5 44 7 25 -9 40 10 38 20 35 -15 15 -17 17 -19 46 -21 -22 22 30 24 -26 26 -28 28 -30 41 -32 33 36 34 -36 -37 37 -39 -40 -41 -42 -43 -44 -45 -46 -47 -48
leaf_value=-0.00016776259500286388 0.055108993979742921 0.035062565715107373 -0.017290572013727211 0.010528684880282572 -0.02322649072361516 0.026970012979212584 -0.0082967338056998859 -0.0070541923080622813 0.027979671784522986 0.023051045608110044 0.041075480379024948 -0.00015586320770115714 -0.027356362551104876 0.066219174289260704 -0.017574900770795605 0.00035421361918286799 -0.042362950477374206 -0.010936029531560858 0.068744601465965352 0.035881006528659241 -0.0070375742794655102 -0.021290253616914726 -0.023850207295463853 -0.02335073915784612 0.012296525439634559 0.0062405401392173756 -0.0053879102123525584 0.056003933849736093 0.0081185184674433756 -0.0041863227963517286 -0.0017631942488360215 -0.057679192670856777 0.012699471500300201 -0.02266443512973175 0.0032348578911483984 -0.0040519165756952155 -0.021644122993025955 0.048029326670631645 -0.01882394194306667 0.031778564699515857 -0.024087878272688538 -0.033521200226999462 0.013370805090189165 -0.054691951192430401 -0.037732134205535277 0.054965214135917852 0.014951403494271064
leaf_weight=1523.8497666567564 179.91657938808203 38.8803970515728 351.53849497437477 121.84095039963722 10.493541955947874 18.504461526870728 515.7094114869833 591.14326038956642 7.4077543318271664 31.566598206758499 4.8672748208045951 1098.0441467761993 59.790998384356499 5.1484905034303656 179.36638729274273 533.91722430288792 9.6448107212781888 30.530856445431709 13.608023241162302 5.7698235213756552 203.47044086456299 5.9224757552146903 20.041609019041061 18.144787982106209 171.90779696404934 308.72487331926823 437.805305108428 7.9134324789047232 133.08111734688282 33.64820297062397 412.33208538591862 4.6867153942584983 289.53347077965736 25.694638922810555 531.02035710215569 57.511744618415833 5.425023719668391 26.140179127454758 36.929383039474487 69.288277164101601 23.570812821388245 14.001006796956061 52.232725128531456 7.507927492260932 41.234576396644115 4.2307387441396704 8.0333459377288801
leaf_count=6884 2139 161 1921 544 73 78 2912 2837 31 159 24 5103 280 23 822 2410 48 140 59 26 947 24 88 74 711 1302 2282 33 545 176 1794 19 1232 115 2260 262 22 110 200 292 98 79 263 40 295 28 35
internal_value=2.21819e-06 -0.00122156 -0.00376428 0.000593425 -0.00672596 6.17654e-05 -0.00606245 -0.00602147 0.0119815 -0.0115882 0.00316796 0.00101104 -0.00262205 -0.000902481 -0.0012853 -0.00312866 -0.0106587 0.00769596 0.0230471 -0.0130756 0.00230352 0.0030132 0.00521539 0.0141971 0.00889319 -0.00373221 -0.000579006 0.0160492 0.0108061 -0.0139471 0.00340342 0.00576383 0.0127132 0.00154096 0.0020395 -0.0159305 0.0149954 0.0360547 -0.0118486 0.0275997 -0.0116372 -0.00300235 0.00157308 -0.0133998 -0.0280037 -0.000759609 0.0487764
internal_weight=8281.57 8101.66 3374.34 4727.32 1850.49 4516.46 1794.53 609.648 210.854 532.292 73.3633 3906.81 1025.16 907.86 902.711 780.87 246.953 67.5869 37.056 15.4146 2881.65 2678.18 1580.14 265.263 190.053 1262.24 746.53 179.875 140.995 458.928 1314.87 902.542 341.14 561.402 556.715 117.303 321.099 31.5652 41.7967 75.2108 30.9786 107.39 93.3889 41.1561 55.9589 14.7243 21.6414
internal_count=40000 37861 16638 21223 9754 20355 9358 2915 868 2862 383 17440 4649 4107 4084 3540 1130 308 168 74 12791 11844 6741 1101 785 6496 3584 739 578 2479 5640 3846 1452 2394 2375 542 1364 132 224 316 129 558 479 216 396 101 94
is_linear=0
shrinkage=0.05


Tree=39
num_leaves=48
num_cat=0
split_feature=10 5 5 3 3 12 12 12 3 5 12 5 5 12 12 3 8 7 8 7 5 5 5 8 0 1 0 0 0 6 3 3 8 3 7 3 3 14 12 3 7 7 14 8 14 5 3
split_gain=211.22 14.4694 47.9731 11.6519 16.8795 11.1206 14.4658 18.2294 11.807 9.56529 13.7467 10.8446 13.4057 9.6391 9.54519 8.76201 9.55479 8.71943 8.12967 9.10524 8.11627 9.26774 18.8133 12.5123 12.449 10.6215 10.6478 9.92873 9.21794 8.41619 7.66666 7.65496 7.51323 7.4864 7.30719 7.05892 10.8674 9.00758 12.9955 7.79536 8.35738 7.72487 7.59897 7.50163 7.05104 6.80195 6.59853
threshold=-1.0000000180025095e-35 13.500000000000002 33.500000000000007 1305.5000000000002 1282.5000000000002 684837.00000000012 1.0000000180025095e-35 1.5000000000000002 1280.5000000000002 42.500000000000007 557.00000000000011 40.500000000000007 37.500000000000007 677152.00000000012 1819251.5000000002 710.50000000000011 3.5000000000000004 4555.5000000000009 7.5000000000000009 934.50000000000011 45.500000000000007 41.500000000000007 42.500000000000007 9.5000000000000018 483.50000000000006 7.5000000000000009 86.500000000000014 540.50000000000011 442.50000000000006 9.5000000000000018 700.50000000000011 640.50000000000011 5.5000000000000009 1259.5000000000002 969.50000000000011 1086.5000000000002 1007.5000000000001 2.5000000000000004 373338.00000000006 804.50000000000011 1953.5000000000002 4690.5000000000009 3.5000000000000004 3.5000000000000004 5.5000000000000009 32.500000000000007 912.50000000000011
decision_type=2 2 2 2 2 2 2 2 2 2 2 2 2 2 2 2 2 2 2 2 2 2 2 2 2 2 2 2 2 2 2 2 2 2 2 2 2 2 2 2 2 2 2 2 2 2 2
left_child=1 14 45 4 5 6 20 -8 9 10 -9 12 13 35 17 -13 -17 18 19 46 21 23 24 25 -23 -4 -27 44 -24 -22 31 -19 -26 -31 -6 36 37 38 39 41 -41 43 -39 -12 -28 -3 -1
right_child=-2 2 3 -5 34 -7 7 8 -10 -11 11 15 -14 -15 -16 16 -18 30 -20 -21 29 22 28 -25 32 26 27 -29 -30 33 -32 -33 -34 -35 -36 -37 -38 42 -40 40 -42 -43 -44 -45 -46 -47 -48
leaf_value=0.0034218723186963092 0.054835061055960643 -0.012924440755630845 -0.00405393395393588 -0.011922577888046286 0.041986707643547054 -0.0058211439116529224 0.056826137867812425 0.024614824424868613 -0.05999389282414757 -0.0011856815327631947 0.043741949659326165 0.027959061355248695 -0.023096444066258024 0.062165372434932448 -0.019704462264995313 0.061780621761877354 -0.00854830655002288 -0.0065865687850721307 -0.0051461012912087352 0.0094255545782397018 -0.029256444841112152 0.042491296514279242 0.0022453715128634586 -0.028224445152729979 -0.017711769667955707 0.064784117990735746 -0.011412841588552795 0.07850934965815648 -0.012008125885984988 -0.0079292321666559386 0.0031235137601337394 -0.035965031796855083 0.036224517586013555 0.051355158164780368 0.011849585761627127 -0.0038772242452384184 0.030349078929506414 0.026336677156335416 -0.038541622322155772 0.02087044657703347 -0.052941374954033942 0.053439491821228473 0.0054971740855304018 -0.0052076858566812989 0.029586250522970588 -0.044919724395195461 -0.015885560702677437
leaf_weight=159.14876945316792 171.97526004910469 794.4033822491765 1298.771718904376 218.1382375061512 24.662841081619263 849.68416135758162 16.070571213960648 94.49261163175106 7.3292716890573493 664.83465592563152 9.3229427039623243 83.175795383751392 47.246371269226074 7.1232086569070807 44.825498424470425 5.5268795043230048 38.268385365605354 117.9342213049531 153.74004139006138 873.19474504888058 54.018496513366699 46.028454408049583 854.92533051967621 51.346765726804733 19.037747621536258 9.8264133036136609 33.295902714133263 4.5799086540937415 130.78297831118107 68.878639236092567 191.47933136671782 27.307064704596996 9.7701299637556058 5.7713554501533499 109.03763210773468 224.98718301951885 44.126887872815132 48.404529586434364 26.825830310583115 5.7368003129959133 11.567745462059973 8.5925690308213216 454.3458531498909 48.779928609728813 15.308349415659903 16.965972803533077 61.296498253941536
leaf_count=710 2139 4028 6208 1019 111 4143 72 397 33 2953 39 359 208 32 222 25 180 539 753 3897 283 207 4054 331 92 47 161 21 629 317 860 128 49 25 507 984 191 207 122 25 49 38 1956 208 74 91 277
internal_value=2.67626e-06 -0.0011628 -0.00222441 -0.000591938 -0.000136963 -0.000579682 0.000421326 0.00380573 0.0033403 0.00359488 0.00633827 0.0047152 0.0028571 0.00423515 0.00304863 0.0184281 0.000327071 0.00369247 0.00561981 0.00713325 -0.00198043 -0.00134358 0.00218916 -0.00399489 0.026358 -0.0030813 0.0169666 0.00813177 0.000354229 -0.0142238 -0.00344735 -0.0121101 0.000580607 -0.00334583 0.0174088 0.00376766 0.00638283 0.00465923 -0.00824391 0.00143182 -0.0284713 0.00919037 0.00750359 0.00264657 0.00150019 -0.0135935 -0.00194671
internal_weight=8262.89 8090.92 6461.99 5650.62 5432.48 5298.78 4449.1 1846.76 1830.69 1823.36 1158.52 1064.03 937.06 889.813 1628.93 126.971 43.7953 1584.1 1247.38 1093.64 2602.34 2473.67 1060.54 1413.13 74.8363 1361.78 63.0106 53.1842 985.708 128.668 336.721 145.241 28.8079 74.65 133.7 882.69 657.703 613.576 110.826 84 17.3045 66.6954 502.75 58.1029 48.6043 811.369 220.445
internal_count=40000 37861 30475 26356 25337 24719 20576 8078 8006 7973 5020 4623 4059 3851 7386 564 205 7164 5637 4884 12498 11873 5031 6842 348 6511 303 256 4683 625 1527 667 141 342 618 3819 2835 2644 481 359 74 285 2163 247 235 4119 987
is_linear=0
shrinkage=0.05


Tree=40
num_leaves=48
num_cat=0
split_feature=10 6 6 5 5 3 6 6 6 6 4 3 9 12 9 12 2 12 3 0 9 5 12 5 7 7 7 7 3 3 3 5 12 3 7 3 0 0 12 14 3 3 12 3 4 7 2
split_gain=199.768 13.7219 23.7769 12.282 24.9148 12.4336 12.1071 15.0574 13.9587 14.8305 10.1229 9.84507 9.31164 8.89468 8.64031 10.9515 8.22672 7.44833 7.35039 11.3339 6.70484 7.45513 6.76239 8.86423 8.24659 12.3817 8.62531 6.72195 6.64268 8.11408 6.48803 6.35039 6.53519 6.33985 6.33139 6.32277 8.50827 8.68508 8.09421 7.16778 7.6126 16.1458 6.99704 6.31056 7.09932 6.2803 6.22829
threshold=-1.0000000180025095e-35 7.5000000000000009 4.5000000000000009 9.5000000000000018 34.500000000000007 352.50000000000006 12.500000000000002 14.500000000000002 21.500000000000004 24.500000000000004 10.500000000000002 175.50000000000003 5.5000000000000009 1194898.5000000002 14.500000000000002 1438190.5000000002 32.500000000000007 206591.00000000003 667.50000000000011 434.50000000000006 15.500000000000002 43.500000000000007 343423.00000000006 41.500000000000007 4274.5000000000009 4690.5000000000009 446.50000000000006 151.50000000000003 728.50000000000011 1016.5000000000001 487.50000000000006 1.5000000000000002 1.5000000000000002 448.50000000000006 3751.5000000000005 183.50000000000003 41.500000000000007 366.50000000000006 745325.50000000012 2.5000000000000004 804.50000000000011 830.50000000000011 681.00000000000011 551.50000000000011 7.5000000000000009 4836.5000000000009 38.500000000000007
decision_type=2 2 2 2 2 2 2 2 2 2 2 2 2 2 2 2 2 2 2 2 2 2 2 2 2 2 2 2 2 2 2 2 2 2 2 2 2 2 2 2 2 2 2 2 2 2 2
left_child=1 2 3 13 -5 11 10 28 16 -10 14 -6 -7 -1 15 31 17 -9 -11 -20 21 22 23 30 26 -26 -25 -24 34 -30 -14 -3 -33 -19 -8 36 -16 38 42 43 -41 -42 -38 -37 -45 -43 -17
right_child=-2 6 -4 4 5 12 7 8 9 18 -12 -13 20 -15 35 46 -18 33 19 -21 -22 -23 27 24 25 -27 -28 -29 29 -31 -32 32 -34 -35 -36 39 37 -39 -40 40 41 45 -44 44 -46 -47 -48
leaf_value=0.0058697648628632569 0.054577063509518735 0.029184145127966295 -0.015421820091215885 -0.014284393605046311 -0.0029721573755365389 0.023875258079149322 0.0015148468215331495 0.0017939648909029646 -0.014302713547631463 -0.0094721669597657761 -0.03785946927289173 0.010705270153655071 -0.024045538716780845 -0.01737861246130341 0.026807242720664311 0.0091187362225406896 0.0083493916952216089 0.0056851111400298849 0.032261709382724588 -0.017180296972226214 0.0012644843317933866 -0.016255314593767268 0.055791750211026982 0.029369386183593915 0.090800266260000498 0.0098516894623508905 -0.0013318625940741432 -0.014493637077610925 -0.032472468989828376 -0.010283886601494617 -0.0041011134797111449 0.051865285150801722 0.0087181375012342476 -0.034935076700599497 -0.018132648173914891 -0.018264141040371395 -0.019066806815743232 -0.00025393730612004899 -0.050633680724561349 0.0078755541637077989 -0.034977851166519323 0.0018183051208595668 0.0027611619674596244 -0.034598089041774326 0.0011343263470387005 0.060555456413341868 -0.010505035057440548
leaf_weight=590.08240274339914 164.34166422486305 44.968542650341988 366.95972310006618 445.87174152582884 219.9709360152483 30.642403602600098 116.805863276124 114.60842506587505 250.69695717096329 34.594914227724075 15.461451381444929 327.37696027755737 43.50028583407402 44.225447259843349 22.179782390594482 64.038787841796875 427.66279004514217 13.962616235017775 44.685838997364044 15.650813579559324 453.75169871747494 150.87794581055641 3.4674664437770835 26.627104490995407 6.9063798338174847 14.948807597160338 162.44421137869358 179.54616995155811 68.495690301060677 103.4008514881134 651.22527614235878 8.9438255578279477 467.55913285911083 30.784733697772026 63.184224858880043 61.759294018149376 97.082422524690628 344.13995677232742 13.896650239825247 718.69804561138153 30.442458882927895 725.78702647984028 59.041383594274521 14.637689292430876 276.03115659952164 4.5795840770006171 109.69391898810863
leaf_count=2672 2139 190 1899 2356 1045 127 537 530 1233 158 86 1510 214 222 93 317 1899 67 195 74 2050 773 17 124 33 72 784 898 318 486 3276 41 2058 154 297 282 459 1572 67 3179 143 3247 259 79 1226 20 523
internal_value=2.78048e-06 -0.00110696 -0.00333877 -0.00201577 -0.00347822 -0.00135688 0.000794923 -0.00328266 4.25241e-05 -0.00792926 0.00249609 0.00520852 -0.00344138 0.00424883 0.00269976 0.00760079 0.0047362 -0.0049605 0.00890186 0.0194369 -0.00393571 -0.00583931 -0.00439576 -0.00262429 0.00635312 0.035432 0.00299183 -0.013162 -0.0120958 -0.0191254 -0.00534993 0.011223 0.009528 -0.0222603 -0.00538226 0.00126107 -0.00351359 -0.00482156 -0.0140669 0.00265896 0.00418542 0.000699531 -0.0108121 -0.00374915 -0.00066511 0.0021866 -0.00327161
internal_weight=8246.24 8081.9 3718.42 3351.47 2717.16 2271.29 4363.47 1284.53 932.647 345.629 3078.94 547.348 1723.94 634.308 3063.48 695.204 587.019 159.356 94.9316 60.3367 1693.3 1239.54 1088.67 905.652 210.927 21.8552 189.071 183.014 351.887 171.897 694.726 521.472 476.503 44.7473 179.99 2368.28 536.34 514.16 170.02 1831.94 1479.51 760.809 156.124 352.428 290.669 730.367 173.733
internal_count=40000 37861 18072 16173 13279 10923 19789 5948 4310 1660 13841 2555 8368 2894 13755 3129 2650 751 427 269 8241 6191 5418 4503 1013 105 908 915 1638 804 3490 2289 2099 221 834 10626 2450 2357 785 8176 6589 3410 718 1587 1305 3267 840
is_linear=0
shrinkage=0.05


Tree=41
num_leaves=48
num_cat=0
split_feature=10 1 1 1 5 8 1 5 8 4 3 12 2 5 7 3 3 3 5 5 5 0 12 12 4 0 12 6 0 3 0 6 7 12 12 12 14 2 7 0 5 5 6 0 6 0 3
split_gain=188.993 12.9569 13.2658 9.73651 11.7915 9.48462 8.41471 7.25238 7.89357 7.18381 8.63873 12.5711 6.87291 6.65021 10.5548 6.48404 5.93748 7.25739 5.86214 10.0932 7.94603 6.99356 9.69514 6.91295 6.21325 8.7144 6.49243 8.6377 5.99766 5.8196 6.45833 5.70156 5.54753 5.65895 10.482 10.0072 7.93174 7.7421 7.35377 6.68417 7.3427 6.06743 7.64875 11.0932 8.36921 7.01901 6.95038
threshold=-1.0000000180025095e-35 4.5000000000000009 1.5000000000000002 5.5000000000000009 12.500000000000002 9.5000000000000018 2.5000000000000004 33.500000000000007 3.5000000000000004 8.5000000000000018 739.50000000000011 764489.00000000012 28.500000000000004 1.0000000180025095e-35 735.50000000000011 1315.5000000000002 22.500000000000004 68.500000000000014 33.500000000000007 42.500000000000007 41.500000000000007 441.50000000000006 460596.00000000006 147378.00000000003 7.5000000000000009 410.50000000000006 157968.00000000003 13.500000000000002 83.500000000000014 1141.5000000000002 116.50000000000001 1.5000000000000002 4805.5000000000009 172694.00000000003 1.0000000180025095e-35 53.500000000000007 4.5000000000000009 45.500000000000007 2483.5000000000005 559.50000000000011 47.500000000000007 37.500000000000007 18.500000000000004 144.50000000000003 13.500000000000002 297.50000000000006 134.50000000000003
decision_type=2 2 2 2 2 2 2 2 2 2 2 2 2 2 2 2 2 2 2 2 2 2 2 2 2 2 2 2 2 2 2 2 2 2 2 2 2 2 2 2 2 2 2 2 2 2 2
left_child=1 2 32 4 16 6 9 8 -6 10 11 -4 -10 14 -8 -9 -3 -18 -15 20 -20 22 24 -22 -21 26 28 -28 -26 30 -7 -5 33 34 39 -36 37 -35 -37 40 41 -1 43 -43 45 -45 -47
right_child=-2 3 5 31 7 29 13 15 12 -11 -12 -13 -14 18 -16 -17 17 -19 19 21 23 -23 -24 -25 25 -27 27 -29 -30 -31 -32 -33 -34 36 35 38 -38 -39 -40 -41 -42 42 -44 44 -46 46 -48
leaf_value=-0.0020020022019253164 0.054333956831260924 0.027176796346959339 9.1817371288389565e-05 0.021215898009043332 0.011954261879560528 0.01292348038695105 -0.033052925555653631 0.0014775283938421948 -0.020233032215709046 -0.0069151470333596345 -0.030141499197620214 -0.057281391023653552 -0.0039421405449814109 -0.0096745356344714248 0.019091744650789916 -0.011213771233007203 -0.028654914382385738 0.0069655573019042592 0.00065013060163393349 0.02417876289500992 0.038046956408786317 -0.015867020693167172 -0.020167357329548691 -0.0036559963675965529 0.034191025622360406 0.047824517956884374 0.0418184938831105 -0.043159921570681346 -0.017370093707534222 0.0036472598454462416 -0.043433737198821737 -0.0058899013550655563 0.038809130426364941 0.022623779128994968 0.06235048279598579 0.022936998133369736 -0.016041352809011984 -0.0069068973556091822 -0.0010601599963499971 -0.015079535020988341 -0.050127104515102106 -0.015950152722543805 0.029637293467772691 0.023733243222848689 -0.023056075608486628 -0.024268357510253621 0.0082107369802916618
leaf_weight=681.62403477728367 157.00838130712509 35.532705426216125 70.787816569209099 20.018337532877922 47.588151142001152 5.9069451987743369 11.471324458718298 2894.190688341856 104.07523302733898 356.5858321338892 89.21245738863945 11.036145798861979 171.31142202019691 359.083615899086 63.005159199237823 104.26630036532879 14.600201517343519 694.33173142373562 434.89777873456478 33.670147389173508 27.769150465726852 167.48054957389832 50.326729074120522 15.475204676389692 6.2106575369834891 8.3508584350347501 12.893681287765505 3.8932818472385398 61.378954187035561 12.172943174839018 36.465096943080425 628.42937643826008 9.1659124046564084 33.243032544851303 9.965189650654791 60.777463033795357 123.30454663932323 66.782229647040367 67.24966062605381 73.541544571518898 7.1143072694540015 59.470546782016754 31.044676646590233 69.597799554467201 20.574825242161751 18.047091245651245 188.70549885928631
leaf_count=3096 2139 149 384 84 222 38 53 12924 495 1904 500 74 785 1919 274 477 63 3021 2205 172 128 907 277 74 32 42 64 20 329 81 277 3003 42 159 41 252 596 315 289 344 35 268 134 305 89 83 836
internal_value=2.77871e-06 -0.00105393 -0.00342731 0.000636747 0.00154419 -0.00628521 -0.0056571 0.000269408 -0.00684948 -0.0109558 -0.0193799 -0.00764649 -0.0100989 -0.00343107 0.0110601 0.00103621 0.00723165 0.00623197 -0.00434458 -0.00201721 0.00268266 -0.00854591 -0.00160775 0.0231234 0.00578199 -0.000898041 -0.00572018 0.02211 -0.0126323 -0.0268234 -0.0355772 -0.00505311 2.81684e-05 -0.000207075 0.0010672 0.0140884 -0.00755451 0.00290752 0.0103319 -0.000495637 0.000500965 0.00083788 0.00583409 0.00376065 0.00770849 0.00999897 0.00537569
internal_weight=8229.64 8072.63 3358.28 4714.34 4065.9 1838.07 1783.53 3321.43 322.975 527.622 171.036 81.824 275.387 1255.91 74.4765 2998.46 744.465 708.932 1181.43 822.347 478.142 344.205 176.724 43.2444 126.398 92.7274 84.3766 16.787 67.5896 54.545 42.372 648.448 1520.21 1511.04 1287.71 137.992 223.33 100.025 128.027 1149.72 1076.18 1069.06 387.44 356.396 296.925 276.35 206.753
internal_count=40000 37861 16638 21223 18136 9754 9358 14903 1502 2862 958 458 1280 6496 327 13401 3233 3084 6169 4250 2407 1843 936 202 659 487 445 84 361 396 315 3087 6884 6842 5772 582 1070 474 541 5190 4846 4811 1715 1581 1313 1224 919
is_linear=0
shrinkage=0.05


Tree=42
num_leaves=48
num_cat=0
split_feature=10 8 8 6 8 6 6 6 6 4 4 5 7 6 6 0 0 2 8 8 3 14 8 3 12 9 6 12 3 0 12 1 4 7 9 3 14 3 0 14 5 7 0 6 3 12 5
split_gain=178.849 12.4952 48.2758 20.572 42.0257 10.9263 13.4277 12.7976 13.5879 9.18945 7.89108 9.6185 9.76626 7.66271 22.0873 8.59746 9.51645 8.92919 7.56096 25.343 10.9432 11.0371 8.24268 10.2643 9.48735 7.80734 7.5525 7.10303 6.68403 9.9928 6.61395 6.58077 6.83446 6.51816 6.86783 6.76417 6.686 6.47031 6.38153 6.35261 7.98178 7.90251 6.57476 6.30635 6.30168 6.8563 6.39951
threshold=-1.0000000180025095e-35 6.5000000000000009 4.5000000000000009 7.5000000000000009 3.5000000000000004 12.500000000000002 14.500000000000002 21.500000000000004 24.500000000000004 10.500000000000002 8.5000000000000018 1.5000000000000002 644.50000000000011 16.500000000000004 15.500000000000002 39.500000000000007 254.50000000000003 32.500000000000007 8.5000000000000018 9.5000000000000018 810.50000000000011 4.5000000000000009 7.5000000000000009 1103.5000000000002 951615.00000000012 17.500000000000004 1.5000000000000002 1819251.5000000002 667.50000000000011 434.50000000000006 894798.50000000012 2.5000000000000004 2.5000000000000004 4737.5000000000009 8.5000000000000018 441.50000000000006 5.5000000000000009 25.500000000000004 536.50000000000011 3.5000000000000004 41.500000000000007 922.50000000000011 308.50000000000006 17.500000000000004 657.50000000000011 82490.000000000015 40.500000000000007
decision_type=2 2 2 2 2 2 2 2 2 2 2 2 2 2 2 2 2 2 2 2 2 2 2 2 2 2 2 2 2 2 2 2 2 2 2 2 2 2 2 2 2 2 2 2 2 2 2
left_child=1 2 3 4 37 9 -7 13 -9 10 31 12 -12 14 -8 43 -17 -18 20 -20 21 -3 38 -24 25 -25 33 -4 -10 -30 -21 32 -5 36 -35 -36 -6 -1 -22 40 -28 42 -42 -15 45 46 -34
right_child=-2 18 27 5 26 6 7 8 28 -11 11 -13 -14 15 -16 16 17 -19 19 30 22 -23 23 24 -26 -27 39 -29 29 -31 -32 -33 44 34 35 -37 -38 -39 -40 -41 41 -43 -44 -45 -46 -47 -48
leaf_value=0.025674839947496489 0.054104762791342201 0.0047442569671734946 0.019059442572643956 0.041683493650334351 -0.018053136579067954 -0.011421656757424367 -0.0053026800824835857 -0.013719590672539153 -0.0090597446127213439 -0.036471518415786337 0.050981721058565514 0.0025239924169120805 0.010830567204074472 -0.01490084996385607 0.083927766701803561 -0.010503754334670951 -0.0075517939897952807 0.010096497675104801 0.010657948905605077 -0.0090345502395186555 -0.0047349853922755971 -0.010711178750059454 -0.038014270140289901 -0.01177415519185589 0.026532096785016692 -0.051541037134410661 -0.016099256206032014 -0.022175665570679102 0.030458795820106452 -0.016094749824344567 -0.03521857650642278 -0.00055898714011305792 -0.013003461425450686 -0.035133929331859812 -0.0036390248416753009 0.050912496687758629 0.015126413046743212 -0.00022724267229545672 -0.036539502049642007 -0.019162828307386984 0.0882926300337179 -0.00074587275330491266 0.0044983336376892219 0.026471804371388616 -0.039887811580698963 -0.03389810948927973 0.057355944020109788
leaf_weight=24.582455858588219 149.96766601502895 218.11577098071575 344.29672707617283 4.0754040926694861 60.169849544763565 349.92243277281523 17.753802940249443 249.24211563169956 34.482235565781593 15.110596030950544 16.833430007100105 2718.3633962124586 151.00339043140411 10.967447519302366 11.380839943885805 132.68642307817936 99.341120570898056 257.31988325715065 249.0981871932745 223.92325834184885 163.05805337429047 245.56488917768002 68.826617375016212 67.885328754782677 13.267565473914145 15.085070699453352 90.37148143351078 10.770280867815016 44.968698725104332 15.50050315260887 27.028322532773018 113.37749210000038 7.2056275010108966 5.0117679387331036 9.4173000603914279 14.328557088971136 20.30771267414093 1254.2708834558725 17.460962548851967 513.63207945972681 5.1188227981328946 41.349210157990456 4.3136725425720215 57.501652151346207 32.366406381130219 11.909364551305769 5.8600829243659973
leaf_count=113 2139 1028 1560 22 309 1638 81 1233 158 86 72 12142 633 50 48 615 467 1145 1145 1320 789 1180 354 335 65 72 460 56 195 74 190 564 38 23 41 62 100 5906 87 2626 24 207 20 244 185 69 30
internal_value=2.79301e-06 -0.0010033 -0.000136815 -0.00113241 -0.00527239 0.000808637 -0.00307126 6.68101e-05 -0.00758784 0.00242445 0.00261646 0.00324121 0.0148576 0.00455557 0.0295533 0.00324994 0.000928012 0.0051809 -0.00547372 -0.000640075 -0.00846047 -0.00344093 -0.0151953 -0.0232707 -0.0127265 -0.0190043 -0.0145506 0.0178087 0.00850767 0.0185254 -0.0118547 -0.00769943 -0.0208809 -0.00237947 0.0180526 0.0292781 -0.00968061 0.000270654 -0.00781132 -0.0165811 -0.00718649 0.00867473 0.0499718 0.0198447 -0.0253275 -0.00645814 0.0185533
internal_weight=8214.39 8064.43 6755.11 6400.05 2042.87 4357.17 1281.07 931.145 344.194 3076.11 3060.99 2886.2 167.837 586.951 29.1346 557.817 489.347 356.661 1309.31 500.05 809.264 463.681 345.584 165.065 96.238 82.9704 764.02 355.067 94.9514 60.4692 250.952 174.794 61.4169 109.235 28.7576 23.7459 80.4776 1278.85 180.519 654.785 141.153 50.7817 9.4325 68.4691 57.3415 24.9751 13.0657
internal_count=40000 37861 31296 29680 9891 19789 5948 4310 1660 13841 13755 12847 705 2650 129 2521 2227 1612 6565 2655 3910 2208 1702 826 472 407 3872 1616 427 269 1510 908 344 535 126 103 409 6019 876 3337 711 251 44 294 322 137 68
is_linear=0
shrinkage=0.05


Tree=43
num_leaves=48
num_cat=0
split_feature=10 5 8 8 6 8 6 4 6 6 7 14 7 0 14 2 7 8 12 3 5 8 8 3 9 5 14 5 0 5 5 12 14 7 0 0 3 7 14 7 0 7 9 3 12 7 0
split_gain=169.295 11.67 11.8928 40.1761 17.9543 38.249 8.17426 7.43863 7.38018 13.541 6.8471 8.46488 6.63433 6.72599 6.58625 6.48035 7.32693 6.39325 6.75633 6.69675 7.92126 6.2529 19.1087 9.77147 8.9493 8.49836 7.76294 6.26789 6.83278 6.4198 6.11485 6.10078 6.0404 5.9634 5.88156 10.1074 7.28782 6.52106 6.03663 6.68633 5.87225 6.13506 5.84052 6.66907 5.81142 6.09123 8.86559
threshold=-1.0000000180025095e-35 1.0000000180025095e-35 6.5000000000000009 4.5000000000000009 7.5000000000000009 3.5000000000000004 1.5000000000000002 8.5000000000000018 21.500000000000004 24.500000000000004 4741.5000000000009 5.5000000000000009 3342.5000000000005 129.50000000000003 1.0000000180025095e-35 28.500000000000004 1238.5000000000002 1.5000000000000002 1092391.5000000002 25.500000000000004 45.500000000000007 8.5000000000000018 9.5000000000000018 810.50000000000011 27.500000000000004 35.500000000000007 4.5000000000000009 41.500000000000007 151.50000000000003 42.500000000000007 13.500000000000002 777614.50000000012 1.5000000000000002 4737.5000000000009 109.50000000000001 169.50000000000003 968.50000000000011 1363.5000000000002 4.5000000000000009 4737.5000000000009 349.50000000000006 2926.5000000000005 10.500000000000002 441.50000000000006 1819251.5000000002 4637.5000000000009 78.500000000000014
decision_type=2 2 2 2 2 2 2 2 2 2 2 2 2 2 2 2 2 2 2 2 2 2 2 2 2 2 2 2 2 2 2 2 2 2 2 2 2 2 2 2 2 2 2 2 2 2 2
left_child=1 34 3 4 5 17 33 -5 -6 31 12 -12 13 -8 15 -4 -17 19 -19 -3 -21 23 -23 24 26 30 -16 -24 -29 -30 -25 -10 -15 -7 -1 37 40 -36 39 -38 -37 -42 -35 -44 45 -9 -47
right_child=-2 2 14 7 8 6 10 44 9 -11 11 -13 -14 32 21 16 -18 18 -20 20 -22 22 27 25 -26 -27 -28 28 29 -31 -32 -33 -34 42 35 36 38 -39 -40 -41 41 -43 43 -45 -46 46 -48
leaf_value=0.01921046233666512 0.053888571798344068 0.046679178952489603 -0.013753499349134616 -0.010733061197782817 0.0010256112050320073 -0.0084328216180974205 -0.027338957959641825 0.022537952345908694 -0.010117707875855621 0.0092499709283075694 0.061715298396250652 -0.032120480900781893 -0.023531112738987715 0.0098109969948246833 0.0022323245275546054 0.043309756996656811 0.0056297478370684771 -0.0021305565561330841 -0.020795133893136294 0.0035833689348074185 -0.033812978383941969 0.0081616235160998953 -0.018550959096720481 -0.02061480098429919 0.045194745063990967 -0.012416172186233289 -0.011933496062545398 0.038894614855900345 0.041038103075559218 -0.012266661874201223 -0.052215370947066887 -0.033775427048077442 -0.012358551042057618 -0.022092835554691371 -0.058995199401536171 -0.013425689083511223 -0.0053289616303762877 0.00060958401313221649 0.010014639971477862 -0.048515387485875625 0.026259826373275619 0.0052932433107542474 -0.0029868435155398741 0.055789758314861715 -0.019097569602926991 -0.064212884804271286 0.010049721540762736
leaf_weight=83.020420491695404 143.21147026866674 8.7944417297840101 29.937976837158203 23.991396844387054 3794.6052294299006 79.236354857683182 66.93483792245388 256.42661981284618 197.79856385290623 92.896052852272987 6.0451919138431531 3.9894889295101166 249.49856171011925 34.675061777234077 164.54204571247101 16.399292401969433 60.488174729049206 506.40777939558029 53.619579806923866 639.73404251039028 14.480953827500342 217.76519921422005 148.97888349741697 38.720082327723503 8.6904267370700818 220.3690777271986 234.60694809257984 9.5612431615591031 6.3163015991449347 53.420905567705631 25.31880596280098 31.605069011449814 269.71696428954601 6.5515164434909847 9.9925935119390505 17.645326480269432 68.847176626324654 8.4853973984718305 60.63536548614502 10.303961724042891 80.36978554725647 61.6565922498703 8.0463828444480914 12.058765426278113 10.146918818354605 4.3841281533241263 48.242015406489372
leaf_count=343 2139 41 154 126 17210 405 351 1137 982 418 31 20 1298 176 785 79 296 2397 275 2991 73 1002 962 188 36 1097 1138 51 33 289 143 169 1379 30 49 77 309 37 265 44 337 255 35 52 53 22 221
internal_value=2.50778e-06 -0.00095543 -0.00139096 -0.000526534 -0.00146653 -0.00540567 -0.0144055 0.0161174 0.00040864 -0.00685529 -0.0165632 0.024409 -0.0172255 -0.0129887 -0.0058841 0.00598201 0.0136665 1.57963e-05 -0.00391759 0.00333823 0.00275561 -0.00700757 -0.00231764 -0.00996174 -0.00500101 -0.0170754 -0.00609389 -0.0127723 -0.000349305 -0.00663049 -0.0331086 -0.013377 -0.00983309 -0.00155067 0.00735973 0.00426524 0.00647976 -0.0316237 -0.00185671 -0.010951 0.013778 0.0171578 0.0189064 0.0322665 0.0181355 0.019358 0.00386312
internal_weight=8199.17 8055.96 7655 6419.89 6076.69 1959.79 736.753 343.191 4116.9 322.3 630.86 10.0347 620.825 371.327 1235.12 106.825 76.8875 1223.04 560.027 663.009 654.215 1128.29 436.043 692.247 407.839 284.408 399.149 218.277 69.2985 59.7372 64.0389 229.404 304.392 105.893 400.957 317.936 299.458 18.478 139.787 79.1511 159.672 142.026 26.6567 20.1051 319.2 309.053 52.6261
internal_count=40000 37861 36145 29892 28333 9554 3777 1559 18779 1569 3255 51 3204 1906 6253 529 375 5777 2672 3105 3064 5724 2337 3387 1959 1428 1923 1335 373 322 331 1151 1555 522 1716 1373 1287 86 618 353 669 592 117 87 1433 1380 243
is_linear=0
shrinkage=0.05


Tree=44
num_leaves=48
num_cat=0
split_feature=10 1 1 1 5 12 12 4 12 12 12 12 5 2 0 3 7 0 3 1 3 3 3 5 6 12 5 6 3 0 5 3 7 7 0 2 3 7 8 2 2 3 0 7 7 3 3
split_gain=160.29 11.3771 11.9215 8.74872 9.84236 8.48006 13.7879 7.25857 9.4075 9.01039 7.22447 6.53694 6.4509 7.05102 6.12277 6.10228 6.33424 6.89629 6.33408 6.06697 8.28428 5.95843 5.93301 7.3903 8.45227 6.1664 5.61341 6.68347 5.61068 5.42434 5.39292 5.34174 5.28389 5.21478 5.39213 5.13627 5.12581 5.6477 6.3159 5.11542 9.07452 5.09429 5.05654 4.99456 4.95374 4.86917 6.58307
threshold=-1.0000000180025095e-35 4.5000000000000009 1.5000000000000002 5.5000000000000009 12.500000000000002 1.0000000180025095e-35 77580.500000000015 8.5000000000000018 327657.50000000006 1123326.0000000002 246931.00000000003 1.5000000000000002 33.500000000000007 22.500000000000004 277.50000000000006 322.50000000000006 4027.5000000000005 308.50000000000006 204.50000000000003 3.5000000000000004 1258.5000000000002 1315.5000000000002 892.50000000000011 13.500000000000002 11.500000000000002 171730.50000000003 40.500000000000007 7.5000000000000009 1060.5000000000002 422.50000000000006 35.500000000000007 1311.5000000000002 479.50000000000006 759.50000000000011 331.50000000000006 1.0000000180025095e-35 1064.5000000000002 3352.5000000000005 3.5000000000000004 32.500000000000007 34.500000000000007 1333.5000000000002 256.50000000000006 4680.5000000000009 2527.5000000000005 22.500000000000004 68.500000000000014
decision_type=2 2 2 2 2 2 2 2 2 2 2 2 2 2 2 2 2 2 2 2 2 2 2 2 2 2 2 2 2 2 2 2 2 2 2 2 2 2 2 2 2 2 2 2 2 2 2
left_child=1 2 35 4 45 19 11 9 10 14 15 -7 13 36 -8 18 22 -18 -9 -4 32 30 33 25 42 -24 -12 -28 -19 -26 -14 43 -21 34 -17 -1 37 -6 -39 -10 -41 -22 -25 -13 -23 -3 -47
right_child=-2 3 5 -5 12 6 7 8 39 -11 26 31 21 -15 -16 16 17 28 -20 20 41 44 23 24 29 -27 27 -29 -30 -31 -32 -33 -34 -35 -36 -37 -38 38 -40 40 -42 -43 -44 -45 -46 46 -48
leaf_value=0.029225005609797208 0.05368457092771646 0.024864533158907673 -0.014629661061175412 -0.0047310387673622639 -0.029493300901097544 0.063174061272339987 0.00099267210535965546 -0.004774501205707141 -0.014228777244650487 -0.042766771851861694 0.010540673943194974 0.0053427333029274094 0.041927743149753768 -0.00062309903214756283 -0.018008078490325537 0.024407352987578894 -0.048613402808880546 -0.022686356474640731 -0.049529370228217823 0.012164765835472525 0.029698238435326919 -0.019210333482355804 0.0030051995750758047 0.050719099473278795 -0.06790567921409929 0.069290937189031773 0.0024478144286850787 0.074680927724595503 0.036082720745984891 -0.00040409707716372801 0.0013989764472290755 -0.040460404153827734 -0.010027495735609366 0.033936963938847611 -0.044146359592297124 -0.00015389146126437868 -0.047411892973823498 0.030946650276489351 -0.010765327571342059 0.032675447411237193 -0.0056064165160605237 -0.019919465092816512 -0.0087293315631887664 0.035093461488817368 0.003306678433979313 -0.027509259586415355 0.0065278184543183185
leaf_weight=15.025947108864782 136.73153880983591 35.274380087852478 366.10791108757257 645.65335527062416 33.869644716382027 5.1139065623283377 70.107513509690762 34.003977790474892 177.17826671153307 24.638259708881378 25.971665561199188 221.97633391618729 8.2314476221799833 200.82480622828007 107.27145283669233 6.8594094365835172 9.7283394038677233 8.7583411633968371 10.300582669675348 29.76023805141449 24.579490527510647 64.465936288237572 9.0955380350351316 5.0225083380937638 8.6438912600278837 5.7119566798210135 4.8971615433692923 9.2532167583703977 7.5726694017648688 4.5389980673789969 2881.6630780845881 6.0198911726474753 271.66660542786121 36.915300413966179 4.929937481880188 1501.4203834086657 11.669395774602888 10.560684472322462 64.514915585517883 16.387100882828236 279.7281908094883 6.5520704239606848 12.4278666973114 15.064649835228918 39.326775446534157 14.502679884433745 693.84278638660908
leaf_count=65 2139 149 2157 3087 158 21 366 157 980 160 132 954 36 924 569 31 45 42 48 171 129 300 39 23 39 26 25 45 33 21 12888 26 1579 166 23 6819 58 50 312 86 1501 37 59 64 177 63 3021
internal_value=2.33244e-06 -0.000909744 -0.00313983 0.000675089 0.00153508 -0.00586017 -0.00317925 -0.00611482 -0.00363585 -0.0144337 0.00532183 0.0072293 0.000368945 -0.00636212 -0.0104982 0.000682201 0.00652854 -0.0152874 -0.0151798 -0.010189 -0.00530029 0.00109168 0.0125672 -0.000427648 -0.0144468 0.0285748 0.0243453 0.0496825 0.00456479 -0.0446642 0.00151442 0.00605224 -0.00783643 0.0246912 -0.00425967 0.000137214 -0.0159177 -0.0125442 -0.00489781 -0.00750876 -0.00348789 0.0192555 0.00838092 0.00723348 -0.0106787 0.00673382 0.00583094
internal_weight=8184.36 8047.63 3343.23 4704.4 4058.75 1826.78 1128.12 879.942 677.925 202.017 204.631 248.175 3315.13 321.439 177.379 164.509 120.205 26.0593 44.3046 698.666 332.558 2993.69 94.1454 45.4408 30.6333 14.8075 40.122 14.1504 16.331 13.1829 2889.89 243.061 301.427 48.7046 11.7893 1516.45 120.615 108.945 75.0756 473.294 296.115 31.1316 17.4504 237.041 103.793 743.62 708.345
internal_count=40000 37861 16638 21223 18136 9754 5681 4616 3521 1095 954 1065 14903 1502 935 752 547 120 205 4073 1916 13401 427 207 142 65 202 70 75 60 12924 1044 1750 220 54 6884 578 520 362 2567 1587 166 82 1018 477 3233 3084
is_linear=0
shrinkage=0.05


Tree=45
num_leaves=48
num_cat=0
split_feature=10 1 1 8 12 12 12 12 2 12 4 3 12 8 0 7 8 7 0 3 7 7 2 3 7 7 0 5 0 7 3 1 4 3 0 0 0 8 12 7 3 14 2 0 0 7 5
split_gain=151.798 10.2981 10.8305 8.14911 8.06573 14.3762 7.37606 11.4023 6.5223 7.09898 6.91512 6.59741 5.94926 5.90584 9.1739 6.6648 6.80628 5.74079 9.30192 6.18117 5.64791 6.32307 5.46705 5.56482 8.1051 10.1427 6.23597 6.19216 6.02309 5.67888 6.87158 5.38703 7.33801 7.37147 5.42558 8.82496 7.99875 6.22663 5.35022 6.74113 5.09684 7.49727 6.67751 5.69771 8.12505 6.95579 5.66647
threshold=-1.0000000180025095e-35 4.5000000000000009 1.5000000000000002 9.5000000000000018 1.0000000180025095e-35 87870.500000000015 1.0000000180025095e-35 49108.000000000007 18.500000000000004 1664834.5000000002 7.5000000000000009 1333.5000000000002 1.5000000000000002 4.5000000000000009 38.500000000000007 2202.5000000000005 5.5000000000000009 4190.5000000000009 318.50000000000006 1016.5000000000001 1363.5000000000002 922.50000000000011 11.500000000000002 282.50000000000006 1051.5000000000002 610.50000000000011 296.50000000000006 43.500000000000007 497.50000000000006 1204.5000000000002 557.50000000000011 3.5000000000000004 7.5000000000000009 1284.5000000000002 47.500000000000007 172.50000000000003 219.50000000000003 1.5000000000000002 261172.00000000003 4637.5000000000009 796.50000000000011 5.5000000000000009 1.0000000180025095e-35 469.50000000000006 381.50000000000006 4245.5000000000009 4.5000000000000009
decision_type=2 2 2 2 2 2 2 2 2 2 2 2 2 2 2 2 2 2 2 2 2 2 2 2 2 2 2 2 2 2 2 2 2 2 2 2 2 2 2 2 2 2 2 2 2 2 2
left_child=1 2 40 6 22 12 31 -8 10 11 -9 -10 -6 17 -15 -16 -17 -12 -19 38 21 -5 -3 27 25 -25 -27 -24 -28 30 -26 -4 33 34 -33 -36 -37 -38 -20 -40 41 42 -1 44 -43 -45 -44
right_child=-2 4 3 20 5 -7 7 8 9 -11 13 -13 -14 14 15 16 -18 18 19 -21 -22 -23 23 24 29 26 28 -29 -30 -31 -32 32 -34 -35 35 36 37 -39 39 -41 -42 43 46 45 -46 -47 -48
leaf_value=0.056923627527772663 0.053491983495368801 -0.016680852544102252 -0.013450099786781465 -0.020045571136064734 0.037573091761603609 0.00017229224704606034 0.0090255017753044352 -0.026196259389588285 0.00045858532755481581 -0.017189424313045886 -0.015596840705074414 -0.031298167624379862 0.0077880048723018101 0.081326974029332103 0.037897015620176604 0.028605754825722352 -0.035078619216435174 0.056172577477076102 -0.06525450713173421 0.044302246697709546 -0.035005223664263591 0.052687887583570028 0.0051096474158963011 -0.0020442702237098392 -0.038649493935861229 -0.032071742147251732 0.0039467000067981697 -0.016614289948875812 -0.025901596084407903 -0.0014256616941901875 0.028484718849603359 0.0467543674520619 -0.0088441439112862778 0.057242636879924848 -0.044360902452046713 0.05978327107366195 0.052809639741528337 -0.0054714336896258819 0.049795236286193867 -0.031726080724034295 -0.0032881171593245311 -0.0074153387164594331 0.016083128195680554 -0.027160547391080859 0.011162045598094568 0.017787916550807643 0.0030585775664513995
leaf_weight=6.3558704107999793 130.51949685439467 58.522769659757614 348.91938962042332 9.8786905929446203 17.170712649822235 1818.6905376464128 179.70944365859032 61.688518337905407 584.17269193381071 70.613584145903587 124.40730758011341 16.825702831149101 709.62517563998699 4.2169293463230124 8.9318620413541812 6.2113664895296123 12.927380859851835 7.7161217778921154 5.0378363281488481 4.4064536839723578 38.256041347980499 4.283951871097087 448.06311465799809 172.56085821986198 4.3959950506687155 61.630630880594254 35.914451718330383 35.393495038151741 31.925350934267044 1281.2897294312716 28.672617301344872 6.7071519494056693 240.4251356869936 7.1032735705375663 9.7545281499624235 6.3978957533836356 5.0993085205554953 45.251600444316864 3.9037663489580137 7.2371363490819931 634.31012886762619 159.26476308703423 101.70025709271431 43.940913826227188 93.357406735420227 10.70373499393463 466.83146941661835
leaf_count=26 2139 286 2047 73 82 8057 757 338 2923 404 660 88 2929 21 44 30 68 38 23 23 295 28 2056 816 21 297 167 172 148 6061 131 38 1378 36 56 36 29 259 22 40 2923 722 428 202 417 49 2117
internal_value=2.38332e-06 -0.000865911 -0.00299056 -0.00559082 0.000641149 0.00254767 -0.00501468 -0.00249233 -0.00474635 -0.00219253 -0.0116993 -0.000430485 0.00849168 -0.00686513 0.0125636 0.00223355 -0.0144102 -0.010973 0.00935263 -0.00819729 -0.0250192 0.00195503 -0.00160732 -0.00118722 -0.00259492 -0.00998088 -0.0205589 0.00351925 -0.0100999 -0.000897668 0.0195602 -0.00915047 -0.00447307 0.00861207 0.00389367 -0.000429016 0.00712242 0.000431005 -0.0224961 -0.00316105 0.000130308 0.00258831 0.0059582 -0.00371665 -0.000550001 -0.0183561 0.00538844
internal_weight=8170.92 8040.4 3336.55 1820.08 4703.86 2545.49 1767.66 1098.01 918.297 671.612 246.685 600.998 726.796 184.996 32.2875 28.0706 19.1387 152.709 28.3013 20.5852 52.4187 14.1626 2158.37 2099.85 1616.39 302.031 129.47 483.457 67.8398 1314.36 33.0686 669.658 320.739 80.3138 73.2105 66.5033 56.7488 50.3509 16.1787 11.1409 1516.46 882.154 574.888 307.267 252.622 54.6446 568.532
internal_count=40000 37861 16638 9754 21223 11068 9358 5479 4722 3415 1307 3011 3011 969 163 142 98 806 146 108 396 101 10155 9869 7641 1428 612 2228 315 6213 152 3879 1832 454 418 380 324 288 85 62 6884 3961 2571 1390 1139 251 2545
is_linear=0
shrinkage=0.05


Tree=46
num_leaves=48
num_cat=0
split_feature=10 8 8 6 8 6 6 6 6 4 9 12 6 6 0 3 0 7 6 7 6 8 8 3 14 8 3 12 9 12 12 9 0 1 5 3 3 0 3 14 3 3 6 0 0 2 3
split_gain=143.79 10.0959 39.1229 16.8332 34.6211 9.29247 12.5384 10.8996 11.8778 8.26752 7.32718 8.90652 6.81238 19.592 7.58395 8.50127 7.93884 10.3401 9.32602 6.71076 6.61672 6.54979 20.6563 9.05528 8.9485 7.59148 9.70789 8.72985 7.37825 6.23237 6.11483 6.03653 7.72844 7.84055 7.78722 6.00588 7.4761 5.90709 6.16087 6.713 6.26563 14.4615 6.27932 5.8494 7.1832 5.84495 9.07923
threshold=-1.0000000180025095e-35 6.5000000000000009 4.5000000000000009 7.5000000000000009 3.5000000000000004 12.500000000000002 14.500000000000002 21.500000000000004 25.500000000000004 10.500000000000002 14.500000000000002 1438190.5000000002 16.500000000000004 15.500000000000002 39.500000000000007 25.500000000000004 254.50000000000003 4027.5000000000005 17.500000000000004 3881.5000000000005 1.5000000000000002 8.5000000000000018 9.5000000000000018 810.50000000000011 4.5000000000000009 7.5000000000000009 1103.5000000000002 951615.00000000012 17.500000000000004 309254.00000000006 894798.50000000012 12.500000000000002 431.50000000000006 3.5000000000000004 13.500000000000002 728.50000000000011 1016.5000000000001 6.5000000000000009 183.50000000000003 2.5000000000000004 804.50000000000011 880.50000000000011 11.500000000000002 556.50000000000011 525.50000000000011 38.500000000000007 458.50000000000006
decision_type=2 2 2 2 2 2 2 2 2 2 2 2 2 2 2 2 2 2 2 2 2 2 2 2 2 2 2 2 2 2 2 2 2 2 2 2 2 2 2 2 2 2 2 2 2 2 2
left_child=1 2 3 4 -1 9 35 12 -9 10 11 -5 13 -8 -14 -16 -17 18 -18 -20 -6 23 -23 24 31 -25 -27 28 -28 -4 -24 -3 33 -33 -35 -7 -37 -12 -39 -40 43 42 -42 44 -41 46 -13
right_child=-2 21 29 5 20 6 7 8 -10 -11 37 45 14 -15 15 16 17 -19 19 -21 -22 22 30 25 -26 26 27 -29 -30 -31 -32 32 -34 34 -36 36 -38 38 39 40 41 -43 -44 -45 -46 -47 -48
leaf_value=0.0003072367680682466 0.053310095380069471 -0.011679121123118776 0.019720907988489546 0.010256410584418271 -0.0017730463805768915 -0.0044708569227172763 -0.0050823546765255447 -0.011117656980802016 0.013532189057451422 -0.03508220000882515 0.050598168183771025 -0.0095370379689517833 0.01875572642722699 0.078715174891647255 0.03828512376077324 -0.010818777540385113 -0.0090101593670013271 -0.010298890351077547 0.012790621806188973 0.07420438912479882 -0.01513512682667547 0.0097768036234572638 -0.0079191043856924655 -0.00672710304130712 -0.0096898787250688009 -0.036234622216090383 -0.010459017247998055 0.026213701830660709 -0.049569571909577892 0.0041374131821333921 -0.033580694246663691 -0.017868095450190326 0.021214754738286962 0.054859532718821352 0.003611417555068381 -0.030560599679384393 -0.0090990529317895447 -0.0037120147809037406 -0.0038180835960491205 0.0071888519116185198 0.0027952689911019471 0.0033799682907073693 -0.02513981331139576 -0.0080360607742765208 0.028385208131219641 -0.0098835900665969652 0.028169722031818535
leaf_weight=1276.2278349772096 124.56687399744987 46.719609916210175 273.16691212356091 521.03866135329008 108.20480896532536 178.42987577617168 17.706665873527527 282.11600632965565 59.1102504581213 14.722607627511023 6.0243352800607672 32.182500079274178 68.365296423435211 11.508880853652956 14.80473008751869 128.16917072236538 55.471959426999092 94.940421223640442 190.42050202190876 4.5545480847358695 644.39705528318882 250.0544435530901 220.49551380425692 178.52438497543335 243.10210989415646 67.08726666867733 66.97991156578064 13.277389734983442 14.706562429666517 83.855363041162491 25.946068197488785 38.99787874519825 71.064049690961838 8.6186570823192579 52.968147277832031 67.258885309100151 102.29300437867641 531.81942011415958 350.39677892625332 617.76867924630642 28.166558459401131 658.80677127838135 70.386351495981216 57.732309401035309 42.735117882490158 108.93813609331846 31.678767397999763
leaf_count=6019 2139 217 1227 2289 535 834 81 1400 260 86 27 163 294 48 67 596 253 438 853 20 3337 1145 1320 876 1180 354 335 65 72 389 190 191 325 40 255 318 486 2438 1583 2727 132 2941 329 267 182 523 154
internal_value=2.27252e-06 -0.000824475 -4.60019e-05 -0.000947841 -0.00470852 0.000807119 -0.00278104 0.000256409 -0.00684759 0.00229633 0.0024763 0.00699406 0.00439346 0.027928 0.00315843 0.000974973 -0.000191449 0.00375223 0.00907878 0.0142252 -0.013214 -0.00486113 -0.000347799 -0.00765506 -0.00309094 -0.0138393 -0.0216745 -0.0113885 -0.0175004 0.0160607 -0.0106208 0.00425543 0.00859251 -0.000325221 0.0107832 -0.0108741 -0.0176126 0.00115024 0.0010239 0.00240323 0.00388056 0.000707695 -0.0171559 0.00722625 0.00856027 -0.00284285 0.00916763
internal_weight=8156.51 8031.94 6733.4 6376.38 2028.83 4347.55 1275.15 927.168 341.226 3072.4 3057.67 693.838 585.942 29.2155 556.727 488.361 473.557 345.387 250.447 194.975 752.602 1298.54 496.496 802.046 461.47 340.576 162.051 94.9639 81.6865 357.022 246.442 218.368 171.649 100.585 61.5868 347.982 169.552 2363.84 2357.81 1825.99 1475.6 757.36 98.5529 718.236 660.504 172.799 63.8613
internal_count=40000 37861 31296 29680 9891 19789 5948 4310 1660 13841 13755 3129 2650 129 2521 2227 2160 1564 1126 873 3872 6565 2655 3910 2208 1702 826 472 407 1616 1510 1028 811 486 295 1638 804 10626 10599 8161 6578 3402 461 3176 2909 840 317
is_linear=0
shrinkage=0.05


Tree=47
num_leaves=48
num_cat=0
split_feature=10 5 8 8 6 8 6 7 4 6 6 6 0 7 6 6 6 4 0 7 3 7 7 7 0 3 1 8 3 4 7 14 7 2 7 3 5 14 5 12 0 7 5 14 7 3 5
split_gain=136.233 9.8791 9.71131 32.3632 14.6991 31.5804 7.25026 6.34921 6.26197 6.12071 9.25064 23.0834 9.63151 8.43383 6.75604 7.56498 7.29391 6.55844 6.28671 7.4294 7.3498 6.12386 8.85591 6.04249 6.23154 5.92398 5.85062 6.5763 6.49646 6.46199 6.00797 5.81244 5.77304 5.73852 6.48443 5.71341 5.65286 6.12142 5.86333 5.63117 6.39525 6.06496 5.61228 5.5955 5.59165 5.5528 9.50763
threshold=-1.0000000180025095e-35 1.0000000180025095e-35 6.5000000000000009 4.5000000000000009 7.5000000000000009 3.5000000000000004 1.5000000000000002 4767.5000000000009 8.5000000000000018 12.500000000000002 15.500000000000002 16.500000000000004 31.500000000000004 315.50000000000006 25.500000000000004 21.500000000000004 17.500000000000004 10.500000000000002 256.50000000000006 4027.5000000000005 84.500000000000014 4538.5000000000009 3269.5000000000005 3342.5000000000005 129.50000000000003 76.500000000000014 5.5000000000000009 1.5000000000000002 152.50000000000003 7.5000000000000009 786.50000000000011 1.0000000180025095e-35 3881.5000000000005 28.500000000000004 1238.5000000000002 1236.5000000000002 35.500000000000007 5.5000000000000009 23.500000000000004 670858.50000000012 165.50000000000003 500.50000000000006 33.500000000000007 4.5000000000000009 934.50000000000011 143.50000000000003 13.500000000000002
decision_type=2 2 2 2 2 2 2 2 2 2 2 2 2 2 2 2 2 2 2 2 2 2 2 2 2 2 2 2 2 2 2 2 2 2 2 2 2 2 2 2 2 2 2 2 2 2 2
left_child=1 -1 3 4 5 26 -7 23 44 17 -11 -12 -13 43 15 16 -15 -6 -18 32 -21 22 -16 24 -8 -17 27 35 -28 -29 -31 33 -20 -4 -35 -3 37 38 -27 40 -26 -42 -25 -14 -5 46 -43
right_child=-2 2 31 8 9 6 7 -9 -10 10 11 12 13 14 21 25 18 -19 19 20 -22 -23 -24 42 39 36 28 29 -30 30 -32 -33 -34 34 -36 -37 -38 -39 -40 -41 41 45 -44 -45 -46 -47 -48
leaf_value=0.006880894028618423 0.053138255781494982 0.0063313392429375495 -0.012825429718161783 0.044121941343289311 0.0018485624778721858 -0.00094364495161761001 -0.025648777575151677 0.027335874563125813 0.016325596780753814 -0.0095538252732276785 0.07262872068506146 0.01733630357361941 -0.044442916442416214 -0.010612928485396279 0.02098700029127834 -0.047037964270199704 -0.006619392109120931 -0.033711661526225359 0.012676407767507395 0.057038220044677457 -0.0078907564855972539 0.057909112573047809 -0.02933882959844383 -0.035722013747738923 0.053364408041738122 0.0027886928261772314 0.036889621840046419 -0.025570727215851907 -0.016381956214768668 -0.014123579355533177 0.00075306012872605635 -0.0063287509104900264 0.069157580840262134 0.040763902677975292 0.005477045535748468 -0.0080872264418556036 -0.0018266724804972608 -0.031887337663134944 -0.046351770036018078 -0.024627427398531673 -0.026456611971465312 -0.037004854856447354 -0.017709740076058723 -0.0079074394733511175 -0.021052526122520971 -0.0058554909405521861 0.051531882955198061
leaf_weight=399.33967657387257 118.86516796052456 540.84726846218109 29.587630122900009 3.9446434080600765 2884.5330297723413 105.06548278033733 65.509102948009968 8.672504708170889 321.11345757544041 338.93689271062613 10.857916653156279 67.92828942835331 18.668414786458015 99.356084674596786 37.263193264603615 10.132592678070067 91.214849188923836 13.024709552526472 180.84779645502567 4.6259127110242835 75.401565283536911 7.4320239573717108 11.420838490128515 55.972891762852669 4.501313403248786 37.321297094225883 6.1681680977344504 30.23499858379364 79.301950469613075 81.573277205228806 403.90914788842201 1118.3338622003794 4.6402303278446189 16.595690414309502 60.413066402077675 78.703345894813538 141.70390285551548 41.512400552630424 7.249334752559661 46.502258017659187 33.816465467214584 4.2659679502248755 190.18856167793274 23.891430288553238 19.859939098358154 201.07058580219746 10.484973564743994
leaf_count=1716 2139 2523 154 21 13023 522 351 44 1433 1608 45 295 91 464 163 50 427 79 807 20 346 33 50 311 24 192 30 168 396 385 1910 5724 20 79 296 365 701 211 40 263 175 21 994 114 105 1019 53
internal_value=1.98395e-06 -0.000785167 -0.00118668 -0.000405991 -0.00125464 -0.0048333 -0.0130908 -0.015146 0.0144913 0.000441314 -0.00254481 0.000181176 -0.000732861 -0.00228128 -0.00105281 -0.00240212 0.00136825 0.00168872 0.00470523 0.00859568 -0.0041376 0.0156346 0.00918101 -0.0157477 -0.0116751 -0.00962983 7.79417e-05 0.00102771 -0.0125375 -0.00314333 -0.00174659 -0.00526539 0.0140894 0.0058906 0.0130815 0.00449971 -0.00796581 -0.0180716 -0.00520392 -0.00863024 -0.00570308 -0.00676815 -0.0218054 -0.0239333 -0.0102525 -0.00368322 0.0259271
internal_weight=8142.8 8023.94 7624.6 6399.67 6054.75 1946.79 726.05 620.985 344.918 4107.96 1210.4 871.468 860.61 792.682 750.122 694.006 456.086 2897.56 356.73 265.516 80.0275 56.1161 48.684 612.312 366.151 237.92 1220.74 1135.27 85.4701 515.717 485.482 1224.93 185.488 106.596 77.0088 619.551 227.787 86.083 44.5706 300.642 254.139 249.638 246.161 42.5598 23.8046 215.822 14.7509
internal_count=40000 37861 36145 29892 28333 9554 3777 3255 1559 18779 5677 4069 4024 3729 3524 3278 2084 13102 1620 1193 366 246 213 3211 1906 1194 5777 5351 426 2463 2295 6253 827 529 375 2888 1144 443 232 1555 1292 1268 1305 205 126 1093 74
is_linear=0
shrinkage=0.05


Tree=48
num_leaves=48
num_cat=0
split_feature=10 12 12 12 12 4 4 8 8 3 5 5 0 0 0 5 8 12 7 5 3 2 5 0 5 0 0 9 0 3 4 4 14 7 6 0 7 14 12 8 0 0 7 7 0 0 14
split_gain=129.099 9.62199 21.2411 21.8282 11.9108 9.75866 8.90868 9.80984 9.89873 9.3801 8.77094 19.1326 10.3102 8.70957 8.34754 8.3404 7.94949 16.2185 7.90239 7.70543 7.93969 7.63619 8.67849 11.1049 8.53326 7.63391 11.4072 7.59658 7.25432 7.88704 10.2309 7.20403 7.0119 6.43388 6.29072 6.28321 10.2834 6.1855 6.74738 6.12223 6.13912 9.56697 8.34491 10.6061 7.76183 8.32228 8.28374
threshold=-1.0000000180025095e-35 723858.50000000012 1.0000000180025095e-35 557.00000000000011 1.5000000000000002 7.5000000000000009 3.5000000000000004 7.5000000000000009 8.5000000000000018 9.5000000000000018 41.500000000000007 42.500000000000007 493.50000000000006 32.500000000000007 479.50000000000006 46.500000000000007 4.5000000000000009 261172.00000000003 510.50000000000006 42.500000000000007 1123.5000000000002 15.500000000000002 12.500000000000002 219.50000000000003 35.500000000000007 151.50000000000003 208.50000000000003 18.500000000000004 116.50000000000001 900.50000000000011 8.5000000000000018 7.5000000000000009 1.0000000180025095e-35 335.50000000000006 11.500000000000002 219.50000000000003 2988.5000000000005 1.5000000000000002 112953.50000000001 9.5000000000000018 381.50000000000006 448.50000000000006 4108.5000000000009 2559.5000000000005 307.50000000000006 295.50000000000006 5.5000000000000009
decision_type=2 2 2 2 2 2 2 2 2 2 2 2 2 2 2 2 2 2 2 2 2 2 2 2 2 2 2 2 2 2 2 2 2 2 2 2 2 2 2 2 2 2 2 2 2 2 2
left_child=1 2 10 4 -4 -3 -5 9 33 27 39 12 -12 -13 15 -15 21 31 -10 -6 -21 22 23 34 -24 -7 -27 -8 -26 -30 -31 -18 -32 -9 -11 36 -28 38 -35 40 44 42 43 -42 45 -1 -46
right_child=-2 5 3 6 19 25 7 8 18 16 11 13 -14 14 -16 -17 17 -19 -20 20 -22 -23 24 -25 28 26 35 -29 29 30 32 -33 -34 37 -36 -37 -38 -39 -40 -41 41 -43 -44 -45 46 -47 -48
leaf_value=-0.0045606659734702543 0.052975850906863658 -0.029009269367879127 0.049143147589455177 -0.018331986758196275 0.018530104070626684 0.0023800250853564324 0.01759360812416667 0.015708074380742985 0.038274147486218206 0.08641853427780756 0.035004787891177648 -0.03054437590655823 -0.0032545642489480754 0.0024523615358348254 -0.013180729889221974 -0.020653374668918104 -0.013857851042725406 -0.0044180801903402509 -0.0027919245944499197 -0.0095293161358258275 0.037499496569703888 0.0037630639245875295 -0.025770674322107043 -0.0044318718902249133 -0.02018149391029599 -0.023034087191339918 0.078221039664021053 0.096163474495267867 -0.0047000933743936088 -0.04316539254482564 -0.021283342106860805 0.026293764623486256 0.024721715164015882 0.048988536541318767 0.026399088365744255 -0.0051396804558200941 -0.01223733975778276 -0.031266977830089457 -0.019869664060047785 -0.016252398128041676 0.0038103917268429324 -0.0025515656079432283 -0.0088728369349117403 0.03326400480096238 -0.006095347584833849 0.014058768151700993 -0.022666152870634813
leaf_weight=1274.9053528308868 113.40591630712152 40.585411325097084 25.626706153154373 53.571130208671093 184.39034421741962 327.88659857213497 8.9410708844661695 11.175699159502981 12.906182385981081 6.188155114650729 60.916992262005806 23.713668569922447 24.768579214811325 955.34967066347599 107.12921494245529 40.720684677362442 12.264983847737311 91.859486177563667 126.89799853414297 53.241337448358536 10.794107943773268 1544.7074256837368 46.73082073032856 26.910126708447933 54.254982799291611 94.040138244628906 5.9522368311882001 4.6902278661727896 263.72092346847057 7.3332353830337516 9.513744965195654 125.29769740998745 64.002160891890526 5.3706469088792792 14.824077948927878 705.04075160622597 6.6540380120277405 67.795981109142303 10.538887009024618 97.230423375964165 67.686625629663467 859.7283301204443 41.221987560391426 55.730444371700287 200.12765833735466 62.97810834646225 121.02893158793449
leaf_count=6156 2139 262 118 285 783 1571 40 49 66 27 272 116 122 4565 527 215 57 419 618 222 45 6687 218 119 249 464 29 20 1179 38 42 524 286 22 63 3518 32 313 48 646 323 4152 205 253 995 299 602
internal_value=1.75364e-06 -0.000747606 -2.79213e-05 0.00327474 0.0166887 -0.00491682 0.00184407 0.00227367 -0.0074604 0.00327508 -0.00237972 0.00116878 0.0239454 -0.000563058 8.14014e-05 0.00150777 0.00302649 0.0118504 0.000999137 0.0133408 -0.00160192 0.00203326 -0.00338146 0.0168366 -0.00555604 -0.00405877 -0.00665977 0.0446278 -0.00318747 -0.000511641 0.0131506 0.0227139 0.0187682 -0.0199252 0.044075 -0.00451409 0.0304739 -0.0246827 0.00337508 -0.00392717 -0.00348058 -0.00043703 0.0106049 0.0171105 -0.0053598 -0.00368419 -0.0123401
internal_weight=8130.35 8016.94 6836.78 2843.55 274.052 1180.16 2569.5 2515.92 234.685 2281.24 3993.24 1212.6 85.6856 1126.91 1103.2 996.07 2267.61 229.422 139.804 248.426 64.0354 2038.19 493.478 47.9224 445.556 1139.57 811.687 13.6313 398.825 344.57 80.8491 137.563 73.5159 94.8812 21.0122 717.647 12.6063 83.7055 15.9095 2780.64 2683.41 1024.37 164.639 123.417 1659.04 1337.88 321.157
internal_count=40000 37861 31985 12537 1168 5876 11369 11084 1116 9968 19448 5817 394 5423 5307 4780 9908 1000 684 1050 267 8908 2221 209 2012 5614 4043 60 1794 1545 366 581 328 432 90 3579 61 383 70 13631 12985 4933 781 576 8052 6455 1597
is_linear=0
shrinkage=0.05


Tree=49
num_leaves=48
num_cat=0
split_feature=10 1 1 1 6 7 1 5 9 3 9 3 5 7 7 5 7 5 8 2 3 9 3 12 0 8 7 7 12 12 12 0 5 14 7 5 6 0 6 0 3 1 14 0 2 7 7
split_gain=122.361 8.90666 9.99124 7.45601 7.12625 7.70107 6.94673 8.15379 6.03292 5.76511 5.70003 6.74427 5.69566 6.62934 5.8258 5.53272 9.92148 5.32646 6.53823 5.31592 5.26283 5.08298 5.53632 5.05891 6.49518 4.91494 6.75556 4.89767 5.03956 11.6693 7.21732 5.99789 6.36915 5.71556 7.91777 5.39938 6.62293 9.73123 7.33969 6.06788 6.25145 6.4957 5.84543 5.43445 5.32111 5.29979 5.91636
threshold=-1.0000000180025095e-35 4.5000000000000009 1.5000000000000002 2.5000000000000004 16.500000000000004 2876.5000000000005 5.5000000000000009 12.500000000000002 22.500000000000004 84.500000000000014 25.500000000000004 430.50000000000006 42.500000000000007 2959.5000000000005 2569.5000000000005 1.0000000180025095e-35 735.50000000000011 33.500000000000007 3.5000000000000004 28.500000000000004 1315.5000000000002 4.5000000000000009 704.50000000000011 134215.50000000003 166.50000000000003 9.5000000000000018 1363.5000000000002 4805.5000000000009 123977.50000000001 1.0000000180025095e-35 53.500000000000007 559.50000000000011 47.500000000000007 4.5000000000000009 185.50000000000003 37.500000000000007 18.500000000000004 144.50000000000003 13.500000000000002 297.50000000000006 134.50000000000003 1.0000000180025095e-35 4.5000000000000009 534.50000000000011 45.500000000000007 2483.5000000000005 610.50000000000011
decision_type=2 2 2 2 2 2 2 2 2 2 2 2 2 2 2 2 2 2 2 2 2 2 2 2 2 2 2 2 2 2 2 2 2 2 2 2 2 2 2 2 2 2 2 2 2 2 2
left_child=1 2 27 4 8 10 7 -3 -4 -7 11 -6 13 14 -10 16 -5 18 -9 -20 -19 22 -17 -21 -25 -23 -27 28 29 31 -31 32 35 44 -35 43 37 -37 39 42 41 -41 -39 -1 -30 46 -32
right_child=-2 6 3 15 5 9 -8 17 12 -11 -12 -13 -14 -15 -16 21 -18 20 19 23 -22 25 -24 24 -26 26 -28 -29 33 30 45 -33 -34 34 -36 36 -38 38 -40 40 -42 -43 -44 -45 -46 -47 -48
leaf_value=-0.0027492813947566364 0.052822302526034495 0.0061939340449896109 -0.015654324813794994 -0.032708327411078632 -0.020100663261993792 0.037559620871263882 -0.0041436693039589622 0.0113189130724525 -0.0040661017466036556 -0.01740200555601722 -0.027090093839592513 0.044205877709765327 -0.032057872752219989 0.013911575253170147 -0.05292923398630367 -0.0059986471119898134 0.017553794234502994 0.0014471032953277466 -0.017794604462289178 0.0033025007740880297 -0.010053899732362728 -0.0038801656601273032 0.041344182624654363 0.012203144556736874 -0.024159279171449239 0.01532165389951845 -0.036626897896574605 0.036571873038829909 0.017666712690416583 0.05731342305699523 -0.0077609880726441987 -0.014034937958208605 -0.047416365463701017 0.051199798654734875 -0.015276815630369726 -0.014694116897939636 0.027924185402702962 0.037475302325078057 -0.021438644280896514 -0.051584393912205977 0.0080724805931774706 0.0088855574006519653 0.0085327935088126139 0.015507105021028287 -0.0057933266941646933 0.0021253078278615604 0.034516636337423273
leaf_weight=634.06221385300159 108.18069644272327 742.02278040349483 351.06035619974136 11.574196815490721 5.0254928320646348 5.5217749029397956 641.29573236405849 47.740199893712997 34.775386303663254 35.100968353450298 4.8059534132480612 21.607951432466507 13.935182332992552 53.143504299223423 7.3977007418870917 11.945420339703562 64.716983914375305 2882.9819571226835 101.57726772129536 106.71839222311974 103.02353225648403 1141.2343895435333 12.783899813890455 16.691420897841454 46.47456668317318 8.3871407061815244 24.655771560966969 9.252606734633444 36.781155034899712 10.005805507302282 10.676640227437018 72.707638651132584 6.8040297925472251 4.6322201788425437 135.6397840231657 58.774692505598068 31.183880209922791 33.589308351278305 20.30158968269825 9.3680073320865631 188.36161771416664 8.4441603124141693 36.297789618372917 43.563650712370872 70.496839597821236 54.205032542347908 36.789090856909752
leaf_count=2904 2139 3233 2007 55 26 28 3087 222 191 196 25 108 84 275 42 49 284 12924 495 496 477 6069 52 75 214 60 203 42 174 41 44 344 35 21 658 268 134 146 89 44 836 39 159 192 333 231 150
internal_value=1.72943e-06 -0.000711816 -0.00269351 -0.00520218 -0.0101722 0.00444835 0.000691279 0.00145739 -0.0124611 -0.00993117 0.0230281 0.0320718 -0.00220021 0.00216494 -0.0126373 -0.00312743 0.00992849 0.000394032 -0.00574504 -0.00874596 0.00105029 -0.00395816 0.0184754 -0.0033356 -0.0145506 -0.00443059 -0.023441 0.000305855 8.25514e-05 0.00136848 0.0167953 -0.000138187 0.00080545 -0.00643742 -0.0130815 0.00111383 0.00583123 0.0038913 0.00757716 0.00971099 0.00539513 -0.0229176 0.0224432 -0.0015756 0.00225014 0.0128078 0.025007
internal_weight=8116.32 8008.14 3319.61 1807.67 532.374 72.0621 4688.53 4047.23 460.312 40.6227 31.4394 26.6334 109.252 95.3166 42.1731 1275.3 76.2912 3305.21 319.202 271.462 2986.01 1199.01 24.7293 169.884 63.166 1174.28 33.0429 1511.94 1502.69 1255.14 111.677 1143.46 1070.75 247.55 140.272 1063.95 386.321 355.137 296.362 276.061 206.174 17.8122 69.8871 677.626 107.278 101.671 47.4657
internal_count=40000 37861 16638 9754 2982 383 21223 18136 2599 224 159 134 592 508 233 6772 339 14903 1502 1280 13401 6433 101 785 289 6332 263 6884 6842 5656 466 5190 4846 1186 679 4811 1715 1581 1313 1224 919 83 305 3096 507 425 194
is_linear=0
shrinkage=0.05


Tree=50
num_leaves=48
num_cat=0
split_feature=10 12 12 12 12 0 0 4 5 5 0 0 0 5 4 4 0 5 12 9 1 1 7 7 7 8 7 3 7 5 5 0 7 8 1 6 14 3 12 1 8 8 12 8 12 7 2
split_gain=115.995 8.53422 19.439 19.4838 11.3555 7.74602 9.5518 8.53731 7.58019 17.1299 9.02658 7.82043 7.42034 7.26608 7.16312 6.46193 7.62256 6.18636 9.87354 6.10011 6.03637 8.7518 6.22429 11.7748 6.86594 5.62912 10.6722 6.88833 6.00862 5.56904 5.52613 5.52604 6.65361 5.52453 5.5148 5.50849 6.18205 5.41531 5.21104 9.74803 5.1235 10.2622 7.74558 7.94986 10.9568 6.74699 6.49534
threshold=-1.0000000180025095e-35 684837.00000000012 1.0000000180025095e-35 1.5000000000000002 44623.000000000007 151.50000000000003 208.50000000000003 7.5000000000000009 41.500000000000007 42.500000000000007 493.50000000000006 32.500000000000007 479.50000000000006 46.500000000000007 4.5000000000000009 14.500000000000002 619.50000000000011 42.500000000000007 38713.500000000007 3.5000000000000004 1.0000000180025095e-35 3.5000000000000004 1177.5000000000002 1380.5000000000002 610.50000000000011 8.5000000000000018 3045.5000000000005 764.50000000000011 3412.5000000000005 1.0000000180025095e-35 22.500000000000004 219.50000000000003 2988.5000000000005 8.5000000000000018 6.5000000000000009 19.500000000000004 1.5000000000000002 650.50000000000011 1293000.5000000002 4.5000000000000009 7.5000000000000009 8.5000000000000018 677152.00000000012 4.5000000000000009 261172.00000000003 335.50000000000006 45.500000000000007
decision_type=2 2 2 2 2 2 2 2 2 2 2 2 2 2 2 2 2 2 2 2 2 2 2 2 2 2 2 2 2 2 2 2 2 2 2 2 2 2 2 2 2 2 2 2 2 2 2
left_child=1 2 8 -4 17 -3 38 -8 20 10 -10 -11 13 25 -6 16 40 -5 19 -19 30 -22 24 37 -23 -13 27 -27 -28 33 -1 32 -9 34 -25 36 -26 -24 39 -7 42 45 43 -16 -45 -42 -44
right_child=-2 5 3 4 14 6 7 31 9 11 -12 12 -14 -15 15 -17 -18 18 -20 -21 21 22 23 29 35 26 28 -29 -30 -31 -32 -33 -34 -35 -36 -37 -38 -39 -40 -41 41 -43 46 44 -46 -47 -48
leaf_value=0.01062595214280675 0.052677093630297794 0.0017068578663691917 0.046932616649946982 0.011765677049955282 -0.018932074527027908 -0.040745751907174818 -0.034393709765660675 0.063869222760135069 0.032825566026435084 -0.029181465180973955 -0.0029646690808472721 0.0012254998765216028 -0.012504844195549165 -0.019454138599864897 0.00085746464031533911 -0.036496907523891502 0.03110676589336709 0.015106680505167584 0.045621815487259437 -0.0090247366390898628 -0.0096899398756205585 -0.0019745582989845194 0.044925422834313569 0.015264443003780756 0.012445145577738462 0.04536437583281798 -0.060580951460843406 -0.0070378190204402049 0.0031355121391111957 -0.0030504607986959419 -0.0019097860488470689 -0.0047862342745069132 -0.0067190552359718547 0.060420916900039694 -0.015418467929660154 -0.047720316719333661 -0.017266670183180031 0.010874496904282254 -0.034294650235604261 0.0034927284028526424 0.019519798100594232 0.0030601042045710746 0.08013524513662941 0.022981988014016925 -0.0016441032043628301 -0.025713851325947092 0.012240692662123432
leaf_weight=126.21748812496662 103.18116545677185 357.83159969747066 25.272464543581009 456.87178848683834 43.661165326833725 18.747865743935108 24.180536739528179 6.5072530433535558 61.467536211013794 23.376458272337914 24.694825068116188 891.54661063849926 106.44464269280434 40.14831106364727 1671.2658185884356 11.112599708139895 21.854023158550262 34.374256446957588 11.117779970169066 109.97455053031445 628.83113937824965 179.88828472048044 16.987078219652176 54.983444780111313 20.094276741147041 29.038576975464821 4.4008747190237072 7.998685970902442 23.236026838421822 1245.2267821654677 289.70135161280632 741.66778344660997 6.855215311050415 5.1928790956735602 19.96112821996212 12.671138182282446 135.97513929009438 37.348015487194061 44.529432199895382 37.084000751376152 9.3642036169767362 117.70513642579317 5.6873701214790318 99.938810408115387 82.41764123737812 68.899775460362434 9.2552203983068466
leaf_count=562 2139 1733 118 1922 241 102 161 31 272 116 122 4246 527 215 7349 61 103 143 46 458 3272 877 83 230 97 141 22 41 115 6141 1349 3703 33 22 82 64 672 180 233 169 41 580 26 423 375 321 41
internal_value=1.67412e-06 -0.000677578 2.08319e-05 0.00323086 0.00282976 -0.0044954 -0.00701863 -0.00514867 -0.00221731 0.0010806 0.0225678 -0.000563335 4.32866e-05 0.00138384 0.00111263 0.00152988 0.00173242 0.00883402 0.000218715 -0.00327824 -0.00365911 -0.00463902 -0.00280131 -0.00129299 -0.00877045 0.00225875 0.0165023 0.0340474 -0.00701064 -0.00222824 0.00189439 -0.00421207 0.027656 0.0105479 0.0070922 -0.0160153 -0.0134412 0.02152 -0.0215371 -0.0113622 0.00142148 -0.00626987 0.00222812 0.00193909 0.011852 -0.0203017 0.0380824
internal_weight=8104.79 8001.61 6764.2 2778.77 2753.5 1237.4 879.572 779.211 3985.43 1212.35 86.1624 1126.19 1102.81 996.369 2141.16 2097.5 2086.39 612.338 155.467 144.349 2773.08 2357.16 1728.33 1379.7 348.629 956.221 64.6742 37.0373 27.6369 1325.36 415.919 755.03 13.3625 80.1375 74.9446 168.741 156.069 54.3351 100.361 55.8319 2064.53 195.969 1868.56 1853.62 182.356 78.264 14.9426
internal_count=40000 37861 31696 12248 12130 6165 4432 3928 19448 5817 394 5423 5307 4780 9561 9320 9259 2569 647 601 13631 11720 8448 6738 1710 4565 319 182 137 6475 1911 3767 64 334 312 833 769 263 504 271 9156 942 8214 8147 798 362 67
is_linear=0
shrinkage=0.05


Tree=51
num_leaves=48
num_cat=0
split_feature=10 6 6 5 5 3 3 6 6 6 6 12 4 9 3 0 2 3 3 3 3 2 9 4 1 3 5 7 6 6 3 14 0 0 5 3 9 3 14 5 2 7 14 2 3 3 0
split_gain=109.98 8.17487 14.2026 8.52848 19.6332 9.43664 8.2879 7.74422 10.2108 9.22013 10.0241 7.10583 6.75834 6.56718 6.52171 6.85275 6.37824 7.90019 15.6925 8.60524 9.39592 7.48996 6.64486 6.43732 9.83536 8.5273 5.80576 9.92088 7.13867 9.39991 6.61452 7.1349 6.44547 6.2512 8.54218 6.25376 9.62071 7.93642 6.86078 6.45569 5.75994 7.43438 7.75888 6.46335 6.75394 5.72406 8.389
threshold=-1.0000000180025095e-35 7.5000000000000009 4.5000000000000009 9.5000000000000018 34.500000000000007 352.50000000000006 175.50000000000003 12.500000000000002 14.500000000000002 21.500000000000004 24.500000000000004 1194898.5000000002 10.500000000000002 5.5000000000000009 183.50000000000003 117.50000000000001 12.500000000000002 358.50000000000006 480.50000000000006 629.50000000000011 667.50000000000011 17.500000000000004 5.5000000000000009 8.5000000000000018 2.5000000000000004 754.50000000000011 2.5000000000000004 4027.5000000000005 16.500000000000004 15.500000000000002 689.50000000000011 5.5000000000000009 39.500000000000007 282.50000000000006 23.500000000000004 504.50000000000006 12.500000000000002 1193.5000000000002 1.0000000180025095e-35 44.500000000000007 20.500000000000004 3137.5000000000005 5.5000000000000009 12.500000000000002 1273.5000000000002 667.50000000000011 434.50000000000006
decision_type=2 2 2 2 2 2 2 2 2 2 2 2 2 2 2 2 2 2 2 2 2 2 2 2 2 2 2 2 2 2 2 2 2 2 2 2 2 2 2 2 2 2 2 2 2 2 2
left_child=1 2 3 11 -5 6 -6 12 40 26 -11 -1 14 -7 15 -3 -16 21 -19 -20 -21 -18 -22 24 -24 -26 27 30 29 -28 31 -10 -30 -34 -35 36 -36 39 -39 -37 43 42 -42 -9 -45 -12 -47
right_child=-2 7 -4 4 5 13 -8 8 9 10 45 -13 -14 -15 16 -17 17 18 19 20 22 -23 23 -25 25 -27 28 -29 32 -31 -32 -33 33 34 35 37 -38 38 -40 -41 41 -43 -44 44 -46 46 -48
leaf_value=0.0053139145782082169 0.052539718646646277 0.016308599650190377 -0.011925321527966649 -0.012340703715180394 -0.0025397351324103635 0.020438953668229332 0.010051206086759853 -0.051149578011924768 0.028577626486749344 -0.01165778301769773 -0.0088212287128069788 -0.015700991957304563 -0.032447053075885163 -0.0029721174412643166 0.017664987102755433 -0.0033034210628969138 -0.015557676008536039 -0.01352561137201615 0.012251470917557862 -0.012531792199841837 0.025264355137924556 0.015697580873907945 -0.034185377393988907 0.0033620630638498284 0.061166172190013059 -0.0049328075980780359 0.0023647186125895295 -0.011261508232155139 0.015204483469270636 0.065626084430329842 0.043020766892170596 -0.0093246639952255395 -0.010861495598819673 -0.023053406540028552 -0.016754139013022248 -0.011777866736256812 0.031339669145459034 0.070897349080395883 0.0098138610648349205 0.03065210975015242 0.0026445350151599284 -0.023601413284337153 -0.022258540626005765 0.00037295252489309754 0.059571758499912725 0.027546478564247537 -0.015266283133658579
leaf_weight=585.82750990241766 98.399099964648485 47.869076982140541 352.54237903654575 433.47007092088461 217.92653851956129 30.502746254205704 326.52610012888908 5.7148433178663245 29.950056821107864 243.66524781286716 34.320435509085655 43.191009752452374 14.024148315191267 1669.6155444830656 77.837761387228966 640.65855323523283 21.389178410172462 147.65109030902386 239.75641898810863 102.64145804196596 33.043463423848152 184.56617753207684 29.415726833045483 1475.1170402020216 5.4481960833072653 46.732727691531181 14.429462447762489 27.507560968399048 62.59626978635788 9.901294931769371 28.210655748844147 21.209115624427795 133.40404769778252 29.072193503379822 13.61791244894266 93.99561707675457 43.984213799238205 4.9651326090097418 61.984899893403053 9.9098637104034406 88.808873683214188 109.44908741861582 48.281992465257645 87.117699652910233 5.1001084595918647 45.304004743695259 15.308349117636679
leaf_count=2672 2139 210 1899 2356 1045 127 1510 26 129 1233 158 222 86 8241 352 2957 96 669 1060 462 142 823 177 6549 27 231 67 124 270 41 121 97 629 140 63 430 199 22 274 44 418 522 232 416 24 195 74
internal_value=1.57974e-06 -0.000645154 -0.00238522 -0.00136822 -0.00259879 -0.000717439 0.00501147 0.00082416 -0.00246274 0.000278013 -0.00628793 0.00387094 0.00218324 -0.00255209 0.00234237 -0.00193992 0.00358982 0.00311051 0.0021855 0.0033861 0.00213018 0.0124516 0.00307682 0.00260586 -0.011065 0.00196857 0.00408008 0.0146149 0.00172389 0.0281087 0.023583 0.0128644 0.000308412 -0.00207674 0.00247388 0.00572233 0.0199697 0.000919001 0.0143439 -0.00773116 -0.00980914 -0.0138841 -0.00612607 0.000449302 0.00364694 0.00749494 0.0167336
internal_weight=8091.96 7993.56 3659.6 3307.06 2678.04 2244.57 544.453 4333.96 1267.81 923.336 338.598 629.019 3066.15 1700.12 3052.13 688.528 2363.6 2285.76 2079.81 1932.16 1692.4 205.955 1589.76 1556.71 81.5967 52.1809 584.738 106.877 477.861 24.3308 79.3698 51.1592 453.53 390.934 257.53 228.458 57.6021 170.856 66.95 103.905 344.473 246.54 137.091 97.9327 92.2178 94.9328 60.6124
internal_count=40000 37861 18072 16173 13279 10923 2555 19789 5948 4310 1660 2894 13841 8368 13755 3167 10588 10236 9317 8648 7588 919 7126 6984 435 258 2650 471 2179 108 347 226 2071 1801 1172 1032 262 770 296 474 1638 1172 650 466 440 427 269
is_linear=0
shrinkage=0.05


Tree=52
num_leaves=48
num_cat=0
split_feature=10 8 8 8 8 8 6 8 7 6 6 6 0 0 2 5 4 0 0 3 9 5 12 7 12 7 3 7 7 7 12 7 9 0 3 14 3 3 0 7 7 3 3 0 0 0 12
split_gain=104.294 8.0485 10.0856 19.012 9.72273 22.432 12.7119 27.4785 8.43856 6.99861 9.25168 21.3636 7.33802 6.5809 8.53098 7.19507 6.20266 6.15616 7.39437 7.99439 5.98016 6.94639 6.03225 5.92367 5.90573 6.10709 8.45393 5.59999 5.83907 5.5269 5.4954 5.38559 5.36283 5.34784 7.11214 5.66795 5.31068 10.6038 6.10479 5.91174 8.44114 5.78803 8.68399 7.93203 6.81849 7.74885 6.16721
threshold=-1.0000000180025095e-35 9.5000000000000018 8.5000000000000018 7.5000000000000009 4.5000000000000009 6.5000000000000009 7.5000000000000009 3.5000000000000004 335.50000000000006 12.500000000000002 15.500000000000002 16.500000000000004 31.500000000000004 276.50000000000006 48.500000000000007 25.500000000000004 10.500000000000002 431.50000000000006 514.50000000000011 818.50000000000011 14.500000000000002 1.5000000000000002 1419953.5000000002 783.50000000000011 407752.50000000006 4767.5000000000009 1319.5000000000002 1473.5000000000002 1974.5000000000002 4409.5000000000009 894798.50000000012 4737.5000000000009 10.500000000000002 590.50000000000011 1334.5000000000002 1.0000000180025095e-35 500.50000000000006 594.50000000000011 105.50000000000001 2614.5000000000005 4069.5000000000005 358.50000000000006 183.50000000000003 366.50000000000006 387.50000000000006 606.50000000000011 783991.50000000012
decision_type=2 2 2 2 2 2 2 2 2 2 2 2 2 2 2 2 2 2 2 2 2 2 2 2 2 2 2 2 2 2 2 2 2 2 2 2 2 2 2 2 2 2 2 2 2 2 2
left_child=1 2 3 4 6 -6 7 33 -5 16 -11 -12 -13 31 15 -15 20 -7 -19 27 21 -8 -23 -10 25 26 -9 -20 -29 -30 -3 -14 -4 -1 35 -35 38 39 -22 -38 -41 42 43 46 -43 -46 -40
right_child=-2 30 32 8 5 17 9 24 23 10 11 12 13 14 -16 -17 -18 18 19 -21 36 22 -24 -25 -26 -27 -28 28 29 -31 -32 -33 -34 34 -36 -37 37 -39 41 40 -42 44 -44 -45 45 -47 -48
leaf_value=-0.00027771399079487005 0.052409727267122092 -0.0070404330262185261 -0.004689425437709809 0.011399541270460419 0.014392000477753165 -0.0073302258809621965 0.024081766431661326 -0.0089531417398661921 -0.036480023536701163 -0.0091142858335181518 0.067538043697328395 0.014915694972558041 -0.010401960312780316 -0.019641686280315117 0.0066729223983518111 0.0004073286942458149 -0.031409575427828899 0.01291940260171659 -0.025583972959091195 -0.031963127873781992 0.012069225095144817 0.007820246494317392 -0.0031531186261679828 -0.012256289842318378 -0.020342389484631566 0.036208327380836791 -0.046456436102683775 0.074252463089047746 -0.006177043085493431 0.051883086783556145 -0.031849006026504416 0.008273788963977546 0.013320459540225971 -0.034643917631582054 -0.044408353600192137 0.025299305387810667 0.030099316659801773 0.0016384722486583723 -0.011062252795541143 -0.021255330470934895 0.01975529670797042 -0.0052885412349591423 0.0093440653785957836 -0.00018522494322118912 -0.039260623783529486 0.017956346057349738 -0.051120864110262315
leaf_weight=1213.6843863874674 93.826412044465542 217.47053913772106 52.276505619287491 35.432328686118126 357.85543354600668 262.58728583157063 50.944199860095978 561.08921398222446 27.536089971661568 360.92634437978268 11.679995283484457 70.843809068202972 261.81188835203648 68.615408346056938 317.55762684345245 128.65703378617764 13.769580334424971 105.85265177488327 10.362950816750525 23.291997589170933 69.706528425216675 470.49495045095682 170.6684647127986 302.35236938297749 155.74521974474192 7.2537593096494666 15.440071210265158 3.9033747464418438 16.841753512620929 5.4173329770565024 24.875438511371613 45.278790429234505 197.4787462502718 4.2899430841207495 4.5907334238290778 48.837242908775806 51.598939850926399 1393.2295841276646 152.95689590275288 18.307153359055519 39.879828482866287 94.434829786419868 145.77718780934811 342.60437316447496 34.770662695169449 7.1309069097042075 10.252078562974928
leaf_count=5747 2139 1320 240 168 1616 1291 219 2888 138 1719 48 307 1256 336 1447 616 86 490 52 118 306 2072 838 1525 865 35 84 18 84 26 190 219 905 20 22 230 221 6241 711 80 174 425 646 1572 159 40 51
internal_value=1.41299e-06 -0.000614297 -0.000333503 -0.000662909 -9.28178e-05 0.00515224 -0.000742876 -0.00402818 -0.0117878 0.000782208 -0.0023464 0.000354383 -0.000524578 -0.00185542 0.00159999 -0.00656613 0.0020732 -0.00256857 0.00497865 -0.00907327 0.00222422 0.00631127 0.00489929 -0.0142783 -0.0116918 -0.00938389 -0.00995752 0.00552343 0.0178451 0.00795341 -0.00958689 -0.00764833 0.00955079 0.00042945 0.0152996 0.020459 0.00102596 0.00281739 -0.00211354 0.0177783 0.00685228 -0.00336826 -0.00140802 -0.0045068 -0.0127368 -0.0295233 -0.0135786
internal_weight=8080.19 7986.36 7744.02 7494.26 7128.94 786.113 6342.83 2010.93 365.321 4331.9 1265.37 904.445 892.765 821.921 514.83 197.272 3066.53 428.257 165.67 59.8174 3052.76 692.108 641.163 329.888 739.528 583.783 576.529 36.5254 26.1625 22.2591 242.346 307.091 249.755 1271.4 57.7179 53.1272 2360.65 1503.02 857.633 109.786 58.187 787.927 651.591 505.813 136.336 41.9016 163.209
internal_count=40000 37861 36351 35206 33375 3695 29680 9891 1831 19789 5948 4229 4181 3874 2399 952 13841 2079 788 298 13755 3129 2910 1663 3872 3007 2972 180 128 110 1510 1475 1145 6019 272 250 10626 6716 3910 475 254 3604 2980 2334 624 199 762
is_linear=0
shrinkage=0.05


Tree=53
num_leaves=48
num_cat=0
split_feature=10 5 8 4 8 8 7 8 8 6 8 9 6 4 7 5 14 7 7 5 0 12 5 0 0 1 12 3 9 3 7 7 2 3 7 12 1 3 8 3 0 7 2 7 3 3 0
split_gain=98.917 7.59622 7.88511 8.72887 6.60377 15.8218 8.43349 8.19515 18.073 10.4016 24.9031 9.44968 7.888 6.3633 6.05176 6.04263 8.8928 6.75631 5.91995 5.67466 5.55118 5.53689 5.53285 8.93013 7.68598 6.51954 7.01642 5.59332 8.29233 8.61899 6.18139 6.06119 5.88523 5.51031 5.76194 5.57637 5.28041 5.86718 5.68125 5.81533 5.25915 5.50475 8.79044 6.26695 6.09798 5.2588 5.21812
threshold=-1.0000000180025095e-35 1.0000000180025095e-35 9.5000000000000018 6.5000000000000009 8.5000000000000018 7.5000000000000009 335.50000000000006 4.5000000000000009 6.5000000000000009 7.5000000000000009 3.5000000000000004 27.500000000000004 1.5000000000000002 2.5000000000000004 783.50000000000011 41.500000000000007 3.5000000000000004 922.50000000000011 3686.5000000000005 41.500000000000007 308.50000000000006 261172.00000000003 34.500000000000007 479.50000000000006 514.50000000000011 4.5000000000000009 922283.50000000012 629.50000000000011 17.500000000000004 1140.5000000000002 3636.5000000000005 3202.5000000000005 18.500000000000004 860.50000000000011 4637.5000000000009 34668.000000000007 5.5000000000000009 152.50000000000003 1.5000000000000002 1236.5000000000002 155.50000000000003 4726.5000000000009 19.500000000000004 2959.5000000000005 135.50000000000003 1334.5000000000002 442.50000000000006
decision_type=2 2 2 2 2 2 2 2 2 2 2 2 2 2 2 2 2 2 2 2 2 2 2 2 2 2 2 2 2 2 2 2 2 2 2 2 2 2 2 2 2 2 2 2 2 2 2
left_child=1 -1 3 13 5 7 -7 9 21 10 36 45 18 19 -8 -14 17 20 -12 -3 -17 33 23 -16 -25 -24 27 30 29 -29 31 -27 -32 34 46 -35 38 -38 39 -5 -18 43 -43 44 -42 -10 -9
right_child=-2 2 -4 4 -6 6 14 8 11 -11 12 -13 15 -15 22 16 40 -19 -20 -21 -22 -23 25 24 -26 26 -28 28 -30 -31 32 -33 -34 35 -36 -37 37 -39 -40 -41 41 42 -44 -45 -46 -47 -48
leaf_value=0.0061496012140852957 0.052286686242817619 0.025777068356575689 -0.01007505191865532 0.0065444019608551368 0.0077946419207516118 0.012041634147488232 -0.037849809730716312 0.03312733612951347 -0.002996380415136158 0.00062449146714272437 -0.0095865461192409691 0.049024288210710532 -0.018220510051368814 -0.023197768114956 -0.033091700561291647 0.083899730036942982 -0.037278270016825918 0.0021069566927933775 0.014619462863181491 -0.025123920230464954 0.0067547012182930209 0.0023063966849618174 -0.019326985898715003 0.029615461548055867 -0.023224065437403654 0.013212074036137023 0.027779599182468813 -0.02202043242770698 -0.047598257699528301 0.019973166526601863 -0.062933367755404007 0.077015635319438239 0.0040679707333915772 0.0007781132643119897 0.0018967964864013899 0.030541092157864894 0.035281043621726856 -0.015245411632825393 -0.002481953280690737 -0.0080722507215834731 0.03850336096342296 0.045873656382323512 -0.031653636174233571 -0.023640410653916921 -0.0081591059569592964 -0.057001284298380396 0.011134627495253022
leaf_weight=397.82718557864428 89.455165173858404 14.720351047813892 229.01201762259007 532.43669874221087 234.61384169757366 34.952743381261826 24.251212298870087 95.282520070672035 382.78896398097277 4039.4600493907928 54.876278311014175 8.7118501514196378 318.98637546598911 71.094914592802525 59.99345900118351 5.1772172451019269 19.285419225692749 40.192651107907295 46.800131171941757 8.7186120748519897 4.2430195659399033 86.260840564966202 70.088549003005028 12.815635353326799 14.864443391561506 19.711802259087566 18.916152119636536 29.772026658058167 14.574780508875845 20.724432364106178 4.5331667512655267 4.5887957960367194 11.83173018693924 72.377432823181152 27.869175776839256 20.110365182161331 6.2006056159734717 78.289599537849426 507.7208903208375 78.019918024539948 7.4533949941396704 10.261291638016699 5.6802955269813529 75.387213870882988 115.47778497636318 4.5614689737558356 37.619783401489258
leaf_count=1716 2139 80 1448 2479 1074 164 124 416 1873 18463 287 36 1731 431 320 24 110 206 222 50 20 396 373 60 80 91 89 155 69 104 21 21 58 334 128 85 30 396 2429 364 37 52 31 396 597 25 166
internal_value=1.11902e-06 -0.000585061 -0.000938461 -0.000653871 -0.00045725 -0.000732911 -0.0112283 -0.000196294 0.00478228 -0.000812202 -0.00385626 -0.0024741 -0.0113263 -0.0157493 -0.0138805 -0.0135014 -0.00818515 0.0110397 0.00155512 0.00684338 0.0491524 0.0132471 -0.0118223 -0.0222525 0.00124018 -0.0071265 -0.000266539 -0.00528395 -0.0143749 -0.00478569 0.00926305 0.0252604 -0.0144918 0.0169736 0.0225674 0.00724972 0.000515313 -0.0115374 0.00142602 0.00467631 -0.0122692 -0.0100181 0.0182492 -0.0122903 -0.00532993 -0.00363235 0.026902
internal_weight=8068.59 7979.14 7581.31 7352.3 7257.76 7023.15 341.619 6681.53 735.582 5945.95 1906.49 396.062 703.821 94.5339 306.666 602.145 283.158 49.6129 101.676 23.439 9.42024 339.52 282.415 87.6735 27.6801 194.741 124.653 105.737 65.0712 50.4965 40.6655 24.3006 16.3649 253.259 160.771 92.4878 1202.67 84.4902 1118.18 610.457 233.545 214.26 15.9416 198.318 122.931 387.35 132.902
internal_count=40000 37861 36145 34697 34136 33062 1729 31333 3459 27874 9411 1934 3713 561 1565 3204 1473 250 509 130 44 1525 1441 460 140 981 608 519 328 259 191 112 79 1129 710 419 5698 426 5272 2843 1223 1113 83 1030 634 1898 582
is_linear=0
shrinkage=0.05


Tree=54
num_leaves=48
num_cat=0
split_feature=10 1 1 12 12 4 7 12 12 8 0 2 7 1 5 6 7 5 1 7 9 5 12 7 6 1 12 5 2 12 3 0 7 12 12 7 2 1 3 7 12 2 0 0 8 3 3
split_gain=93.8313 7.18776 8.9028 6.1709 9.16743 7.42669 7.38843 7.34767 7.85817 10.0995 6.09091 10.143 5.8208 5.75719 6.46622 5.53231 6.02607 5.40692 5.38557 7.52906 5.25711 6.38266 6.7711 6.57908 6.2651 6.02046 5.3764 5.09752 7.7915 5.0024 4.97033 4.84446 4.83123 4.80896 7.06852 4.77089 4.75507 4.67324 6.74625 4.9288 4.64989 4.62523 4.4628 8.55736 8.22666 6.4018 6.68971
threshold=-1.0000000180025095e-35 4.5000000000000009 1.5000000000000002 1.0000000180025095e-35 309254.00000000006 8.5000000000000018 786.50000000000011 254395.00000000003 337.50000000000006 7.5000000000000009 178.50000000000003 13.500000000000002 1306.5000000000002 5.5000000000000009 12.500000000000002 2.5000000000000004 248.50000000000003 42.500000000000007 3.5000000000000004 4150.5000000000009 26.500000000000004 35.500000000000007 705467.50000000012 2501.5000000000005 1.5000000000000002 2.5000000000000004 516448.00000000006 42.500000000000007 24.500000000000004 82490.000000000015 335.50000000000006 151.50000000000003 2849.5000000000005 4836.0000000000009 138075.00000000003 4202.5000000000009 44.500000000000007 3.5000000000000004 1258.5000000000002 479.50000000000006 395813.50000000006 48.500000000000007 477.50000000000006 559.50000000000011 2.5000000000000004 958.50000000000011 1123.5000000000002
decision_type=2 2 2 2 2 2 2 2 2 2 2 2 2 2 2 2 2 2 2 2 2 2 2 2 2 2 2 2 2 2 2 2 2 2 2 2 2 2 2 2 2 2 2 2 2 2 2
left_child=1 2 -1 37 5 6 -5 8 10 15 32 -12 -11 14 -3 27 -17 20 35 31 24 23 30 -22 -6 -25 -27 -10 -29 -8 36 -20 -7 -18 -35 -19 -23 -4 39 -39 -33 -40 -26 44 -44 -46 -47
right_child=-2 13 3 4 17 7 29 -9 9 12 11 -13 -14 -15 -16 16 33 18 19 -21 21 22 -24 25 42 26 -28 28 -30 -31 -32 40 -34 34 -36 -37 -38 38 41 -41 -42 -43 43 -45 45 46 -48
leaf_value=0.00049016380844972226 0.052170197151423514 0.0056236827340660671 -0.012445669621005084 -0.027845119959082589 -0.047995128229847001 0.026698434715923005 0.0069673857821129634 0.033439884652222161 0.020675409541040309 0.0061979576034668117 -0.013024550446292311 0.055151914404254293 -0.046555534321044569 -0.0037103827207891579 0.00045297562289704665 -0.051382731327700749 -0.025049112855202067 -0.019407386017313552 0.015755752147053822 0.030695251252149759 -0.030647494517610729 0.060648572527199955 0.076002967405747246 -0.018757983256471891 -0.0099736241284862359 0.07858205169152592 0.011170360436245622 0.021657636867825663 -0.046506967544444236 -0.010818067777412371 0.003416567165863377 0.033615535662879482 -0.038834443995347606 0.013468473955743177 -0.0087251556739854057 -0.054995859917204994 -0.0010780532036747971 0.012891891885217581 0.037903679469562385 -0.0086454412021844586 -0.027251945112926359 -0.00052862700373075805 0.069966731358894294 -0.012513938220480492 -0.005652660641350539 0.071888726512779666 0.0048397635400769393
leaf_weight=1505.9079854786396 85.277590166777372 740.50000604987144 354.59283873438835 31.262775897979736 9.2286645621061307 5.6848160773515684 85.505379609763622 23.885764598846436 70.921299651265144 7.7481485754251507 7.3331803083419826 21.30677542090416 16.083043985068798 637.78306518495083 3295.2977609187365 5.6645528823137274 15.88421195745468 60.473942801356316 11.061253041028975 12.031639792025087 19.82273968309164 8.4988395869731885 4.3273241817951194 14.12886333465576 226.90128341317177 3.688872896134856 14.923240698873995 9.0520657598972338 7.8085104674100867 73.537667989730835 46.042618930339813 3.4467697739601126 5.5661034286022186 83.361366420984268 62.982986018061638 11.154132924973963 4.9297067001461974 29.506707668304443 15.031639009714128 266.38241573423147 34.992419354617596 16.336777701973915 6.5514173209667197 44.987948544323444 25.526789173483849 6.8573882579803458 8.1316191181540471
leaf_count=6884 2139 3233 2157 156 55 24 371 118 307 36 30 89 82 3087 14903 29 68 366 62 70 108 39 20 77 1266 19 78 41 35 376 236 18 23 361 296 67 24 171 78 1579 206 88 35 270 141 38 44
internal_value=7.55982e-07 -0.000557263 -0.00234415 -0.00472444 -0.00242688 0.00229842 -0.00562412 0.00669044 0.00469001 0.00172719 0.0254499 0.0376955 -0.029404 0.000704087 0.00140171 0.00462889 -0.000689317 -0.00679132 -0.0156295 -0.0047805 -0.00414392 0.0049875 0.0156168 -0.00791362 -0.00738158 0.00585041 0.0245312 0.0148006 -0.00991092 -0.00125618 0.0112228 -0.0134033 -0.00572227 0.00108075 0.00391689 -0.0249493 0.0379883 -0.00846905 -0.00416026 -0.00649769 -0.0217941 0.017888 -0.00620647 0.00307896 0.017983 0.00957725 0.0355143
internal_weight=8057.91 7972.64 3299.05 1793.15 1111.3 533.589 190.306 343.283 319.397 279.506 39.8909 28.64 23.8312 4673.58 4035.8 255.675 167.893 577.707 133.16 61.5321 444.547 116.362 63.7985 52.5637 328.185 32.741 18.6121 87.7819 16.8606 159.043 59.4712 49.5004 11.2509 162.229 146.344 71.6281 13.4285 681.85 327.258 295.889 38.4392 31.3684 318.956 92.0552 47.0672 40.5158 14.989
internal_count=40000 37861 16638 9754 5681 2442 903 1539 1421 1255 166 119 118 21223 18136 1137 754 3239 789 356 2450 601 319 282 1849 174 97 383 76 747 299 286 47 725 657 433 63 4073 1916 1750 224 166 1794 528 258 223 82
is_linear=0
shrinkage=0.05


Tree=55
num_leaves=48
num_cat=0
split_feature=10 12 12 12 12 0 0 4 5 5 0 0 0 5 5 5 5 4 5 12 6 2 14 7 3 3 1 12 12 5 3 3 8 3 3 3 12 0 7 3 2 3 12 3 7 3 3
split_gain=89.0191 6.89947 15.5774 17.3823 9.36076 6.95085 8.78563 7.59526 6.78291 14.9432 7.80445 7.21811 6.79086 6.54552 5.89172 10.9105 15.7777 10.0903 7.92941 7.81556 6.32662 6.22135 6.54748 9.28959 6.22029 9.61631 6.26393 6.01881 6.0117 5.68247 8.60273 7.90491 7.15112 6.83447 6.82254 9.91946 8.12575 6.90266 6.115 6.87124 6.05127 6.97739 5.84815 9.68349 9.88903 9.40485 6.0887
threshold=-1.0000000180025095e-35 684837.00000000012 1.0000000180025095e-35 1.5000000000000002 120751.50000000001 151.50000000000003 208.50000000000003 7.5000000000000009 41.500000000000007 42.500000000000007 507.50000000000006 32.500000000000007 479.50000000000006 46.500000000000007 42.500000000000007 40.500000000000007 37.500000000000007 7.5000000000000009 13.500000000000002 831.50000000000011 5.5000000000000009 15.500000000000002 1.0000000180025095e-35 1259.5000000000002 1070.5000000000002 900.50000000000011 2.5000000000000004 681.00000000000011 67816.500000000015 11.500000000000002 1141.5000000000002 949.50000000000011 5.5000000000000009 733.50000000000011 651.50000000000011 458.50000000000006 246931.00000000003 104.50000000000001 1771.5000000000002 1000.5000000000001 24.500000000000004 1131.5000000000002 315993.00000000006 304.50000000000006 282.50000000000006 182.50000000000003 205.50000000000003
decision_type=2 2 2 2 2 2 2 2 2 2 2 2 2 2 2 2 2 2 2 2 2 2 2 2 2 2 2 2 2 2 2 2 2 2 2 2 2 2 2 2 2 2 2 2 2 2 2
left_child=1 2 8 -4 14 -3 -7 -8 -1 10 -10 -11 13 -13 15 16 17 18 -5 27 -18 24 23 -23 25 26 -21 -19 -27 33 31 32 34 -6 35 36 -31 -36 39 -33 -41 -42 45 44 -44 -38 -46
right_child=-2 5 3 4 29 6 7 -9 9 11 -12 12 -14 -15 -16 -17 20 19 -20 21 -22 22 -24 -25 -26 28 -28 -29 -30 30 -32 38 -34 -35 37 -37 42 -39 -40 40 41 -43 43 -45 46 -47 -48
leaf_value=-0.003280100548741725 0.05205988356898527 0.0019062296248416261 0.044642319225188409 0.0095869869453463 -0.0014834747462421872 -0.020420137922406281 -0.032704895824017546 -0.0037138091635239238 0.027277039387810866 -0.028026550924361921 -0.016147867822499218 0.0023574958568227875 -0.011805044121890998 -0.018391992391058501 -4.868109034172066e-05 0.026344934975586654 -0.008447927440254039 0.016674447364551915 -0.023042264541072235 -0.045136154052239613 -0.065714111127775574 0.030852804617731391 0.010578860025619205 -0.027256791071268167 -0.032632140536596514 0.058891688595325675 -0.001462452480710889 0.059878947363218249 -0.0028351005170355764 -0.0096754129860567133 -0.010263138957887212 0.039650378591630869 -0.012249646806514341 0.013263954372920772 0.0040859724307338282 0.016026117692249427 -0.0073132164630300952 -0.013875615995517988 0.019168973310327832 0.017704465105384131 -0.026407853652495664 0.023139642325581199 0.084771497883882899 -0.021561600317924784 0.00045614926327382384 0.045062754966050694 0.026960078296767782
leaf_weight=2758.4601741358638 81.28610111027956 356.48969546705484 24.804723188281059 31.316294953227043 154.61401820927858 98.804921083152294 23.293422117829323 750.21115192770958 74.44172577559948 23.043216601014137 12.017028197646139 953.88184973597527 105.60941071808338 39.584768064320087 309.94643965363503 73.946093201637268 9.2382528409361857 150.64124894142151 45.924150243401527 9.5617522448301298 10.091311529278753 9.3637760877609235 431.14664719253778 25.90419827401638 16.749883368611336 10.125821173191072 58.077482149004936 8.5168159753084165 6.461563527584075 141.579141959548 229.05732432752848 9.3433369398117048 130.19765846431255 159.71658588945866 88.947615951299667 124.28740245103836 14.237903788685797 134.17844898998737 90.989378809928894 18.468212470412254 35.14857991039753 8.9057499617338163 4.0564722865819922 34.881841167807579 112.23352887481451 21.533898025751114 26.854051508009434
leaf_count=13631 2139 1733 118 134 686 504 161 3767 338 116 56 4565 527 215 1314 316 39 646 204 42 44 39 1784 107 71 42 242 35 27 630 1065 42 632 702 384 554 64 630 423 84 165 40 19 166 537 98 123
internal_value=4.87501e-07 -0.000530674 9.76817e-05 0.00297416 0.0025978 -0.00397625 -0.00638026 -0.00458685 -0.00191159 0.00121191 0.0212413 -0.000331351 0.000249306 0.00153073 0.00589429 0.00794766 0.00629491 0.00736841 -0.00981309 0.009195 -0.0383447 0.00644843 0.00888453 -0.0118285 -0.00480402 0.000730069 -0.00763634 0.0189864 0.0348462 1.28039e-05 -0.00152616 0.000483457 -0.00148626 0.00600994 0.000507742 0.00386772 -0.000384486 -0.00671536 0.0105584 -0.000343501 -0.00632017 -0.0163916 0.00576807 0.0020612 0.00781769 0.0242161 0.00557334
internal_weight=8048.17 7966.88 6738.09 2771.05 2746.24 1228.8 872.309 773.505 3967.04 1208.58 86.4588 1122.12 1099.08 993.467 1207.01 897.065 823.119 803.79 77.2404 726.549 19.3296 567.391 466.415 35.268 100.977 84.2266 67.6392 159.158 16.5874 1539.23 1224.9 995.843 832.988 314.331 702.79 479.664 355.377 223.126 162.855 71.8659 62.5225 44.0543 213.798 178.026 143.144 35.7718 139.088
internal_count=40000 37861 31696 12248 12130 6165 4432 3928 19448 5817 394 5423 5307 4780 5086 3772 3456 3373 338 3035 83 2354 1930 146 424 353 284 681 69 7044 5656 4591 3837 1388 3205 2191 1637 1014 754 331 289 205 1007 845 679 162 660
is_linear=0
shrinkage=0.05


Tree=56
num_leaves=48
num_cat=0
split_feature=10 8 8 8 8 8 6 8 3 3 14 9 12 9 6 6 12 1 0 0 3 7 3 0 0 12 3 7 12 12 7 5 3 7 3 7 12 7 14 14 0 7 2 9 12 14 7
split_gain=84.464 6.48616 8.56751 15.5359 8.07513 18.1672 10.5991 22.5457 7.94852 9.36349 8.20719 9.09313 7.83168 6.36594 6.29165 9.31634 6.19953 10.0976 5.48855 6.51756 7.39075 5.30546 5.29684 7.4428 5.76213 5.2702 5.24428 5.9342 5.62872 5.12483 5.07915 5.1177 5.06849 5.03909 5.28613 5.09269 4.96655 4.95658 4.89174 10.4403 6.73099 6.07184 7.03021 5.91822 7.82908 6.78026 6.10717
threshold=-1.0000000180025095e-35 9.5000000000000018 8.5000000000000018 7.5000000000000009 4.5000000000000009 6.5000000000000009 7.5000000000000009 3.5000000000000004 804.50000000000011 1103.5000000000002 4.5000000000000009 12.500000000000002 951615.00000000012 17.500000000000004 21.500000000000004 24.500000000000004 922283.50000000012 4.5000000000000009 431.50000000000006 514.50000000000011 818.50000000000011 2876.5000000000005 667.50000000000011 434.50000000000006 357.50000000000006 663551.50000000012 1319.5000000000002 4767.5000000000009 407752.50000000006 894798.50000000012 818.50000000000011 35.500000000000007 76.500000000000014 1473.5000000000002 620.50000000000011 1974.5000000000002 1819251.5000000002 4409.5000000000009 2.5000000000000004 3.5000000000000004 628.50000000000011 334.50000000000006 32.500000000000007 14.500000000000002 1536427.0000000002 1.0000000180025095e-35 3964.5000000000005
decision_type=2 2 2 2 2 2 2 2 2 2 2 2 2 2 2 2 2 2 2 2 2 2 2 2 2 2 2 2 2 2 2 2 2 2 2 2 2 2 2 2 2 2 2 2 2 2 2
left_child=1 2 3 4 6 36 7 -1 10 -10 11 -5 13 30 38 25 -12 -18 -7 -20 33 -19 -17 24 -24 32 27 28 -9 -3 -11 -32 -16 34 -21 -35 -6 -37 40 41 43 -40 -43 44 -8 -46 -47
right_child=-2 29 -4 8 5 18 14 26 9 12 16 -13 -14 -15 15 22 17 21 19 20 -22 -23 23 -25 -26 -27 -28 -29 -30 -31 31 -33 -34 35 -36 37 -38 -39 39 -41 -42 42 -44 -45 45 46 -48
leaf_value=0.00037762417576240665 0.05195538239153541 -0.0061659453936586213 0.0088409081614724827 -0.021460430180943662 0.014048209335010825 -0.0067589806231063421 0.010907839438732509 -0.0080657769702626465 -0.033659341694235859 -0.049016707731022569 -0.01862708703515387 0.014651802201425219 0.026771675015523189 -0.045590263334084981 -0.047337079048170652 -0.0082559656775406665 -0.051002846770019629 0.002666954154033441 0.01230802074929753 0.0042903521247799519 -0.030673133551479593 0.074813498496500194 0.017245195391361625 -0.014020301552749038 0.060817559617319411 -0.028208572147817558 -0.035132935076704022 0.0363805313578449 -0.019074410174770438 -0.030488783112042325 -0.026074558943721179 0.0061466411827602267 -0.00627693970526981 0.069379868636966352 -0.069669922549886923 -0.0056319042253409422 -0.020740507466631371 0.049144304019482915 0.045165861650191153 0.0012824524635805898 0.049202881694376248 -0.0019849416094454612 0.015401636370793757 -0.0051451048555313725 -0.039249632111460458 0.022798910624103431 -0.037412481146895875
leaf_weight=1269.5754069536924 77.47331926971674 215.02023689448833 250.5357086956501 22.693903282284737 348.42353017628193 260.92234016954899 135.92789588868618 555.4822765737772 64.978316210210323 6.8591957241296759 91.158106684684753 75.180132374167442 13.195616394281386 13.876389667391775 7.8147595822811118 34.164754271507263 3.9680752903223011 4.5763174593448639 106.03102324903011 6.2699639797210676 22.864570491015911 5.7498023957014084 35.786257773637772 15.117102324962614 9.6291474103927595 37.634916931390762 21.233490064740181 6.8549534380435935 146.79929479956627 24.08216331154108 17.622792974114418 40.98102568089962 196.49562177062035 3.9700082689523724 3.9303222298622131 16.722717508673671 10.570562854409216 5.4843008816242209 12.711093649268149 2948.9663373082876 6.2904916852712622 85.828899756073952 180.22646627575159 581.08560604602098 16.240711010992527 13.732524059712889 6.0741181820631018
leaf_count=6019 2139 1320 1145 109 1560 1291 608 2888 359 35 455 363 65 72 39 158 24 22 490 32 118 27 154 74 41 206 118 34 832 190 90 210 988 18 20 84 56 26 57 13390 28 399 799 2666 82 68 32
internal_value=5.1169e-07 -0.000505198 -0.000254008 -0.000559054 -4.53143e-05 0.00473705 -0.000639124 -0.00364895 -0.0106802 -0.0191115 -0.00414861 0.00627851 -0.00889594 -0.0148281 0.000753073 -0.00581089 -0.0138264 0.0167889 -0.00224313 0.00488622 -0.00839732 0.0428397 0.00748441 0.0163683 0.0264836 -0.0110147 -0.0106482 -0.00991504 -0.0103669 -0.00861572 -0.00830738 -0.00354262 -0.00784747 0.00560391 -0.0242076 0.0172204 0.0130239 0.00789577 0.00130729 0.00215676 -0.00230349 0.0114057 0.00979276 -0.00273374 0.00541401 -0.0153022 0.00433384
internal_weight=8036.81 7959.34 7720.24 7469.7 7108.86 785.189 6323.67 1999.95 360.84 157.513 203.326 97.874 92.535 79.3394 4323.73 336.643 105.452 14.2942 426.195 165.273 59.2419 10.3261 94.6973 60.5325 45.4154 241.945 730.37 709.137 702.282 239.102 65.463 58.6038 204.31 36.3773 10.2003 26.177 358.994 22.207 3987.08 3227.73 759.351 278.766 266.055 753.061 171.975 36.0474 19.8066
internal_count=40000 37861 36351 35206 33375 3695 29680 9891 1831 831 1000 472 472 407 19789 1660 528 73 2079 788 298 49 427 269 195 1233 3872 3754 3720 1510 335 300 1027 180 52 128 1616 110 18129 14645 3484 1255 1198 3456 790 182 100
is_linear=0
shrinkage=0.05


Tree=57
num_leaves=48
num_cat=0
split_feature=10 5 4 8 5 5 5 3 3 0 7 7 4 12 7 9 8 12 7 7 3 8 6 12 12 12 12 3 12 7 0 8 0 12 0 3 3 1 3 5 6 0 0 7 6 1 3
split_gain=80.1531 6.38655 6.66238 7.03061 5.83908 6.20311 22.4762 8.36021 11.6993 7.9575 6.89293 6.55716 6.54153 6.25621 6.2734 6.07786 8.82868 9.49325 6.06898 5.53816 9.13057 6.8793 6.28269 5.52552 5.50976 5.48867 5.75541 10.0602 8.95401 8.04785 7.10538 6.64309 6.61624 7.38292 6.42201 6.0531 11.346 6.29884 9.88581 6.08399 5.98533 8.12604 11.5326 11.0714 7.60231 7.05211 6.67507
threshold=-1.0000000180025095e-35 1.0000000180025095e-35 6.5000000000000009 9.5000000000000018 46.500000000000007 33.500000000000007 13.500000000000002 1305.5000000000002 1282.5000000000002 377.50000000000006 969.50000000000011 4726.5000000000009 10.500000000000002 1819251.5000000002 4555.5000000000009 17.500000000000004 1.5000000000000002 783991.50000000012 674.50000000000011 922.50000000000011 912.50000000000011 7.5000000000000009 4.5000000000000009 655194.50000000012 32809.000000000007 684837.00000000012 1.0000000180025095e-35 1280.5000000000002 101.50000000000001 3202.5000000000005 434.50000000000006 8.5000000000000018 547.50000000000011 87870.500000000015 332.50000000000006 1000.5000000000001 883.50000000000011 7.5000000000000009 678.50000000000011 42.500000000000007 4.5000000000000009 454.50000000000006 117.50000000000001 4680.5000000000009 8.5000000000000018 5.5000000000000009 1179.5000000000002
decision_type=2 2 2 2 2 2 2 2 2 2 2 2 2 2 2 2 2 2 2 2 2 2 2 2 2 2 2 2 2 2 2 2 2 2 2 2 2 2 2 2 2 2 2 2 2 2 2
left_child=1 -1 -3 4 5 6 13 8 25 11 -10 18 -11 14 19 -16 -17 23 -8 20 -4 -21 -22 24 -18 26 31 28 29 34 -30 35 33 -32 -28 36 37 -7 -39 -40 -37 42 46 44 -44 -46 -42
right_child=-2 2 3 -5 -6 7 9 -9 10 12 -12 -13 -14 -15 15 16 17 -19 -20 21 22 -23 -24 -25 -26 -27 27 -29 30 -31 32 -33 -34 -35 -36 40 -38 38 39 -41 41 -43 43 -45 45 -47 -48
leaf_value=0.0056997063117930685 0.051856386342225329 -0.013969492198925022 0.0023011460681755698 -0.0093622771647161214 -0.016912600972838688 -0.0013545863438403029 0.0065863162537027359 -0.0091683436412084221 0.040741151021956641 -0.0032908562308382378 0.010524033960877182 -0.0041634645657507687 -0.06205534525028196 -0.019478301242500717 -0.0082949274835001641 -0.049984385498412803 0.059265438215486715 -0.022524781946990109 -0.020910685597797005 0.007676903935068851 -0.004759453279351949 -0.010112320251633391 -0.046000954234152285 0.07605376330701831 0.0069888354640563859 -0.0031531520411881677 0.026705002658127187 -0.055062018961279859 0.0054075862907481216 0.045076536564565402 0.0025879834508401975 0.013503109090624474 0.0070749125215659363 -0.011139337701100184 -0.013975179330418187 -0.0021719626746996086 -0.013437227744378813 0.0043140060465247498 0.076849429664269497 0.0030972633878448364 0.027960740688725449 -0.0058393375224888465 0.059771862316403516 -0.013703839973313411 0.024542257237561406 -0.020107330620231147 -0.009044674098200178
leaf_weight=397.05583572387695 73.832041215151548 94.916275441646576 129.68337133526802 224.02410200238228 52.943592056632042 1501.2200518846512 21.809310577809811 209.09172306954861 22.989968553185463 340.48518008738756 105.38644424080849 108.07721845060587 4.8025556281208983 34.141479454934597 207.83734111487865 5.0946611166000357 7.2643150687217775 9.8980357199907285 251.20463398844004 648.05225337296724 18.040413707494736 59.321036919951439 18.918769106268883 6.1856236904859534 16.463376387953758 797.33537846803665 21.459083989262581 7.2871190309524527 1118.8646092712879 24.014316648244858 177.76692321896553 85.268170475959778 159.90862978249788 218.14361788332462 17.706926375627518 245.0622237175703 198.0079106464982 44.754713281989098 8.9535841643810254 4.0661644786596289 14.783251211047171 79.017742931842804 14.234107434749601 21.083399802446365 121.91982434689999 9.5351317226886732 69.365047410130501
leaf_count=1716 2139 578 586 1431 277 7206 110 996 103 1772 487 548 32 177 966 22 30 47 1293 2953 85 283 90 28 72 3929 94 34 4850 107 745 395 696 1019 77 1251 965 216 43 20 66 367 69 102 556 45 327
internal_value=1.16393e-07 -0.000481267 -0.00080605 -0.0006386 -0.000368572 -0.000246657 -0.00270806 0.000630284 0.00103295 -0.00960615 0.0159354 -0.0145876 -0.0041082 0.0016081 0.00224703 -0.00469084 0.0119899 0.0199207 -0.0187141 0.00425328 -0.00394691 0.00618508 -0.0258703 0.0339656 0.0229935 0.000647219 0.0013752 0.00356337 0.0038092 0.0222868 0.0031121 -0.00020455 -0.00150872 -0.00497566 0.00831352 -0.000705762 -0.00216304 -0.000731105 0.0154695 0.0538161 0.00374717 0.00814362 0.012547 0.0201612 0.025062 0.0213036 -0.00254353
internal_weight=8027.28 7953.45 7556.39 7461.47 7237.45 7184.51 1887.28 5297.23 5088.13 726.379 128.376 381.091 345.288 1160.9 1126.76 252.743 44.906 39.8114 273.014 874.016 166.643 707.373 36.9592 29.9133 23.7277 4959.76 4162.42 1745.15 1737.86 63.1803 1674.68 2417.27 555.819 395.911 39.166 2332 1757 1558.99 57.7745 13.0197 575.001 329.939 250.921 166.772 145.689 131.455 84.1483
internal_count=40000 37861 36145 35567 34136 33859 9094 24765 23769 3755 590 1951 1804 5339 5162 1165 199 177 1403 3997 761 3236 175 130 102 23179 19250 7622 7588 278 7310 11628 2460 1764 171 11233 8450 7485 279 63 2783 1532 1165 772 670 601 393
is_linear=0
shrinkage=0.05


Tree=58
num_leaves=48
num_cat=0
split_feature=10 1 1 1 6 7 9 14 9 3 5 3 3 8 5 7 7 6 12 3 3 3 3 8 6 0 2 1 9 12 12 0 14 3 3 14 3 14 3 7 7 7 5 3 6 7 3
split_gain=76.0709 6.06675 8.19318 5.78173 6.42614 6.7552 5.67065 5.33231 5.05133 5.7097 4.97493 7.06384 12.8816 5.51949 4.83297 5.85193 5.47536 4.87293 4.86063 5.42579 4.80431 4.72026 6.81355 5.5225 7.39464 6.59802 6.78397 5.51089 4.79147 4.71084 7.97619 5.99488 7.29249 9.54415 7.30431 6.94509 6.05488 6.19061 5.73903 6.73954 8.05395 5.69504 5.62735 5.45856 5.24332 5.34448 5.78041
threshold=-1.0000000180025095e-35 4.5000000000000009 1.5000000000000002 2.5000000000000004 16.500000000000004 2876.5000000000005 22.500000000000004 1.0000000180025095e-35 25.500000000000004 430.50000000000006 45.500000000000007 25.500000000000004 68.500000000000014 8.5000000000000018 42.500000000000007 2959.5000000000005 2569.5000000000005 4.5000000000000009 434549.50000000006 620.50000000000011 84.500000000000014 910.50000000000011 1333.5000000000002 5.5000000000000009 16.500000000000004 479.50000000000006 44.500000000000007 3.5000000000000004 8.5000000000000018 1.0000000180025095e-35 192931.50000000003 434.50000000000006 5.5000000000000009 1313.5000000000002 273.50000000000006 1.5000000000000002 689.50000000000011 2.5000000000000004 282.50000000000006 1051.5000000000002 644.50000000000011 1681.5000000000002 36.500000000000007 182.50000000000003 5.5000000000000009 2442.5000000000005 182.50000000000003
decision_type=2 2 2 2 2 2 2 2 2 2 2 2 2 2 2 2 2 2 2 2 2 2 2 2 2 2 2 2 2 2 2 2 2 2 2 2 2 2 2 2 2 2 2 2 2 2 2
left_child=1 2 -1 4 6 8 -4 -7 9 -6 11 -3 -13 -12 15 16 17 -8 -19 -20 -9 -5 23 24 -23 28 -27 -28 -25 38 -31 -32 33 34 35 43 -36 42 41 40 -40 -14 -38 -33 -37 46 -46
right_child=-2 10 3 21 5 7 14 20 -10 -11 13 12 29 -15 -16 -17 -18 18 19 -21 -22 22 -24 25 -26 26 27 -29 -30 30 31 32 -34 -35 36 44 37 -39 39 -41 -42 -43 -44 -45 45 -47 -48
leaf_value=0.00061479078714918626 0.051762576605819947 0.016589332110016394 -0.014180419410043067 -0.0047959596261428119 -0.017961698007951093 0.04089916229689948 -0.022315152614116183 0.030561190185186195 -0.025471706774590055 0.041776165647126544 -0.011078355816958927 -0.019188247841290432 0.012401884474884984 0.043232365796963497 -0.029330611946825281 0.013994823797338782 -0.051233767807553246 0.059091177289736389 0.03936720921257373 -0.026810028117397605 -0.022816742511813835 0.0093580809307370737 -0.022648160239264543 0.0091689177699327672 -0.010318542886460155 -0.03251914409924235 0.073343021108443943 0.010285122912957299 -0.026462717059822255 0.0060169284853342705 0.0025056411658299642 0.0056728816729299065 0.004005120706799742 0.02840247759829493 -0.029428817805170718 -0.017491482432913302 -0.017766555171030641 -0.0028766494317114689 -0.0020172686610301221 -0.00046591472371952452 -0.018482665395843863 0.00019960947239930206 -0.065379184660718737 0.066223498987438276 -0.050805103164141309 0.032136373262654824 0.0083857950049115275
leaf_weight=1502.7455780357122 70.355278663337231 71.299544304609299 342.48300858587027 823.58715157210827 4.8963213711977067 4.7927716821432105 16.57542971521616 4.9024854600429526 4.6792006790637961 21.849007219076157 123.22463211417198 79.75221848487854 148.19786524772644 4.8626896142959586 13.204543597996233 52.802010983228683 7.0585295632481566 4.6847289800643948 5.1587240621447545 7.7511069625616074 30.082104071974754 277.71731171011925 27.102085575461388 12.21418000012636 57.661890119314194 5.5820327177643785 5.2612307742238036 10.147701814770699 41.463739089667797 992.43300798535347 908.20327288657427 8.8357523083686811 164.85030277818441 16.098994441330433 62.977857999503613 42.67189659178257 36.176760025322437 87.32459369301796 183.02533040940762 1288.5713055580854 124.98533910512924 269.52957692742348 7.49081927537918 6.431140422821044 5.6364896744489696 14.298129916191099 15.377845898270605
leaf_count=6884 2139 317 2007 4472 26 24 95 25 25 108 589 362 680 26 84 275 42 21 29 46 175 1432 151 67 291 35 27 54 243 4148 4049 41 772 75 294 212 164 397 874 6144 606 1248 36 31 25 64 69
internal_value=-1.23852e-07 -0.000458402 -0.00210439 -0.00439789 -0.00882901 0.00512774 -0.0110387 -0.00856089 0.0224549 0.0308398 0.000701139 0.000975656 0.000726209 -0.00901651 -0.00100487 0.00297286 -0.0111431 -0.00286157 0.0154652 -0.000365832 -0.0153367 -0.00256701 0.00163233 0.00323714 0.00597507 -0.00906041 0.0147074 0.0318156 -0.0183549 0.00108856 0.00260012 0.000136436 -0.00445958 -0.00906003 -0.0111598 0.000339997 -0.0166884 -0.0105631 -0.000689022 -0.00205416 -0.00869864 0.00452863 -0.0259341 0.0311797 -0.00569745 0.00855457 -0.00749046
internal_weight=8017.01 7946.66 3284.4 1781.66 520.92 71.2019 449.718 39.7774 31.4245 26.7453 4662.26 4534.17 4462.87 128.087 107.235 94.0305 41.2285 34.17 17.5946 12.9098 34.9846 1260.74 437.15 410.048 335.379 74.6689 20.991 15.4089 53.6779 4383.12 2368.81 1376.37 468.171 303.32 287.221 93.2513 193.97 130.992 2014.31 1596.58 308.011 417.727 43.6676 15.2669 77.9844 35.3125 21.0143
internal_count=40000 37861 16638 9754 2982 383 2599 224 159 134 21223 20608 20291 615 592 508 233 191 96 75 200 6772 2300 2149 1723 426 116 81 310 19929 10377 6229 2180 1408 1333 442 891 597 9552 7624 1480 1928 200 72 370 158 94
is_linear=0
shrinkage=0.05


Tree=59
num_leaves=48
num_cat=0
split_feature=10 7 1 1 12 12 4 7 3 0 12 12 0 5 7 0 3 3 4 12 0 3 0 7 7 3 12 6 5 4 0 0 2 0 5 7 7 0 6 3 2 3 1 7 7 4 0
split_gain=72.2048 6.04201 5.66445 7.31896 5.4449 7.32294 6.15537 6.89439 6.65804 7.53921 7.69797 7.99758 7.91483 6.8047 6.83322 7.36219 6.28272 5.96722 6.845 6.47489 5.79311 8.83016 6.23659 6.09369 5.78752 5.57003 5.43024 4.91406 4.90228 4.81589 4.65461 4.64504 4.64067 7.49308 4.62976 4.60804 6.38213 7.13786 4.62382 7.08291 6.45174 6.89895 4.59476 6.23642 4.63661 4.52122 4.44295
threshold=-1.0000000180025095e-35 4852.5000000000009 4.5000000000000009 1.5000000000000002 1.0000000180025095e-35 309254.00000000006 8.5000000000000018 335.50000000000006 316.50000000000006 615.50000000000011 254395.00000000003 337.50000000000006 269.50000000000006 1.5000000000000002 4081.5000000000005 308.50000000000006 628.50000000000011 183.50000000000003 4.5000000000000009 7005.5000000000009 120.50000000000001 860.50000000000011 204.50000000000003 3391.5000000000005 4690.5000000000009 910.50000000000011 192931.50000000003 10.500000000000002 42.500000000000007 8.5000000000000018 514.50000000000011 393.50000000000006 18.500000000000004 100.50000000000001 46.500000000000007 3594.5000000000005 2810.5000000000005 70.500000000000014 9.5000000000000018 1289.5000000000002 48.500000000000007 749.50000000000011 3.5000000000000004 4150.5000000000009 4202.5000000000009 2.5000000000000004 625.50000000000011
decision_type=2 2 2 2 2 2 2 2 2 2 2 2 2 2 2 2 2 2 2 2 2 2 2 2 2 2 2 2 2 2 2 2 2 2 2 2 2 2 2 2 2 2 2 2 2 2 2
left_child=1 2 3 -1 35 6 7 -6 24 10 11 12 -10 27 30 -16 17 19 -19 -9 21 32 -22 25 -8 -24 -25 -13 45 -4 -15 -14 -18 -34 46 36 -5 -38 -39 40 -40 -42 44 -44 -30 -7 -31
right_child=-2 -3 29 4 5 28 8 16 9 -11 -12 13 31 14 15 -17 20 18 -20 -21 22 -23 23 26 -26 -27 -28 -29 42 34 -32 -33 33 -35 -36 -37 37 38 39 -41 41 -43 43 -45 -46 -47 -48
leaf_value=0.00049889854501734864 0.051673658619096431 0.045513774095307241 -0.05205754893089759 -0.0078559851653444701 -0.036518666980974626 0.041585292759171819 -0.010293831773059607 0.024901266806036104 0.0014556117781698449 0.073940744230787572 0.039318025139727715 0.0014166091738369645 0.089165139824276735 0.0092067299101904407 -0.046807935936615724 -0.0013748686942562116 -0.052153297288678194 -0.021556000706805217 0.034465571081804404 -0.016908492334471024 -0.063783111687249899 0.050576003216436051 -0.059598821727572748 0.015178052895001723 0.035301325748673916 -0.015127101101369667 -0.044039987677129508 0.05805783521344926 -0.01781061014147067 0.00070468341105571421 -0.013523545983754435 0.033800098585994247 -0.041059107376436171 0.052301704227435554 -0.018176147904981201 -0.013251872124434357 0.053235155734341559 -0.0088939234766497004 0.0044625143283794763 -0.053356412763627674 0.022884379155152321 0.095310420812109345 -0.012348888969674544 0.028196287354733642 -0.05363611718537456 -0.004062814872619681 0.021039017882348309
leaf_weight=1501.4863761663437 67.036258477717638 7.1474530547857276 4.3309881240129462 336.28258939832449 15.985890939831732 5.4930018931627265 76.054330423474312 13.351966127753256 12.712557256221773 4.5432513803243628 19.297029003500938 6.5431599617004386 5.977264195680621 125.04568127542734 14.371072530746458 23.493375219404697 4.9978037178516415 6.7591910362243643 28.206916898488998 30.21652090549469 6.6843656823039046 8.739495173096655 9.3060213848948461 22.535674825310711 7.6608151793479911 28.927224665880203 4.6741986423730841 9.2322879135608655 58.979163907468319 4593.2099548950791 27.470064699649811 10.345384106039999 4.0572333484888059 4.569917231798172 32.286960646510124 245.13898433744907 7.6495004072785369 42.314804494380951 23.90836988389492 3.5304916054010382 10.188452363014219 4.8547241240739814 48.766519293189049 11.773918293416498 10.664460390806196 434.21387667953968 27.020831242203712
leaf_count=6877 2139 36 19 2003 85 31 348 57 53 22 94 28 25 554 67 108 26 34 125 149 35 41 45 99 34 136 29 39 366 20898 124 43 19 23 171 1508 46 268 142 19 58 25 286 68 67 2414 117
internal_value=-4.1183e-07 -0.000436634 -0.000478029 -0.00207066 -0.00424363 -0.00207808 0.00214209 -0.00510196 0.00613692 0.0100986 0.00895889 0.00646797 0.0310362 0.00300775 0.000392838 -0.0186185 -0.00219938 0.00825154 0.0236362 -0.0040955 -0.0108854 0.0113477 -0.0177792 -0.0130803 -0.0061214 -0.0259516 0.00500539 0.0345648 -0.00601587 0.000642696 0.00511271 0.0540745 -0.0138146 0.00839537 0.000691754 -0.00778391 -0.00465743 0.00697764 0.00280476 0.0144574 0.0206039 0.0462577 -0.0145385 -0.00446365 -0.0232965 -0.00349256 0.000823606
internal_weight=8008.04 7941 7933.85 3277 1775.52 1101.65 531.759 189.012 342.746 259.031 254.488 235.191 29.0352 206.156 190.38 37.8644 173.027 78.5346 34.9661 43.5685 94.4919 22.3644 72.1275 65.4431 83.7151 38.2332 27.2099 15.7754 569.891 4656.85 152.516 16.3226 13.625 8.62715 4652.52 673.868 428.729 92.4463 84.7968 42.482 38.9515 15.0432 130.184 60.5404 69.6436 439.707 4620.23
internal_count=40000 37861 37825 16620 9743 5674 2442 903 1539 1157 1135 1041 121 920 853 175 818 365 159 206 453 109 344 309 382 181 128 67 3232 21205 678 68 68 42 21186 4069 2561 558 512 244 225 83 787 354 433 2445 21015
is_linear=0
shrinkage=0.05


Tree=60
num_leaves=48
num_cat=0
split_feature=10 12 12 12 12 4 5 5 0 8 0 0 7 2 1 5 1 1 7 7 7 6 14 5 5 5 4 5 12 6 7 3 2 14 7 3 3 1 12 12 12 2 7 8 3 1 0
split_gain=68.5422 5.54654 7.99343 15.8655 10.8273 6.32419 5.95067 13.1142 6.98644 6.5076 6.36185 6.08531 5.64733 5.53766 6.60754 5.155 5.1094 6.7362 5.31566 10.3559 5.62265 5.27733 5.63738 5.06786 9.78614 14.2204 8.28284 6.89301 6.66088 5.78383 5.47297 7.78298 5.4489 5.86882 8.50604 5.56295 8.60699 5.61418 5.51957 5.4375 5.34256 5.3239 5.17771 5.13203 5.791 5.41121 7.98542
threshold=-1.0000000180025095e-35 1419953.5000000002 1.0000000180025095e-35 1.5000000000000002 120751.50000000001 8.5000000000000018 41.500000000000007 42.500000000000007 483.50000000000006 5.5000000000000009 32.500000000000007 442.50000000000006 166.50000000000003 32.500000000000007 2.5000000000000004 46.500000000000007 1.0000000180025095e-35 3.5000000000000004 1177.5000000000002 1380.5000000000002 610.50000000000011 19.500000000000004 1.5000000000000002 42.500000000000007 40.500000000000007 37.500000000000007 7.5000000000000009 13.500000000000002 831.50000000000011 5.5000000000000009 3067.5000000000005 836.50000000000011 15.500000000000002 1.0000000180025095e-35 1259.5000000000002 1070.5000000000002 900.50000000000011 2.5000000000000004 105641.00000000001 681.00000000000011 67816.500000000015 19.500000000000004 3312.5000000000005 7.5000000000000009 487.50000000000006 4.5000000000000009 147.50000000000003
decision_type=2 2 2 2 2 2 2 2 2 2 2 2 2 2 2 2 2 2 2 2 2 2 2 2 2 2 2 2 2 2 2 2 2 2 2 2 2 2 2 2 2 2 2 2 2 2 2
left_child=1 2 6 -4 23 -3 16 8 -8 -10 -9 15 -6 -14 -15 -12 -1 -18 20 -20 -19 22 -22 24 25 26 27 -5 39 -27 -29 -32 35 34 -34 36 37 -30 43 -28 -38 -26 -40 45 -45 46 -35
right_child=-2 5 3 4 12 -7 7 10 9 -11 11 -13 13 14 -16 -17 17 18 19 -21 21 -23 -24 -25 41 29 28 30 32 -31 31 -33 33 38 -36 -37 40 -39 42 -41 -42 -43 -44 44 -46 -47 -48
leaf_value=0.0022080725978834855 0.051589373885869073 -0.039195492853790204 0.042008087509545294 0.0090106642334472544 -0.016707223211338156 -0.0046705200033103867 0.030057720657811201 -0.026400715527124381 -0.017107502514041976 0.032818996264953215 0.0025218302832321713 -0.0096340918277205354 -0.004008349061518264 -0.0058777524730845897 0.0028640345836292423 -0.016147447145442195 -0.0082963665474031847 -0.0016122416629181927 0.020532318061701735 -0.0016959443191652585 0.012892150546063661 -0.045945224681502271 -0.015580387453210685 -0.00030351526848787009 0.0084703436473572979 -0.008526295831051486 0.015095306106551255 -0.037100670040632215 -0.043344481383098647 -0.063536334465271876 0.025605887843921787 -0.036705698270817176 0.029174587360118933 0.040722053481096199 -0.026444651810939853 -0.031270332529082345 0.055387539131006594 -0.0017413090588832324 0.014596974058851707 0.05633323089668657 -0.0028678781295375247 0.035781519238033528 0.069541305686600233 -0.046204363889837466 0.001238269862520175 0.0066477667030607097 0.010131146640305609
leaf_weight=413.99179126322269 63.868414700031281 13.658789791166781 24.187621057033539 31.25021867454052 53.475302316248417 459.04611796140671 57.857745885848999 22.613894686102867 19.06475126743317 9.9243562370538694 924.87633126974106 132.99887152761221 684.6084618717432 259.87111543864012 1285.1885329857469 38.515229940414429 617.7102662473917 178.95366094261408 54.571601465344429 1315.661021605134 19.988971740007401 12.271990165114401 133.4308905005455 309.58136907219887 30.274645149707794 9.2177671715617198 149.5704610645771 25.119302324950695 9.4268137067556363 9.9212236851453763 11.237233161926271 9.0448456257581693 9.3638481199741346 32.154506504535675 25.853532031178474 16.642601817846298 10.098980307579042 58.012785911560059 10.593003243207933 8.4449950903654081 6.4488019347190848 43.458004847168922 7.2036042958497992 8.2757576033472997 28.873144142329693 280.32224591076374 63.388309434056282
leaf_count=1911 2139 101 118 134 255 2363 251 116 94 49 4430 662 3361 1323 5806 215 3272 877 263 6475 97 64 672 1314 131 39 646 117 42 44 48 39 39 133 107 71 42 242 44 35 27 185 30 37 127 1148 265
internal_value=-6.21023e-07 -0.000415801 -8.31446e-05 0.00165295 0.00137302 -0.00566812 -0.00162539 0.0013026 0.0200195 -1.52771e-05 -0.000150033 0.000391407 -0.000650072 -0.000264965 0.00139371 0.00177546 -0.00291089 -0.00381941 -0.00220678 -0.00081067 -0.00775742 -0.0143945 -0.0118707 0.00521012 0.00711901 0.00555096 0.00656827 -0.00906199 0.00822154 -0.0370423 -0.0215016 -0.00218213 0.00569018 0.00796853 -0.0116562 -0.00486113 0.000372017 -0.00755667 0.00957279 0.0172992 0.0326849 0.0245675 0.036837 0.00839799 -0.00933065 0.0101502 0.0204264
internal_weight=8000.11 7936.25 7463.54 3511.11 3486.92 472.705 3952.43 1205.85 86.8469 28.9891 1119 1096.39 2283.14 2229.67 1545.06 963.392 2746.58 2332.59 1714.88 1370.23 344.646 165.692 153.42 1203.78 894.197 820.464 801.325 76.6516 724.673 19.139 45.4014 20.2821 566.658 466.028 35.2174 100.63 83.9874 67.4396 430.811 158.015 16.5478 73.7326 17.7966 413.014 37.1489 375.865 95.5428
internal_count=40000 37861 35397 15949 15831 2464 19448 5817 394 143 5423 5307 10745 10490 7129 4645 13631 11720 8448 6738 1710 833 769 5086 3772 3456 3373 338 3035 83 204 87 2354 1930 146 424 353 284 1784 681 69 316 74 1710 164 1546 398
is_linear=0
shrinkage=0.05


Tree=61
num_leaves=48
num_cat=0
split_feature=10 5 8 4 4 8 8 7 8 8 9 6 8 6 3 0 0 0 14 7 3 8 9 7 12 12 7 7 0 7 7 14 5 14 7 7 12 4 5 12 14 12 5 0 12 3 3
split_gain=65.0715 5.43367 5.80545 6.07797 5.75755 5.28851 12.3852 7.70444 7.02971 14.4179 9.32027 8.39324 20.6168 7.69463 6.83765 6.42152 9.20004 6.88691 7.62919 7.38623 8.48077 6.2739 6.08759 5.93387 5.78654 10.5244 5.77302 6.95543 5.6224 6.83841 5.50788 5.41971 5.3754 7.8821 5.78954 5.34356 5.18879 5.08042 5.06144 5.15008 5.03049 9.52105 4.96788 4.93284 4.94697 4.81557 13.3334
threshold=-1.0000000180025095e-35 1.0000000180025095e-35 9.5000000000000018 6.5000000000000009 2.5000000000000004 8.5000000000000018 7.5000000000000009 335.50000000000006 4.5000000000000009 5.5000000000000009 28.500000000000004 7.5000000000000009 3.5000000000000004 1.5000000000000002 1335.5000000000002 410.50000000000006 442.50000000000006 23.500000000000004 4.5000000000000009 885.50000000000011 286.50000000000006 6.5000000000000009 15.500000000000002 3590.5000000000005 287899.00000000006 72686.500000000015 4150.5000000000009 3471.5000000000005 91.500000000000014 1204.5000000000002 783.50000000000011 4.5000000000000009 41.500000000000007 3.5000000000000004 922.50000000000011 3686.5000000000005 1506275.5000000002 10.500000000000002 41.500000000000007 777614.50000000012 5.5000000000000009 309254.00000000006 41.500000000000007 135.50000000000003 -1.0000000180025095e-35 678.50000000000011 588.50000000000011
decision_type=2 2 2 2 2 2 2 2 2 2 2 2 2 2 2 2 2 2 2 2 2 2 2 2 2 2 2 2 2 2 2 2 2 2 2 2 2 2 2 2 2 2 2 2 2 2 2
left_child=1 37 3 4 42 6 8 -8 11 -10 14 12 -5 35 15 17 21 18 -11 20 -19 -17 -22 40 25 28 27 -18 -21 -30 -9 36 -15 34 -34 -14 -26 -1 39 -4 41 -23 -3 44 -40 46 -28
right_child=-2 2 38 5 -6 -7 7 30 9 10 -12 -13 13 32 -16 16 26 19 -20 24 22 23 -24 -25 31 -27 45 -29 29 -31 -32 -33 33 -35 -36 -37 -38 -39 43 -41 -42 -43 -44 -45 -46 -47 -48
leaf_value=0.0059658125947267548 0.051509457473536469 0.025833182792246563 -0.010497640712916437 0.00058771868747566893 -0.020587879519515666 0.0070860890295205902 0.012394875708713747 -0.035724436808982782 0.018686725917176135 -0.007187924187729948 0.047760630556355647 0.00065342361232050309 -0.0081614975857569171 -0.016910130374041165 -0.048309583419135604 0.041793048626812199 0.00055049464633124179 0.057876185368706028 0.033205828793319854 -0.034815888256712189 -0.0085288900193648178 0.032857432901975937 0.037992382821007718 0.039202527737595604 0.0057591104284981914 0.023807409361793961 -0.00089618489847972233 -0.032188539810767823 -0.056345436975706847 -0.0037291530911228361 -0.010511726909424243 -0.032829988520340712 0.045724575396787162 -0.011267751868909999 0.0023716404516734213 0.014993696291970629 -0.049218095914449707 -0.043756426711395513 -0.00049473286201636216 -0.039058335300576279 -0.029573359006601397 -0.049890086648637706 -0.02242949885034997 -0.0028399934265329208 0.072282676398816942 0.0037485635468715232 0.095648257412581802
leaf_weight=390.88198508322239 60.845392534509301 14.690258912742138 131.85381689667702 1197.4387161880732 68.141843967139721 235.04744471609592 34.720816716551781 23.494562909007072 144.81370010972023 21.875549241900444 10.497909829020498 4023.8066852539778 53.761992879211903 313.26796129345894 7.1675931811332694 26.386042818427086 93.06836348772049 8.2687647193670255 25.103647515177727 19.768319219350815 30.476727277040482 14.895041421055796 9.1412651240825635 12.830262511968611 22.788580030202869 27.211563169956207 8.4946646392345411 19.647941939532757 6.4875376969575873 128.28676930069923 277.61370264738798 43.063570067286491 9.5347741544246656 230.39853505045176 40.041448339819908 46.436594218015671 5.2876434177160254 5.2057574689388266 4.6544497013092041 17.930377170443535 10.376806542277338 4.5345883667469016 8.3699152395129204 65.108029626309872 4.6856415867805463 25.321324840188026 6.1765797585248938
leaf_count=1690 2139 80 882 5698 431 1074 164 124 652 104 44 18463 287 1731 38 114 438 38 120 102 147 66 41 59 108 116 40 94 33 639 1441 212 44 1223 206 222 28 26 27 152 48 22 50 363 24 127 29
internal_value=-5.3366e-07 -0.000395807 -0.000695944 -0.000452817 -0.0132797 -0.000290734 -0.000539056 -0.00990733 -6.57146e-05 0.00455656 0.00107156 -0.000637743 -0.00338536 -0.0102461 0.000221604 0.000832415 0.00748164 -0.00340713 0.0143967 -0.00618793 0.0118181 0.0226308 0.0022052 0.010772 -0.00959747 -0.00486569 0.00063441 -0.00515635 -0.00991439 -0.00626191 -0.012479 -0.0216866 -0.0124107 -0.00737615 0.0107095 0.00256968 -0.00459484 0.00531232 -0.00862054 -0.0139166 -0.00146597 0.0135454 0.00831577 0.00203473 0.0360155 0.0169553 0.0397489
internal_weight=7989.9 7929.06 7532.97 7308.74 91.202 7217.53 6982.49 335.829 6646.66 731.971 587.157 5914.69 1890.88 693.441 576.659 569.492 221.732 347.76 46.9792 300.781 47.8868 69.0227 39.618 42.6367 252.894 181.754 152.709 112.716 154.543 134.774 301.108 71.1398 593.243 279.975 49.5762 100.199 28.0762 396.088 224.232 149.784 29.8064 19.4296 23.0602 74.4481 9.34009 39.9926 14.6712
internal_count=40000 37861 36145 34697 561 34136 33062 1729 31333 3459 2807 27874 9411 3713 2763 2725 1037 1688 224 1464 226 309 188 195 1238 890 728 532 774 672 1565 348 3204 1473 250 509 136 1716 1448 1034 136 88 130 414 51 196 69
is_linear=0
shrinkage=0.05


Tree=62
num_leaves=48
num_cat=0
split_feature=10 7 3 3 14 7 7 7 12 8 4 6 5 5 8 8 12 0 12 7 8 12 3 2 6 6 7 3 14 9 3 3 7 7 7 12 3 7 7 0 3 2 12 7 7 12 8
split_gain=61.7836 5.40235 5.19082 7.24938 5.80934 9.76768 7.10553 6.63541 5.66145 5.34322 7.15334 6.31128 8.82713 13.2744 8.74341 17.4196 7.32249 7.30507 6.63059 6.43443 5.72371 9.87561 6.186 5.47783 5.31374 9.20603 5.99553 5.49196 5.28696 6.18146 6.29301 5.92324 9.31595 9.00265 6.93573 7.27755 6.88317 5.64998 5.93456 5.3263 5.3103 5.27866 6.52982 7.21498 7.12386 5.21004 7.7135
threshold=-1.0000000180025095e-35 4852.5000000000009 1315.5000000000002 1282.5000000000002 2.5000000000000004 4027.5000000000005 1401.5000000000002 1851.5000000000002 211001.00000000003 1.0000000180025095e-35 10.500000000000002 7.5000000000000009 2.5000000000000004 34.500000000000007 4.5000000000000009 6.5000000000000009 869789.50000000012 459.50000000000006 1819251.5000000002 4741.5000000000009 3.5000000000000004 655194.50000000012 167.50000000000003 34.500000000000007 21.500000000000004 24.500000000000004 166.50000000000003 1201.5000000000002 4.5000000000000009 12.500000000000002 18.500000000000004 696.50000000000011 698.50000000000011 1204.5000000000002 2079.5000000000005 1.0000000180025095e-35 796.50000000000011 3300.5000000000005 2202.5000000000005 509.50000000000006 1032.5000000000002 39.500000000000007 62542.500000000007 532.50000000000011 446.50000000000006 1.0000000180025095e-35 5.5000000000000009
decision_type=2 2 2 2 2 2 2 2 2 2 2 2 2 2 2 2 2 2 2 2 2 2 2 2 2 2 2 2 2 2 2 2 2 2 2 2 2 2 2 2 2 2 2 2 2 2 2
left_child=1 2 3 9 5 8 -6 -8 -5 -1 11 12 28 18 16 17 19 -16 41 20 21 -15 -22 -19 -13 26 -26 -28 29 37 -31 32 -30 36 40 -36 -33 38 -11 -32 -35 -14 43 -43 -44 -45 -47
right_child=-2 -3 -4 4 6 -7 7 -9 -10 10 -12 24 13 14 15 -17 -18 23 -20 -21 22 -23 -24 -25 25 -27 27 -29 31 30 39 33 -34 34 35 -37 -38 -39 -40 -41 -42 42 44 45 -46 46 -48
leaf_value=0.0063481391638620091 0.0514336733518998 0.042752945440552081 -0.0068605605474881953 -0.006225314673142017 0.026953488124431293 0.020334278594365218 -0.027772133444096764 0.0092982072095459719 -0.043058542505366781 0.00042188773993040148 -0.023009343131165306 0.001200754704243465 -0.015990674309311639 -0.0016778612833942639 0.018177278410110406 -0.0019342810137191629 -0.015479454452386358 0.014295174984375634 -0.047385480647739509 0.0403641890672971 0.010531140650213421 0.03019244111202209 -0.0096759072350335561 -0.021022775072722082 -0.060842020065246638 0.0073589438339101074 -0.008450618278946765 -0.050122610109621414 0.024114535460876066 0.067043990897257988 0.0049463754458479239 0.032556459634663026 -0.014215626231301112 0.010217471666752492 -0.0087294199236194886 0.027918011741218152 -0.03332275657802166 0.019898573648008358 -0.04148590099762238 0.02367851203341079 0.074597509883580507 -0.039406314414974351 0.053078628549799681 0.00018709932832089625 -0.020027135653762684 0.059013190090349832 -0.0073070737037062156
leaf_weight=276.33557603508234 57.961056316271424 7.2537551969289771 300.65820827335119 33.037473484873772 56.081608235836029 25.629009768366814 13.112956508994101 151.96420747041702 15.247215449810026 21.069095283746719 35.875801093876362 3684.8830256015062 207.80893302708864 499.34938807785511 182.93864666670561 792.79230938106775 141.14726727455854 20.636955417692661 12.305599160492418 8.3647908568382245 41.735533252358437 25.550765976309776 409.37585371732712 23.45912903547287 6.0184014290571204 92.168045729398727 189.95407131314278 8.2497742325067502 18.700483419001102 5.5484048277139655 89.902608938515186 5.1026718765497234 104.07217816263437 5.2226028442382804 27.0069230645895 27.181034229695797 17.781637206673622 15.443663187324999 14.101917982101439 65.666113428771496 8.2828055918216688 10.407965853810309 3.4863081723451605 129.20499795675278 75.466138198971748 9.7227004468441027 7.9849747493863097
leaf_count=1301 2139 36 1463 154 253 114 62 705 72 98 209 16773 1217 2354 818 4071 770 93 78 41 214 118 2154 104 33 417 980 44 88 26 411 23 499 25 131 125 81 70 62 296 39 55 17 709 383 40 35
internal_value=-9.61534e-07 -0.00037722 -0.000416742 -0.000162337 0.00752144 -0.00461409 0.0115773 0.00635351 -0.0178564 -0.000472061 -0.000739618 -0.000625615 -0.00234648 -0.0034379 -0.00179063 0.00156269 -0.00482904 0.0137739 -0.0111812 -0.00330191 -0.00367614 -0.000126498 -0.00780641 -0.00449398 0.000682696 -0.00575809 -0.011678 -0.0101851 0.00433361 0.00993105 0.0147194 -0.00122138 -0.00837725 0.00847798 0.0176431 0.00965317 -0.0186332 -0.00531141 -0.0163812 0.0128533 0.0497015 -0.010178 -0.00506561 0.000822876 -0.016799 0.0036729 0.0291072
internal_weight=7981.25 7923.29 7916.04 7615.38 295.072 73.9137 221.159 165.077 48.2847 7320.31 7043.97 7008.09 3026.82 2601.74 2145.35 1019.83 1125.52 227.035 456.388 984.376 976.012 524.9 451.111 44.0961 3981.27 296.39 204.222 198.204 425.082 211.732 161.117 213.35 122.773 90.5777 67.6934 54.188 22.8843 50.6147 35.171 155.569 13.5054 444.082 236.273 157.321 78.9524 146.913 17.7077
internal_count=40000 37861 37825 36362 1360 340 1020 767 226 35002 33701 33492 15245 13271 10737 5086 5651 1015 2534 4881 4840 2472 2368 197 18247 1474 1057 1024 1974 963 733 1011 587 424 320 256 104 230 160 707 64 2456 1239 839 400 784 75
is_linear=0
shrinkage=0.05


Tree=63
num_leaves=48
num_cat=0
split_feature=10 5 3 3 14 7 7 7 8 4 4 0 5 12 12 14 0 7 5 7 9 5 12 5 7 5 5 5 12 5 3 7 8 6 6 9 7 6 3 8 8 0 3 3 9 0 12
split_gain=58.6669 4.96924 4.91661 6.71837 5.57982 8.61179 6.02945 6.20084 5.50862 6.61273 6.07799 11.3201 7.8669 7.45402 7.38873 7.05685 9.22891 8.69144 12.0086 8.4923 15.0822 7.70527 7.58988 7.33759 7.15104 6.87532 7.46417 10.6938 7.19199 8.41074 7.09445 8.53862 8.93468 6.56881 6.70602 8.19797 6.34678 6.29762 6.27792 17.089 13.5441 7.24841 6.17516 8.10785 7.61414 7.2599 6.15631
threshold=-1.0000000180025095e-35 46.500000000000007 1315.5000000000002 1282.5000000000002 2.5000000000000004 4027.5000000000005 1401.5000000000002 1851.5000000000002 1.0000000180025095e-35 10.500000000000002 8.5000000000000018 430.50000000000006 39.500000000000007 469472.50000000006 830744.00000000012 5.5000000000000009 590.50000000000011 3686.5000000000005 11.500000000000002 3636.5000000000005 15.500000000000002 33.500000000000007 201484.50000000003 34.500000000000007 934.50000000000011 45.500000000000007 41.500000000000007 42.500000000000007 1.0000000180025095e-35 37.500000000000007 1206.5000000000002 1974.5000000000002 3.5000000000000004 13.500000000000002 11.500000000000002 13.500000000000002 4690.5000000000009 25.500000000000004 764.50000000000011 6.5000000000000009 4.5000000000000009 187.50000000000003 777.50000000000011 190.50000000000003 26.500000000000004 179.50000000000003 327657.50000000006
decision_type=2 2 2 2 2 2 2 2 2 2 2 2 2 2 2 2 2 2 2 2 2 2 2 2 2 2 2 2 2 2 2 2 2 2 2 2 2 2 2 2 2 2 2 2 2 2 2
left_child=1 2 3 8 5 -5 -6 -8 -1 10 11 12 -10 -14 46 17 21 18 24 22 -21 33 25 -23 -12 26 28 -28 30 -30 -20 32 -32 34 -17 -36 -25 -35 40 -40 -29 -42 43 45 -45 -37 -13
right_child=-2 -3 -4 4 6 -7 7 -9 9 -11 15 14 13 -15 -16 16 -18 -19 19 20 -22 23 -24 36 -26 -27 27 38 29 -31 31 -33 -34 37 35 42 -38 -39 39 -41 41 -43 -44 44 -46 -47 -48
leaf_value=0.0066507611172315949 0.051361799105296847 -0.015415524831061705 -0.00653338748846434 -0.017069915792610135 0.025447854183815823 0.018700981965608664 -0.026634669184950735 0.0093434991450480117 -0.0053190290917039468 -0.022111691348216653 -0.00019920498230599677 -0.017620035126163829 0.022534136182855255 -0.01834717893982379 -0.060447397441182341 -0.0091486817623823193 0.014225888733504161 -0.0021711946682383678 -0.004373003234972409 0.00053150080398586472 0.029768029228188816 0.044724682370636419 -0.0041725126679399739 -0.0025001626716241471 0.013337086197460707 -0.020853596492601115 0.025929352238537741 0.0030525875658385399 0.0088025311252231935 -0.039282731701549993 -0.016972073388090973 -0.024304985931799906 0.045651171711665051 -0.020558508381451526 0.028618992017770434 0.022461773859763581 0.0073076176808593565 0.029595159337335631 0.0032232991412163622 -0.043771111936226799 -0.019838841311490694 0.030156822322472888 -0.014751627494784349 0.022282807241057957 -0.02864217825462928 -0.049542108240826631 0.012516120255001565
leaf_weight=273.74834664911032 55.209469590336084 54.426054008305073 299.94722586125135 47.998710125684738 56.420675173401833 25.907480448484421 12.99244152009487 153.08293130248785 169.07895901799202 35.476006850600243 133.07265677303076 137.75979519635439 56.956738233566284 13.864291734993456 9.0199889093637449 328.80550263822079 81.300551690161228 1366.5186302140355 596.69797328859568 119.19052065163851 70.028822064399719 8.6816960126161558 659.24632775783539 1426.0536592528224 365.69531882554293 31.537430167198181 66.552624478936195 306.12095859646797 241.32618360221386 9.4500065743923169 7.5653857737779644 9.4007719382643682 23.046923287212849 118.66485540568829 26.729894489049911 5.3111582547426215 186.52489420026541 6.6076088398694983 122.94522297382355 22.957031853497028 7.9924844428896895 78.004437685012817 53.94271744787693 53.769126296043396 8.5004457086324674 10.269912824034689 19.323840454220772
leaf_count=1283 2139 294 1463 226 253 115 62 708 949 209 605 779 296 87 71 1631 390 6545 2970 569 301 41 3201 6686 1635 151 290 1402 1014 41 38 46 112 569 121 22 892 29 569 120 39 353 246 237 36 48 117
internal_value=-1.25902e-06 -0.000359373 -0.000255171 -6.21605e-06 0.00737251 -0.00453059 0.0113263 0.00652885 -0.000307145 -0.00057948 -0.000469705 -0.00640621 0.00054091 0.014531 -0.0164398 -0.00010187 -0.00232174 0.001111 0.00267333 0.00119048 0.0113517 -0.00292399 0.000309648 -0.0011189 0.00972557 0.00224904 0.00273735 0.00702209 -0.00018149 0.00699053 -0.00300628 0.0173751 0.0301747 -0.00770119 -0.00507611 0.00337112 -0.00136571 -0.0179131 0.00468328 -0.00417105 0.00797787 0.0255103 -0.00174957 0.00725955 0.015331 -0.024998 -0.0139128
internal_weight=7973.72 7918.52 7864.09 7564.14 296.402 73.9062 222.496 166.075 7267.74 6993.99 6958.52 406.004 239.9 70.821 166.104 6552.51 2315.16 4237.35 2870.83 2372.06 189.219 2233.86 2182.84 1621.26 498.768 1523.6 1492.06 604.573 887.487 250.776 636.711 40.0131 30.6123 612.601 487.329 158.523 1612.58 125.272 538.02 145.902 392.118 85.9969 131.793 77.8506 62.2696 15.5811 157.084
internal_count=40000 37861 37567 36104 1364 341 1023 770 34740 33457 33248 2299 1332 383 967 30949 10948 20001 13456 11216 870 10558 10346 7619 2240 7145 6994 2773 4221 1055 3166 196 150 2939 2341 710 7578 598 2483 689 1794 392 589 343 273 70 896
is_linear=0
shrinkage=0.05


Tree=64
num_leaves=48
num_cat=0
split_feature=10 7 8 8 8 3 3 12 14 9 8 8 6 8 9 12 1 6 6 6 6 3 3 0 6 9 0 7 0 7 1 0 3 14 12 5 7 6 6 6 7 7 5 3 3 14 12
split_gain=55.7123 4.76756 4.6531 7.14554 12.1766 7.00426 8.43546 7.20174 6.858 7.62804 6.3558 13.9091 8.03309 17.0066 5.97059 5.70764 9.07678 5.46739 8.86333 7.21427 8.08341 5.94551 6.86583 5.58552 4.8462 4.81608 5.26917 4.77938 4.76997 6.44191 6.93071 4.7259 6.27608 5.14764 5.07301 4.68202 8.61009 6.0011 7.37842 6.07392 8.2343 7.02246 6.19939 6.13867 5.77207 6.54405 6.73766
threshold=-1.0000000180025095e-35 4852.5000000000009 9.5000000000000018 8.5000000000000018 7.5000000000000009 804.50000000000011 1103.5000000000002 951615.00000000012 4.5000000000000009 12.500000000000002 4.5000000000000009 6.5000000000000009 7.5000000000000009 3.5000000000000004 17.500000000000004 922283.50000000012 4.5000000000000009 12.500000000000002 14.500000000000002 21.500000000000004 25.500000000000004 728.50000000000011 1016.5000000000001 78.500000000000014 1.5000000000000002 14.500000000000002 6.5000000000000009 818.50000000000011 547.50000000000011 1953.5000000000002 3.5000000000000004 590.50000000000011 1334.5000000000002 1.0000000180025095e-35 689627.00000000012 2.5000000000000004 4027.5000000000005 16.500000000000004 15.500000000000002 17.500000000000004 4580.5000000000009 315.50000000000006 22.500000000000004 777.50000000000011 664.50000000000011 3.5000000000000004 170738.50000000003
decision_type=2 2 2 2 2 2 2 2 2 2 2 2 2 2 2 2 2 2 2 2 2 2 2 2 2 2 2 2 2 2 2 2 2 2 2 2 2 2 2 2 2 2 2 2 2 2 2
left_child=1 2 3 4 10 8 -7 14 9 -6 12 -12 13 31 27 -10 -17 25 21 35 -21 23 -23 -19 -15 -14 -27 -8 -4 30 -30 -1 33 -33 -35 36 44 38 -37 40 -39 -41 43 -43 45 -20 -47
right_child=-2 -3 28 -5 5 6 7 -9 15 -11 11 -13 17 24 -16 16 -18 18 19 20 -22 22 -24 -25 -26 26 -28 -29 29 -31 -32 32 -34 34 -36 37 -38 39 -40 41 -42 42 -44 -45 -46 46 -48
leaf_value=-0.00033418725666952234 0.051293618173578873 0.039849515244283214 -0.0049191717763816516 0.0081301609043051282 -0.01948173547219556 -0.031608257655828476 -0.047431006061206538 0.026347800473403789 -0.016958769646935087 0.01385711252704247 0.011498066557565422 -0.0018929211191926884 0.0055026194557131706 0.00061549587940095188 -0.043871863088320917 -0.049289502749928965 0.041296522252231946 0.039500370475778347 0.044047546311107723 -0.0090178617550796727 0.0113715240138926 -0.028428661238441399 -0.0075776051234310044 -0.0044480000310713952 -0.01101220802531315 0.047232111156258055 0.00063605124975321746 -0.002663144019161364 -0.046847076993657685 -0.048710734889164456 0.041977057751669045 -0.033656340034521698 -0.042477299502547639 0.030511202239315246 -0.015020950201654948 0.0029939574631399689 -0.010927228781534463 -0.017011511648014836 0.059104094988386459 -0.028772036906255252 0.022552502935910275 -0.067975980976731729 0.0063023693771216589 0.0035719220467472553 0.039214440226037678 0.017801199512087227 -0.025288385411756251
leaf_weight=1204.7807523608208 52.584915032610297 7.37144911289215 209.74234078079462 250.92458884418011 22.260695539414883 62.811550699174404 6.6451702415943137 13.205439403653143 89.353311374783516 74.841151975095272 358.73734319210052 422.06423808634281 690.72816641628742 104.98019566386938 13.460053503513334 3.7673317119479153 10.397308766841888 7.556408315896987 11.69510544836521 273.72348145395517 59.106737568974495 65.037404082715511 100.46708913892508 167.19244065880775 612.01910880208015 6.0828062146902075 2355.4171285331249 57.975420579314232 3.7746672481298464 14.877517707645891 5.251417763531208 4.2403719127178183 4.4774234741926184 41.421520471572876 7.1774468421936026 14.326869234442711 27.310551077127457 81.778216868638992 9.912781611084938 16.133440971374512 15.671427711844442 5.6861396282911283 324.69408941268921 6.341236799955368 29.37151625752449 23.734121680259705 14.685248166322706
leaf_count=5736 2139 36 1334 1145 109 359 35 65 454 362 1615 2077 3146 535 72 24 49 35 50 1398 260 317 486 799 3333 27 10662 300 29 107 36 20 22 194 35 67 124 388 41 75 75 26 1476 29 126 104 67
internal_value=-1.59698e-06 -0.000342464 -0.000379939 -0.000168256 -0.000448839 -0.00948858 -0.0175053 -0.00780149 -0.00333085 0.00621415 4.92659e-06 0.00425953 -0.000523571 -0.00316032 -0.013577 -0.0122842 0.0172036 0.000688133 -0.00209079 0.000473304 -0.00539695 -0.00897983 -0.0157713 -0.00254761 -0.00930973 0.00183023 0.000756074 -0.00726679 -0.00733095 -0.0284931 0.00483121 0.000333161 0.0143606 0.0191769 0.0237867 0.00383415 0.0132928 0.00170546 0.0259401 0.000400925 -0.010649 0.00345264 0.00499663 -0.0302535 0.0216146 0.0112995 0.00133083
internal_weight=7965.8 7913.21 7905.84 7672.19 7421.27 354.717 154.098 91.2861 200.62 97.1018 7066.55 780.802 6285.75 1979.1 78.0806 103.518 14.1646 4306.65 1254.42 914.171 332.83 340.253 165.504 174.749 716.999 3052.23 2361.5 64.6206 233.646 23.9036 9.02609 1262.1 57.3168 52.8393 48.599 581.341 106.797 474.544 24.2397 450.305 97.4496 352.855 336.721 12.0274 79.486 50.1145 38.4194
internal_count=40000 37861 37825 36319 35174 1829 831 472 998 471 33345 3692 29653 9875 407 527 73 19778 5943 4306 1658 1637 803 834 3868 13835 10689 335 1506 172 65 6007 271 249 229 2648 471 2177 108 2069 463 1606 1531 55 347 221 171
is_linear=0
shrinkage=0.05


Tree=65
num_leaves=48
num_cat=0
split_feature=10 12 0 12 12 12 5 5 0 0 0 12 0 0 0 7 7 1 7 8 7 0 7 7 2 6 3 3 8 0 3 8 1 8 7 3 14 0 3 7 6 6 5 7 7 14 3
split_gain=52.911 4.65753 7.80233 5.95083 14.4917 9.69452 5.23062 10.8668 6.27801 5.61157 5.4667 5.09386 5.77755 4.70775 7.80137 6.86914 10.3945 5.71543 7.76242 5.65274 5.38404 6.42264 5.87244 5.96868 5.32837 6.80394 5.30125 7.35347 6.18834 6.81843 6.77912 6.10446 5.44874 6.43162 5.43562 5.24835 6.38993 5.2302 7.34401 5.14117 5.11022 7.19808 4.84218 4.75923 4.74174 4.71651 4.69167
threshold=-1.0000000180025095e-35 1728572.5000000002 139.50000000000003 1.0000000180025095e-35 1.5000000000000002 120751.50000000001 41.500000000000007 42.500000000000007 507.50000000000006 32.500000000000007 479.50000000000006 1807649.5000000002 208.50000000000003 381.50000000000006 442.50000000000006 4108.5000000000009 2559.5000000000005 1.0000000180025095e-35 4737.5000000000009 3.5000000000000004 818.50000000000011 512.50000000000011 1935.5000000000002 1726.5000000000002 48.500000000000007 11.500000000000002 504.50000000000006 384.50000000000006 3.5000000000000004 559.50000000000011 834.50000000000011 6.5000000000000009 5.5000000000000009 2.5000000000000004 2810.5000000000005 1293.5000000000002 2.5000000000000004 344.50000000000006 68.500000000000014 563.50000000000011 4.5000000000000009 8.5000000000000018 35.500000000000007 4555.5000000000009 3471.5000000000005 1.5000000000000002 1299.5000000000002
decision_type=2 2 2 2 2 2 2 2 2 2 2 2 2 2 2 2 2 2 2 2 2 2 2 2 2 2 2 2 2 2 2 2 2 2 2 2 2 2 2 2 2 2 2 2 2 2 2
left_child=1 3 -3 6 -5 -6 13 8 -8 -9 -11 -4 -13 17 15 16 -15 18 -1 44 21 39 23 -22 -20 -26 27 40 32 30 -30 -31 33 -28 -35 36 42 38 -19 -16 -24 -42 -32 -36 -18 -25 -40
right_child=-2 2 11 4 5 -7 7 9 -10 10 -12 12 -14 14 20 -17 19 37 24 -21 22 -23 26 45 25 -27 28 -29 29 31 35 -33 -34 34 43 -37 -38 -39 46 -41 41 -43 -44 -45 -46 -47 -48
leaf_value=-0.0010266052732762446 0.051228941344113599 0.0067373463955937435 -0.029950354644990032 0.040300783267046912 0.0047898530879631404 -0.00069622088369142787 0.023635943404405974 -0.02490686278434975 -0.01541317629773002 0.0016326527039677132 -0.010418675206462323 -0.032507764681397697 -0.0050132621532559436 0.0026142360950744529 -0.016704699947062723 -0.0078292017410378067 -0.034239683410474279 -0.023894829891132598 -0.010171094370056486 0.039244347111394975 0.003040560165054319 -0.0052585718261491162 -0.017421479356936487 -0.015048248783812727 0.053161343835517252 0.0034551414286061368 0.0070391769503049652 -0.030396465133757086 0.01026790236394489 -0.0084237585638722284 -0.038713314345542739 -0.041092069575181224 -0.017793830694453911 7.7563136613463803e-05 0.071019087513410822 0.02123968820323931 -0.0025407158742330269 -0.014011845500267663 -0.0028420693992038358 -0.061313933895764262 0.05165962427995513 -0.0013605899108849744 0.0013009465968172459 0.0098861401296838677 0.031688152704181086 0.034214169906454088 -0.014918741705858291
leaf_weight=219.48774500191212 50.081878513097763 81.169730469584465 31.733879655599594 23.738563671708107 1199.7587287947536 2449.0915071964264 75.351970791816711 22.197242259979248 11.921376585960386 989.71319830417633 103.98848627507687 21.661998234689236 161.99279096350074 68.37106915563345 17.888901561498646 41.01686043292284 5.3760009706020337 46.700573109090328 8.9932782053947431 45.896836422383785 141.21528006345034 86.498460099101067 41.535384654998779 5.8226357549428931 17.749248966574672 11.247175008058546 43.951149553060532 37.259118258953094 116.61744056642056 78.48074021935463 25.385374881327152 17.48604080080986 12.491184413433073 6.2307907640934017 12.096130788326265 16.426283612847328 109.08579969406128 160.47926672548056 1140.9389358609915 10.108498826622961 7.4134037494659415 46.89232462644577 10.767356172204016 4.3209045529365531 5.5357076823711395 29.352516554296017 86.520264133810997
leaf_count=1019 2139 409 169 118 5086 11642 338 116 56 4780 527 119 870 335 86 213 24 244 45 209 685 437 212 28 85 50 217 188 565 400 123 106 62 31 59 77 545 845 5756 51 38 225 52 22 25 141 431
internal_value=-1.95741e-06 -0.000326408 -0.00647383 -8.68895e-05 0.00136096 0.00110763 -0.00143688 0.00131057 0.0183019 -1.83063e-05 0.00048682 -0.0114525 -0.00825623 -0.00264524 -3.98208e-06 0.00992887 0.0157476 -0.0042741 0.00258522 0.031554 -0.00188562 -0.0119959 -0.00036813 0.00763094 0.0234528 0.0338812 -0.00277411 -0.0115475 -0.000198228 -0.00288373 0.0010795 -0.0143762 0.0125094 0.018193 0.0398385 -0.00554859 -0.0085783 -0.00550516 -0.00443375 -0.0328109 -0.00421985 0.00587733 -0.0267959 0.0549291 -0.000793297 0.0260596 -0.00369332
internal_weight=7958.04 7907.96 296.558 7611.4 3672.59 3648.85 3938.81 1203.17 87.2733 1115.9 1093.7 215.389 183.655 2735.64 1043.52 166.196 125.18 1692.12 257.477 56.8085 877.326 114.496 762.83 176.39 37.9897 28.9964 586.439 133.1 453.339 374.249 278.282 95.9668 79.0902 66.599 22.6478 161.665 145.239 1434.64 1274.16 27.9974 95.8411 54.3057 36.1527 16.417 10.9117 35.1752 1227.46
internal_count=40000 37861 1567 36294 16846 16728 19448 5817 394 5423 5307 1158 989 13631 5156 806 593 8475 1199 258 4350 574 3776 854 180 135 2922 663 2259 1868 1362 506 391 329 112 797 720 7276 6431 137 475 263 175 81 49 169 6187
is_linear=0
shrinkage=0.05


Tree=66
num_leaves=48
num_cat=0
split_feature=10 5 1 1 5 5 0 12 14 12 4 5 9 5 12 12 12 7 6 9 0 4 7 7 3 7 7 0 0 12 2 7 5 0 12 0 14 6 6 12 0 14 3 3 5 3 1
split_gain=50.2543 4.52162 4.40153 7.11823 4.92554 9.84387 6.01107 6.81435 5.89261 6.21021 5.64689 5.30673 10.6704 9.3179 8.14167 6.32827 7.81686 5.63041 5.42897 5.19807 8.24274 8.29194 6.87971 7.23651 5.014 4.83488 4.80162 4.75888 5.69431 9.1786 5.25637 4.69635 4.51515 4.47911 4.92503 6.33793 4.79158 4.78698 4.8577 4.50998 6.78172 4.40498 4.40207 4.3593 4.39397 4.34343 7.69691
threshold=-1.0000000180025095e-35 46.500000000000007 4.5000000000000009 1.5000000000000002 42.500000000000007 41.500000000000007 441.50000000000006 327657.50000000006 1.0000000180025095e-35 141419.50000000003 2.5000000000000004 35.500000000000007 26.500000000000004 13.500000000000002 2285137.0000000005 663551.50000000012 38713.500000000007 735.50000000000011 25.500000000000004 10.500000000000002 410.50000000000006 7.5000000000000009 3991.5000000000005 2583.5000000000005 1333.5000000000002 532.50000000000011 1851.5000000000002 469.50000000000006 513.50000000000011 250705.00000000003 12.500000000000002 1815.5000000000002 40.500000000000007 527.50000000000011 246931.00000000003 392.50000000000006 5.5000000000000009 19.500000000000004 20.500000000000004 56076.500000000007 357.50000000000006 2.5000000000000004 764.50000000000011 400.50000000000006 45.500000000000007 35.500000000000007 1.0000000180025095e-35
decision_type=2 2 2 2 2 2 2 2 2 2 2 2 2 2 2 2 2 2 2 2 2 2 2 2 2 2 2 2 2 2 2 2 2 2 2 2 2 2 2 2 2 2 2 2 2 2 2
left_child=1 2 3 32 5 10 7 19 -7 -10 26 13 14 17 27 16 -14 41 25 22 21 -21 23 -6 -19 -15 -5 -13 29 42 -30 -17 -1 34 37 -36 -35 39 -39 45 -41 -12 -29 -9 -45 46 -34
right_child=-2 -3 -4 4 6 8 -8 43 9 -11 11 12 15 18 -16 31 -18 24 -20 20 -22 -23 -24 -25 -26 -27 -28 28 30 -31 -32 -33 33 36 35 -37 -38 38 -40 40 -42 -43 -44 44 -46 -47 -48
leaf_value=-0.00093456635628639748 0.051167570443874835 -0.014731491767612371 0.00078003232932075811 -0.015413948449889192 0.020819921150811466 0.066524309643683208 -0.014828791898137928 -0.032148192239890586 0.023465729290451608 -0.0062426512914303348 -0.043435215700750124 -0.0062334312010867759 0.053165018476531684 0.0061237503272943208 0.047309337201872449 0.083815244468539621 0.0031231650492451815 0.0017619242351300129 0.040746052996367292 0.018933107394452548 0.038581221642887131 -0.013678974839075143 -0.023191338793766798 0.091090023341559814 -0.026617188045707819 -0.016975957302653621 0.044021878609085768 0.042971920164093402 -0.048054032541190832 0.090064662158620412 0.0030633999967404416 0.024438312876783469 -0.051506164780303246 0.0031477414616657429 -0.022115837476179991 0.016193043384764651 -0.043974173053485811 0.049429597512524119 0.0081134590574880316 0.054345705760637512 -0.00047033437660877584 -0.0085366643670256523 -0.010175263627117384 -0.010736587417077541 0.04738091379626401 0.0061351235231743425 0.026681924990331504
leaf_weight=1018.7869110405445 47.695053080096841 53.988121762871742 4612.310090906918 4.8721908405423191 14.72248743474484 5.1677524745464316 198.47111118584871 25.178653985261917 42.841511100530624 29.845680952072144 12.731952913105486 403.77831307798624 9.0853417217731458 24.973223604261875 7.934725508093833 5.3958638757467261 55.323466718196869 320.09048138558865 4.4674061089754096 26.081026062369347 11.855651088058947 77.142111048102379 5.9215260893106452 4.8775761723518363 16.359670273959637 243.74345780536532 11.231027893722056 6.487557999789721 5.3539094328880301 4.7509634867310515 82.888186290860176 8.6987651959061605 8.5619274079799634 12.634306937456131 31.551277473568916 16.4130749553442 9.4148670434951782 13.518205776810648 15.017713055014609 11.762115374207498 10.844733744859694 31.199964769184589 9.7539829611778242 39.995570503175259 3.5401083528995505 328.44511494040489 4.9773686081171027
leaf_count=4721 2139 294 21052 27 70 25 1165 153 205 155 67 2215 39 159 44 25 270 1639 22 136 61 429 30 24 92 1546 60 35 27 26 449 42 40 62 158 80 47 56 65 50 48 165 53 238 20 1452 23
internal_value=-2.21567e-06 -0.000311029 -0.00021184 -0.00162527 -0.00378008 -0.00232253 -0.00859459 -0.00268335 0.0149351 0.0112673 -0.00338121 -0.0037593 -0.000361701 -0.00687559 -0.00295129 0.0168228 0.0101819 -0.00181615 -0.0139204 0.00362351 -0.000903943 -0.005439 0.0240381 0.038307 0.000382008 -0.0148292 0.026039 -0.00372867 0.00553003 0.0289354 -3.80461e-05 0.0471697 0.000926266 0.0050196 0.00611897 -0.0090068 -0.016973 0.00796442 0.027686 0.00642085 0.0280499 -0.0186506 0.011054 -0.0155882 -0.00601076 0.00499106 -0.0227624
internal_weight=7950.68 7902.99 7849 3236.69 1754.76 1346.98 407.786 209.315 77.8549 72.6872 1269.12 1253.02 599.451 653.566 520.948 78.5034 64.4088 380.382 273.184 140.6 115.079 103.223 25.5216 19.6001 336.45 268.717 16.1032 513.013 109.235 20.9925 88.2421 14.0946 1481.93 463.141 441.092 47.9644 22.0492 393.127 28.5359 364.591 22.6068 43.9319 16.2415 68.7143 43.5357 341.984 13.5393
internal_count=40000 37861 37567 16515 9713 7387 2326 1161 385 360 7002 6915 3225 3690 2849 376 309 1963 1727 750 626 565 124 94 1731 1705 87 2805 590 114 476 67 6802 2081 1972 238 109 1734 121 1613 98 232 88 411 258 1515 63
is_linear=0
shrinkage=0.05


Tree=67
num_leaves=48
num_cat=0
split_feature=10 5 5 5 5 3 3 7 1 8 12 7 3 0 6 6 7 8 7 0 7 7 12 0 3 5 12 8 4 0 0 4 12 14 12 12 1 3 7 7 7 7 3 3 0 0 7
split_gain=47.7348 4.3426 4.85159 17.7685 6.67207 6.53577 10.7793 6.36406 7.92905 6.74017 5.63926 5.20349 7.79049 10.3321 5.20018 5.71906 5.02317 4.89157 5.71811 7.09109 5.6097 7.25885 6.81549 6.11372 8.0814 5.14677 4.74666 4.73593 4.82091 4.70743 4.90426 4.77784 4.70705 4.6702 4.62669 6.6955 4.5988 5.66994 5.23329 4.58862 4.53587 6.95244 5.15305 4.71263 4.84543 8.72915 5.14831
threshold=-1.0000000180025095e-35 1.0000000180025095e-35 33.500000000000007 13.500000000000002 27.500000000000004 1305.5000000000002 1282.5000000000002 4737.5000000000009 1.5000000000000002 7.5000000000000009 1819251.5000000002 4707.5000000000009 1278.5000000000002 414.50000000000006 20.500000000000004 10.500000000000002 969.50000000000011 7.5000000000000009 2079.5000000000005 218.50000000000003 1306.5000000000002 1824.5000000000002 1664834.5000000002 254.50000000000003 777.50000000000011 11.500000000000002 177352.50000000003 5.5000000000000009 7.5000000000000009 377.50000000000006 166.50000000000003 10.500000000000002 141419.50000000003 5.5000000000000009 601287.50000000012 163267.50000000003 2.5000000000000004 651.50000000000011 618.50000000000011 1363.5000000000002 2614.5000000000005 2988.5000000000005 710.50000000000011 1320.5000000000002 426.50000000000006 442.50000000000006 4235.5000000000009
decision_type=2 2 2 2 2 2 2 2 2 2 2 2 2 2 2 2 2 2 2 2 2 2 2 2 2 2 2 2 2 2 2 2 2 2 2 2 2 2 2 2 2 2 2 2 2 2 2
left_child=1 -1 3 10 7 6 -4 29 9 -9 11 17 13 -13 15 -14 -8 20 19 -19 25 23 40 24 32 36 -17 28 -10 30 -5 -31 -22 34 35 -18 37 -3 -39 -6 -23 42 -42 44 -43 -46 -47
right_child=-2 2 5 4 39 -7 16 8 27 -11 -12 12 14 -15 -16 26 33 18 -20 -21 21 22 -24 -25 -26 -27 -28 -29 -30 31 -32 -33 -34 -35 -36 -37 -38 38 -40 -41 41 43 -44 -45 45 46 -48
leaf_value=0.0048107856756306987 0.051109333020347258 0.03178147988081146 0.00017294896716780992 -0.0051191530359351546 0.017222196495216873 -0.0084561670987849374 0.034721443441948843 0.013537145043662536 -0.05123736783232407 0.077101800344576921 -0.018897678635727968 -0.002889788646549984 0.0033634262318380198 -0.029913067481971495 -0.02324954519200443 0.01831075966363635 0.020884060750121603 0.052564530557418249 -0.016629315506825292 -0.001431018196765788 0.040729667843547666 -0.0024346246048228999 0.058610573717646677 0.0112483739727345 0.07263991254427879 -0.034571479655896332 0.067494981114310168 -0.022478660427121218 0.0028125976832700061 -0.0049918693598775109 -0.019740326204103712 -0.060542061642627071 -0.011251123779926117 -0.0033464326880957851 0.044944695559611336 -0.021500651824138198 -0.0056556799477433918 -0.021478040832252875 0.014726119887157704 -0.033540993565615233 0.035619041931350064 -0.00078934702376708414 0.0076461278868465007 -0.029474313183965518 0.040605338582124124 -0.0012504018375406616 0.023563882841263838
leaf_weight=395.37574405968189 45.4193309918046 21.210371375083923 5189.7032510861754 85.098249785602093 5.0332749187946311 210.12608177959919 25.06420324742794 28.789576828479767 4.3058779686689368 4.8768721222877494 34.334737241268158 126.59988680481911 38.728872314095497 49.086068049073219 10.512358337640761 14.052829936146738 42.718341663479805 7.0354005023837081 61.702459245920181 44.797626636922359 10.104173228144651 168.22380299866199 5.8402950316667548 59.594996646046638 11.146941035985945 11.693863242864607 7.536035329103469 28.524360232055187 98.491025239229202 288.67890861257911 175.90028167515993 3.9234032928943625 7.6543850898742667 41.317984253168106 12.887064412236212 11.916886940598486 133.92985779047012 16.837977230548859 24.512577161192894 38.526540458202362 34.264213234186172 145.06615453958511 31.691201776266098 10.063702419400213 22.832717731595039 68.688565909862518 30.045929960906506
leaf_count=1716 2139 95 24719 429 26 1019 111 137 29 27 185 599 181 237 52 61 199 36 328 232 43 784 30 270 50 56 32 174 515 1574 969 29 32 192 60 56 623 75 111 210 154 664 143 47 100 310 140
internal_value=-2.60055e-06 -0.000296493 -0.000565601 -0.00269648 -0.00867433 0.000192963 0.00053435 -0.00752251 0.00109674 0.022745 0.00107572 0.00166013 -0.00479622 -0.01044 0.00920254 0.0148584 0.0145411 0.00337718 -0.00634483 0.00589791 0.00473418 0.0071695 0.00490332 0.0204008 0.0392705 -0.00234558 0.0354795 -0.00445317 0.000548594 -0.0100913 -0.0149731 -0.00573672 0.0183246 0.00989385 0.0179958 0.0116392 -0.0004277 0.0107643 -1.62419e-05 -0.0276754 0.00428934 0.00759045 0.0221782 0.00411321 0.00538092 0.0127439 0.00630084
internal_weight=7944.47 7899.05 7503.67 1969.94 762.148 5533.73 5323.61 718.589 164.988 33.6664 1207.79 1173.45 246.516 175.686 70.8301 60.3177 133.904 926.937 113.535 51.833 813.402 605.217 516.717 88.5005 28.9055 208.185 21.5889 131.321 102.797 553.601 260.999 292.602 17.7586 108.84 67.5223 54.6352 196.491 62.5609 41.3506 43.5598 510.876 342.652 65.9554 276.697 266.633 121.567 98.7345
internal_count=40000 37861 36145 9789 4119 26356 25337 3883 882 164 5670 5485 1162 836 326 274 618 4323 596 268 3727 2767 2372 395 125 960 93 718 544 3001 1398 1603 75 507 315 255 904 281 186 236 2342 1558 297 1261 1214 550 450
is_linear=0
shrinkage=0.05


Tree=68
num_leaves=48
num_cat=0
split_feature=10 7 8 8 8 3 3 14 1 12 8 8 6 8 9 6 6 6 7 0 0 2 5 1 2 7 14 1 2 3 14 7 7 0 3 6 0 9 3 7 1 12 7 3 3 0 3
split_gain=45.3446 4.27515 4.12884 6.50445 10.7934 6.54876 7.77961 6.61016 6.65017 6.5612 5.84354 12.5781 7.25374 15.3624 5.58977 4.96911 7.98122 17.6923 6.20592 5.3012 5.71801 7.04271 6.41048 5.36882 5.07473 6.40628 7.76371 7.40578 5.84582 5.71809 5.21725 5.2338 7.97062 4.85836 8.00909 5.90438 5.44506 5.75849 5.18121 5.12394 5.54924 4.95058 4.84662 4.75188 8.57302 8.92342 7.80652
threshold=-1.0000000180025095e-35 4852.5000000000009 9.5000000000000018 8.5000000000000018 7.5000000000000009 804.50000000000011 1103.5000000000002 1.5000000000000002 1.0000000180025095e-35 951615.00000000012 4.5000000000000009 6.5000000000000009 7.5000000000000009 3.5000000000000004 17.500000000000004 12.500000000000002 15.500000000000002 16.500000000000004 166.50000000000003 31.500000000000004 277.50000000000006 48.500000000000007 25.500000000000004 3.5000000000000004 20.500000000000004 3137.5000000000005 2.5000000000000004 5.5000000000000009 12.500000000000002 1273.5000000000002 5.5000000000000009 116.50000000000001 735.50000000000011 434.50000000000006 818.50000000000011 24.500000000000004 289.50000000000006 16.500000000000004 1183.5000000000002 1006.5000000000001 4.5000000000000009 561009.00000000012 4737.5000000000009 500.50000000000006 629.50000000000011 151.50000000000003 667.50000000000011
decision_type=2 2 2 2 2 2 2 2 2 2 2 2 2 2 2 2 2 2 2 2 2 2 2 2 2 2 2 2 2 2 2 2 2 2 2 2 2 2 2 2 2 2 2 2 2 2 2
left_child=1 2 3 4 10 7 -7 8 -6 14 12 -12 13 -1 -8 43 24 -18 -19 -20 42 22 -22 -24 28 27 -27 30 -17 -30 31 -26 -33 34 39 36 -36 -38 -35 -23 -41 -39 -21 -14 45 -45 -46
right_child=-2 -3 -4 -5 5 6 9 -9 -10 -11 11 -13 15 -15 -16 16 17 18 19 20 21 33 23 -25 25 26 -28 -29 29 -31 -32 32 -34 38 35 -37 37 41 -40 40 -42 -43 -44 44 46 -47 -48
leaf_value=0.00033950807072698273 0.051054057848427328 0.037569783084163387 -0.0068892392914161439 0.0077952276026958291 -0.033490688381103695 -0.030435229552928489 -0.0069135489941483377 -0.0074141130514830712 0.024452543841424017 0.025018908820423815 0.010998170688353664 -0.0017422076896995158 -0.00085815838392983121 -0.0088446656955784454 -0.042650699795000455 -0.048367900264991229 0.061804147437565626 -0.031017328891040204 0.013487483144284605 -0.0089548518315356179 -0.017644012893072582 -0.023069636259671934 0.016219931420035957 -0.0059285687348619755 0.068444553211674669 -0.044057431433591199 -0.013513685429788159 -0.057895688960346671 0.001285027106277554 0.055355376108632462 -0.015555302434622099 -0.030021343834581705 0.0097248554753613659 0.0049058849903598212 0.07543173927680541 0.064799501657027955 0.0267550567125334 -0.036422626157927018 -0.019515818307651197 -0.0051622885748925356 0.020788724628346692 0.018773330205834195 0.0088839280290981398 -0.017116205963777577 -0.011248645113264637 0.016650207697297473 0.0029599051047688816
leaf_weight=1260.4346837028861 43.249799732118845 7.4524080157279959 232.03029842302203 251.09400135278702 5.8381968885660163 61.680725805461407 64.331472717225552 161.254390001297 32.61675813794136 13.300963163375853 358.88832542300224 420.96228137612343 1098.5085196346045 712.82321209460497 13.18442729860544 5.5882216691970816 11.634876057505606 16.098719783127308 70.181402027606964 255.39442471414804 66.616217866539955 15.059491395950316 41.607677258551121 79.907383173704147 3.1158777028322211 27.378552906215191 86.64920736849308 6.3147443234920493 88.365867167711258 5.1759958565235129 49.108704201877117 15.436002403497694 68.986445039510727 116.00993669033051 4.1911510229110709 8.6087376624345762 38.913029044866562 8.0834000557661074 26.720209494233131 38.734300464391708 44.000509008765221 8.1665850281715375 44.746899604797363 21.943464815616608 102.70597226917744 180.58761028945446 1645.3070174753666
leaf_count=6007 2139 36 1506 1145 27 359 335 817 154 65 1615 2077 5059 3868 72 26 48 81 306 1241 334 70 210 377 15 140 415 30 428 24 240 73 327 534 19 36 172 33 130 189 192 36 217 97 467 792 7420
internal_value=-2.85067e-06 -0.000282521 -0.000318281 -0.000119142 -0.000387502 -0.00892968 -0.0167319 -0.00297192 0.0156557 -0.00742492 3.90728e-05 0.00412093 -0.00046837 -0.0029782 -0.012992 0.000683425 -0.0019704 0.000549464 -0.000257624 0.00031357 -0.000846834 0.00244608 -0.00517851 0.00165525 -0.00830102 -0.012008 -0.0208474 -0.00495768 0.0013092 0.00427693 -0.0025113 0.00480634 0.00245757 0.00709594 0.0129186 0.0261025 0.0204899 0.0163156 0.000333949 0.00375625 0.00863913 -0.00868337 -0.00629534 0.00177209 0.00325339 0.0129917 0.00212507
internal_weight=7938.99 7895.74 7888.29 7656.26 7405.16 352.207 152.498 199.709 38.455 90.8169 7052.96 779.851 6273.11 1973.26 77.5159 4299.85 1250.79 894.675 883.04 866.941 796.76 496.619 188.131 121.515 356.12 256.99 114.028 142.962 99.1301 93.5419 136.647 87.5383 84.4224 308.487 165.757 67.9629 59.3542 55.163 142.73 97.7943 82.7348 16.25 300.141 3049.05 1950.54 202.531 1748.01
internal_count=40000 37861 37825 36319 35174 1829 831 998 181 472 33345 3692 29653 9875 407 19778 5943 4225 4177 4096 3790 2332 921 587 1718 1240 555 685 478 452 655 415 400 1411 747 296 260 241 664 451 381 69 1458 13835 8776 889 7887
is_linear=0
shrinkage=0.05


Tree=69
num_leaves=48
num_cat=0
split_feature=10 12 12 12 12 4 7 5 5 0 0 0 6 6 14 0 2 7 12 1 14 12 3 7 0 8 0 2 14 1 0 0 7 7 14 7 0 1 7 0 3 6 2 5 7 0 7
split_gain=43.077 4.13756 5.82281 13.1035 7.78667 5.7052 4.93832 4.47416 8.9867 5.51156 5.21105 4.74289 4.61599 5.84682 6.97651 6.79218 4.37082 6.04048 6.38266 5.52777 5.19084 6.5739 13.3837 5.9617 5.4342 5.96045 6.19309 5.22078 4.81156 4.21712 4.18658 6.81706 6.04918 7.36412 6.29759 9.6911 5.21874 5.08627 6.66775 4.78623 6.72065 4.74752 6.17654 5.72758 4.69815 5.86707 4.95667
threshold=-1.0000000180025095e-35 1419953.5000000002 1.0000000180025095e-35 1.5000000000000002 120751.50000000001 8.5000000000000018 166.50000000000003 41.500000000000007 42.500000000000007 493.50000000000006 32.500000000000007 479.50000000000006 7.5000000000000009 13.500000000000002 2.5000000000000004 527.50000000000011 32.500000000000007 185.50000000000003 705467.50000000012 2.5000000000000004 3.5000000000000004 201484.50000000003 1140.5000000000002 4403.5000000000009 442.50000000000006 7.5000000000000009 219.50000000000003 39.500000000000007 1.5000000000000002 3.5000000000000004 381.50000000000006 448.50000000000006 4108.5000000000009 2559.5000000000005 3.5000000000000004 2926.5000000000005 407.50000000000006 1.0000000180025095e-35 4737.5000000000009 345.50000000000006 68.500000000000014 13.500000000000002 48.500000000000007 13.500000000000002 818.50000000000011 512.50000000000011 563.50000000000011
decision_type=2 2 2 2 2 2 2 2 2 2 2 2 2 2 2 2 2 2 2 2 2 2 2 2 2 2 2 2 2 2 2 2 2 2 2 2 2 2 2 2 2 2 2 2 2 2 2
left_child=1 2 7 29 -5 -3 -6 30 9 -9 -10 -12 -13 14 -14 -15 -8 18 -18 -19 21 22 23 -21 25 -23 -27 -26 -24 -4 37 32 33 36 35 -35 -32 38 -1 40 -39 42 -40 -44 45 46 -33
right_child=-2 5 3 4 6 -7 16 8 10 -11 11 12 13 15 -16 -17 17 19 -20 20 -22 24 28 -25 27 26 -28 -29 -30 -31 31 44 -34 34 -36 -37 -38 39 41 -41 -42 -43 43 -45 -46 -47 -48
leaf_value=-0.0008622285534101462 0.051001594676298515 -0.037533819214281103 0.072679749108978481 0.0045126343737587988 -0.015570211862765172 -0.0038989456952055108 -0.0034485416069417562 0.024466986755345994 -0.024084810438336348 -0.0033800942348316404 0.0015737024709296774 -0.020635244185341062 0.055607004100921356 0.02091258153098528 0.00054532552588243215 -0.053414953298166201 0.061789835703360545 -0.0056175118197565113 -0.010506540983498675 0.045963830712410864 0.00059803746094760251 0.01298641569463526 0.009332100288803746 -0.0046560001124206548 0.044879398911057855 -0.046391785067687583 0.0083030096927875028 -0.0090607935041735338 -0.053969742880397291 0.025493820647643207 -0.010741578260647554 -0.015480720055622408 -0.0073451784842814742 0.037301359810486288 0.039405629676498938 -0.033429321715464776 0.016602867197302796 -0.022883630318743717 -0.012694115617239671 -0.013661938044360453 -0.0034467662032878505 -0.020698161845910699 -0.0033778808898310047 0.053024778662083528 -0.00029431635522231362 -0.0047751787877164187 -0.059776866384591225
leaf_weight=219.03388871252537 41.181734042242169 12.967300709336994 6.6004991680383709 1198.5433845669031 52.871450275182724 454.45937120169401 679.57213973999023 63.155306756496429 21.970776975154877 24.725041970610619 988.99897393584251 49.825762674212456 6.9780485630035392 4.6929751783609381 32.763428121805191 8.9074957817792875 8.2845575362443906 256.66678788512945 4.8343295603990546 34.492636546492577 956.89534385502338 156.92157727479935 5.967161759734152 6.99642689526081 4.7626504451036444 9.1111975386738795 11.9815641567111 77.200357645750046 6.0408173352479935 16.754809483885765 33.083020485937595 17.682802230119709 41.545469582080841 10.459969043731691 38.746579714119434 9.0180142372846586 36.923056714236736 46.134800918400288 6.9845214337110511 147.36418814957142 1234.8585822805762 5.6276100426912299 5.8106354475021389 19.970869436860085 757.74279677122831 86.088789105415344 9.8239654302597028
leaf_count=1019 2139 101 28 5086 255 2363 3361 272 116 122 4780 269 33 22 157 46 37 1316 24 143 4337 695 25 29 24 49 61 364 25 90 161 86 217 44 177 43 183 244 36 781 6251 26 25 93 3757 437 51
internal_value=-3.11465e-06 -0.000269305 1.79951e-05 0.00150283 0.00125168 -0.00483204 -0.000468105 -0.00130266 0.00123871 0.0166322 2.45079e-05 0.000509508 -0.00969221 0.000529487 0.0102134 -0.0277675 -0.000108389 0.00136541 0.0351485 0.00107517 0.00242737 0.0080115 0.0239733 0.0374277 0.00472693 0.00963207 -0.0153229 -0.00592647 -0.022513 0.0388291 -0.0024229 7.00695e-05 0.00923595 0.0146081 0.0277467 0.00455411 0.00368061 -0.00396252 0.00250681 -0.00512846 -0.00414678 0.021727 0.0290136 0.0403127 -0.00171586 -0.0111983 -0.031301
internal_weight=7932.02 7890.84 7423.42 3494.5 3471.14 467.427 2272.6 3928.92 1202.02 87.8803 1114.14 1092.17 103.168 53.3419 39.7415 13.6005 2219.73 1540.16 13.1189 1527.04 1270.37 313.474 53.497 41.4891 259.977 178.014 21.0928 81.963 12.008 23.3553 2726.9 1041.11 169.776 128.231 58.2246 19.478 70.0061 1685.79 257.428 1428.36 1280.99 38.3936 32.766 25.7815 871.338 113.596 27.5068
internal_count=40000 37861 35397 15949 15831 2464 10745 19448 5817 394 5423 5307 527 258 190 68 10490 7129 61 7068 5752 1415 222 172 1193 805 110 388 50 118 13631 5156 825 608 264 87 344 8475 1199 7276 6495 180 154 118 4331 574 137
is_linear=0
shrinkage=0.05


Tree=70
num_leaves=48
num_cat=0
split_feature=10 5 4 7 0 14 5 4 4 2 0 7 0 8 8 8 7 8 8 9 3 6 8 7 3 5 0 0 0 14 7 3 7 9 7 3 0 0 14 7 7 7 14 2 3 12 12
split_gain=40.9253 4.14639 4.09223 5.23602 6.20984 4.80363 4.68669 4.58411 4.47551 4.4487 5.9275 5.07337 5.80266 4.30411 4.21653 8.1741 7.16184 5.46283 10.6819 7.30371 6.17338 5.85166 14.3023 5.83815 5.82883 5.73063 5.17602 7.09521 6.01039 6.88423 6.35251 6.24032 6.9083 6.41894 5.96724 6.23099 5.35607 6.67901 5.2056 5.15567 5.83623 5.12354 5.00397 6.95271 4.88038 7.83935 5.97894
threshold=-1.0000000180025095e-35 46.500000000000007 10.500000000000002 3067.5000000000005 364.50000000000006 4.5000000000000009 1.0000000180025095e-35 6.5000000000000009 2.5000000000000004 17.500000000000004 618.50000000000011 2202.5000000000005 471.50000000000006 9.5000000000000018 8.5000000000000018 7.5000000000000009 335.50000000000006 4.5000000000000009 5.5000000000000009 28.500000000000004 1335.5000000000002 7.5000000000000009 1.5000000000000002 4741.5000000000009 25.500000000000004 35.500000000000007 410.50000000000006 442.50000000000006 23.500000000000004 4.5000000000000009 923.50000000000011 286.50000000000006 563.50000000000011 15.500000000000002 1204.5000000000002 883.50000000000011 129.50000000000003 135.50000000000003 5.5000000000000009 4150.5000000000009 3471.5000000000005 783.50000000000011 4.5000000000000009 19.500000000000004 1319.5000000000002 655194.50000000012 228757.00000000003
decision_type=2 2 2 2 2 2 2 2 2 2 2 2 2 2 2 2 2 2 2 2 2 2 2 2 2 2 2 2 2 2 2 2 2 2 2 2 2 2 2 2 2 2 2 2 2 2 2
left_child=1 2 6 4 -4 -6 -1 8 -8 -10 11 12 -11 14 15 17 -17 21 -19 20 26 22 24 44 -9 -25 28 38 29 -20 31 32 -30 -33 -32 36 -36 -38 -28 40 -29 -18 -37 -44 46 -46 -24
right_child=-2 -3 3 -5 5 -7 7 13 9 10 -12 -13 -14 -15 -16 16 41 18 19 -21 -22 -23 23 25 -26 -27 27 39 30 -31 34 33 -34 -35 35 42 37 -39 -40 -41 -42 -43 43 -45 45 -47 -48
leaf_value=0.0052654984742618038 0.05095179316140816 -0.014117379004006225 0.038330019268849214 -0.03196037049737617 -0.051962831547466774 0.012056771525005694 0.0074893400699533631 0.045123551014305728 -0.040141501317619767 0.036555841681367544 -0.053243718701940251 -0.017315395837716664 -0.026924600937631011 -0.0071986765256183451 0.0066019615116038894 0.013738397874303318 -0.033374126297734515 0.016390455992274032 -0.0068680967032256407 0.043326461086137517 -0.046477811936981937 0.00072442554635169436 -0.0036164374906149676 -0.016103318394332478 0.002820909697812183 0.043683623799985458 0.029923699412112221 0.00057873965413609034 0.00019166784492368949 0.031610368531266468 -0.043911450375238914 -0.0083853861823389442 0.087112782932799102 0.038736689684709801 -0.032206885168414072 0.015603289932158804 0.049382138998545516 -0.011356457244368614 0.00087568839465897673 0.016326933167198573 -0.029882889271705283 -0.0085828948570938739 0.033120143022973732 -0.015283750185368478 -0.03668504572497655 0.030818080614013872 -0.01174638523497005
leaf_weight=389.86148109287024 39.210599904879928 53.588770762085915 7.6817985549569157 22.76705701649189 5.7799255996942502 5.9427596852183342 23.158518709242344 8.2495208531618101 16.965737067162991 11.982293434441091 7.0262408107519141 26.956587936729193 5.145860642194747 214.46560832858086 233.2527294754982 34.018286004662514 22.593660786747932 144.88975133746862 21.634579688310623 10.111725002527235 6.9210802987217894 3965.4142134711146 851.50351786613464 6.1742845028638866 630.8572291880846 11.423639610409735 46.240663483738899 92.474090993404388 4.1721737980842573 25.121962994337082 11.561293028295038 31.803322955965996 5.056178018450737 9.3521043658256513 31.197303965687752 41.87586210668087 4.7437894940376273 98.622982107102871 23.142317116260529 39.992172867059708 18.945596553385258 268.62563855201006 8.8637957125902158 45.507717967033386 26.43174704909325 5.1369209215044966 307.92656677961349
leaf_count=1690 2139 294 42 136 32 38 131 38 113 78 53 171 31 1407 1062 161 124 648 103 43 38 18204 4334 31 2964 55 206 436 19 119 59 155 24 42 158 208 21 479 103 196 92 1416 44 222 145 29 1667
internal_value=-3.21893e-06 -0.000256603 -0.000161759 -0.0156952 0.00338853 -0.0195084 -7.76612e-05 -0.000359178 -0.0114976 -0.0179566 -0.0105925 -0.00379477 0.0174842 -0.000220129 -9.14854e-06 -0.000233919 -0.0079704 0.000151094 0.00425229 0.00120609 0.000455234 -0.000358446 -0.00268243 -0.00588134 0.00336695 0.0227072 0.00103496 0.00699417 -0.00284047 0.0138061 -0.00549912 0.0106551 0.0478154 0.00232257 -0.00885722 -0.00710136 -0.0140492 -0.00856899 0.0202349 0.000926736 -0.0046009 -0.0105063 0.00261246 -0.00739281 -0.00630376 -0.0257008 -0.00577562
internal_weight=7924.37 7885.16 7831.57 42.1715 19.4045 11.7227 7789.4 7399.54 91.2352 68.0767 51.111 44.0847 17.1282 7308.3 7093.84 6860.59 325.238 6535.35 722.23 577.341 567.229 5813.12 1847.7 1208.6 639.107 17.5979 560.308 220.795 339.513 46.7565 292.757 50.3838 9.22835 41.1554 242.373 230.811 134.564 103.367 69.383 151.412 111.42 291.219 96.2474 54.3715 1191 31.5687 1159.43
internal_count=40000 37861 37567 248 112 70 37319 35629 577 446 333 280 109 35052 33645 32583 1701 30882 3415 2767 2724 27467 9263 6261 3002 86 2686 1033 1653 222 1431 240 43 197 1191 1132 658 500 309 724 528 1540 474 266 6175 174 6001
is_linear=0
shrinkage=0.05


Tree=71
num_leaves=48
num_cat=0
split_feature=10 12 0 12 0 12 12 12 2 5 0 0 3 4 0 8 5 12 12 6 12 12 7 7 12 7 7 5 3 7 3 14 0 3 5 3 7 12 12 3 3 7 7 7 14 3 6
split_gain=38.8837 3.77945 7.02036 4.85828 5.28524 4.68369 12.1724 6.71951 5.48288 5.84523 9.50564 6.61265 7.85758 8.09537 7.47561 8.36224 5.98691 5.80684 6.03736 5.78163 5.58931 7.0207 6.35806 10.8017 9.27734 5.46377 5.35801 8.45137 5.36339 5.33287 5.3303 5.80387 5.27401 5.18608 4.98113 6.63597 5.08549 6.3681 10.9965 4.90446 4.89912 5.6191 4.76359 4.72931 7.33467 4.6335 5.35929
threshold=-1.0000000180025095e-35 1728572.5000000002 139.50000000000003 1807649.5000000002 208.50000000000003 1.0000000180025095e-35 557.00000000000011 1.5000000000000002 15.500000000000002 13.500000000000002 219.50000000000003 116.50000000000001 968.50000000000011 8.5000000000000018 28.500000000000004 5.5000000000000009 35.500000000000007 192931.50000000003 177352.50000000003 7.5000000000000009 254395.00000000003 261172.00000000003 2810.5000000000005 2913.5000000000005 561009.00000000012 3686.5000000000005 1824.5000000000002 37.500000000000007 1259.5000000000002 532.50000000000011 68.500000000000014 5.5000000000000009 385.50000000000006 1183.5000000000002 42.500000000000007 1123.5000000000002 4532.5000000000009 284.50000000000006 121.50000000000001 35.500000000000007 689.50000000000011 4690.5000000000009 2419.5000000000005 2527.5000000000005 3.5000000000000004 182.50000000000003 4.5000000000000009
decision_type=2 2 2 2 2 2 2 2 2 2 2 2 2 2 2 2 2 2 2 2 2 2 2 2 2 2 2 2 2 2 2 2 2 2 2 2 2 2 2 2 2 2 2 2 2 2 2
left_child=1 5 -3 -4 -5 -1 7 -7 9 10 -8 14 40 -14 15 -11 -15 18 30 -20 26 33 42 24 -24 -25 28 -28 -19 -16 31 39 -12 -22 36 45 -9 38 -38 -10 41 -13 -23 -44 -45 -36 -47
right_child=-2 2 3 4 -6 6 8 34 17 11 32 12 13 16 29 -17 -18 20 19 -21 21 22 23 25 -26 -27 27 -29 -30 -31 -32 -33 -34 -35 35 -37 37 -39 -40 -41 -42 -43 43 44 -46 46 -48
leaf_value=-0.0012294224932539724 0.050904506368604233 0.0067146855354428981 -0.028799328985791281 -0.030949428555229343 -0.0043521352275976708 0.037343326368531396 0.029503235985795764 0.016667107222736226 0.0094578130676928364 -0.0070694398016353886 -0.042649985518438634 -0.0049585990621811389 -0.03830101661289987 -0.030900332919001645 0.0068678967560803625 0.065496491022670161 0.016375940841018361 -0.0025700220123873532 -0.0040720315133841471 0.047713032785746547 0.03656982610666621 -0.0015636045474122654 0.092564105703956859 0.0088045064245312124 0.018823327794357067 -0.0008496162228534619 -0.027003495183752599 0.0041185586719175516 0.046653382819987738 -0.03182622201205984 0.0047503905213332129 -0.033256587753714754 0.0024753558857994787 -0.017074883424945297 -0.049752379271432945 0.033123631624447987 0.013314021672782499 0.038489347582686594 -0.063848498276583079 -0.045728798249312044 -0.015183772536218214 0.013549526596972106 -0.034312165497163219 0.017313557263067846 -0.017897307070653422 0.028954293349264654 -0.013245801446990578
leaf_weight=3923.8096560686827 37.332046575844288 81.086607784032822 31.203392334282398 21.134897947311401 160.67229774966836 23.058282494544983 34.376112103462219 155.73057616502047 27.337828740477562 27.726056322455406 7.8660233095288268 361.9177473410964 8.2674751654267293 7.1943883150815955 10.528754122555254 4.6335277482867232 96.790715895593166 52.360538475215435 8.3203952759504336 15.303269520401953 22.000535577535633 620.90021009743214 5.7533854544162777 223.10595192015171 16.490724921226501 427.14826962351799 64.639597497880459 32.924846194684505 6.1879681795835486 57.722217135131359 950.7887162938714 19.510338738560677 36.615417525172234 5.6655159741640082 6.4906756579875937 10.62203127145767 10.065958127379423 5.6604603677988043 8.5297934561967832 4.7211751937866202 100.52894589304924 46.24987730383873 21.43117667734623 20.970907971262932 50.1799141690135 9.4487535357475263 36.923917382955551
leaf_count=19448 2139 409 169 119 870 118 153 678 118 142 38 1717 47 38 52 22 442 239 38 68 98 2993 27 1062 78 2080 295 153 27 276 4015 84 166 26 27 45 44 24 37 20 497 219 105 99 244 40 155
internal_value=-3.55111e-06 -0.000244713 -0.00580606 -0.0105723 -0.00744404 -2.91229e-05 0.00125675 0.0115459 0.000449257 -0.00316861 0.00975629 -0.00458115 -0.00265444 0.00931896 -0.0164724 0.00332118 0.0131051 0.00156486 0.00449006 0.029474 -0.000347032 0.000644442 0.000146608 0.00363479 0.0378962 0.00246277 -0.00932511 -0.0165008 0.00263238 -0.0258571 0.00390123 -0.0117548 -0.00550453 0.0255843 0.00910272 -0.00293912 0.0133501 -0.00794554 -0.0220801 0.00133075 -0.00529658 -0.00286143 -0.00314121 -0.0137214 -0.0075193 -0.0101853 -0.00464724
internal_weight=7917.93 7880.6 294.097 213.011 181.807 7586.5 3662.69 266.53 3396.16 800.417 78.8576 721.56 620.949 112.253 100.611 32.3596 103.985 2595.74 1025.98 23.6237 1569.76 1413.65 1385.98 672.498 22.2441 650.254 156.113 97.5644 58.5485 68.251 1002.36 51.5693 44.4814 27.6661 243.472 63.4854 179.987 24.2562 18.5958 32.059 508.697 408.168 713.482 92.582 71.1508 52.8633 46.3727
internal_count=40000 37861 1567 1158 989 36294 16846 1168 15678 3809 357 3452 2960 527 492 164 480 11869 4343 106 7526 6812 6688 3247 105 3142 714 448 266 328 4237 222 204 124 1050 267 783 105 81 138 2433 1936 3441 448 343 222 195
is_linear=0
shrinkage=0.05


Tree=72
num_leaves=48
num_cat=0
split_feature=10 4 7 0 14 5 4 0 2 3 7 7 9 5 5 8 2 8 0 0 0 7 7 0 7 12 14 0 5 3 12 5 5 5 0 3 3 14 7 7 12 7 12 0 7 6 5
split_gain=36.9455 3.75333 4.83479 5.49829 4.49274 4.19398 4.17423 4.17102 4.36196 5.46334 5.92498 5.23557 4.62996 4.67 4.11912 4.04005 3.99395 3.94767 3.93306 3.90675 4.86217 5.86539 5.14315 4.74047 4.53296 6.85907 7.58989 4.37725 3.86749 4.87618 4.79862 4.5879 3.86261 12.4385 7.49275 5.87551 7.29579 5.38339 9.97614 5.80836 8.32901 9.69046 6.50861 6.17558 5.13439 4.9311 4.84152
threshold=-1.0000000180025095e-35 10.500000000000002 3067.5000000000005 364.50000000000006 4.5000000000000009 1.0000000180025095e-35 6.5000000000000009 618.50000000000011 17.500000000000004 936.50000000000011 3020.5000000000005 4151.5000000000009 9.5000000000000018 25.500000000000004 40.500000000000007 9.5000000000000018 19.500000000000004 8.5000000000000018 625.50000000000011 552.50000000000011 50.500000000000007 934.50000000000011 3594.5000000000005 532.50000000000011 3342.5000000000005 127121.00000000001 5.5000000000000009 349.50000000000006 41.500000000000007 1226.5000000000002 856786.00000000012 24.500000000000004 33.500000000000007 13.500000000000002 377.50000000000006 1305.5000000000002 1282.5000000000002 1.5000000000000002 1204.5000000000002 4436.5000000000009 402392.50000000006 1473.5000000000002 240.50000000000003 309.50000000000006 969.50000000000011 1.5000000000000002 30.500000000000004
decision_type=2 2 2 2 2 2 2 2 2 2 2 2 2 2 2 2 2 2 2 2 2 2 2 2 2 2 2 2 2 2 2 2 2 2 2 2 2 2 2 2 2 2 2 2 2 2 2
left_child=1 5 3 -3 -5 16 7 8 9 -7 -11 12 -10 -14 -4 18 17 -1 32 20 22 27 -18 -23 25 26 -21 -22 30 -30 31 -17 33 -8 37 36 -34 38 -35 40 42 -42 43 46 -38 -41 -39
right_child=-2 2 14 4 -6 6 15 -9 11 10 -12 -13 13 -15 -16 28 19 -19 -20 24 21 23 -24 -25 -26 -27 -28 -29 29 -31 -32 -33 35 34 -36 -37 44 39 -40 45 41 -43 -44 -45 -46 -47 -48
leaf_value=0.012380283917214019 0.050859617194361662 0.035517571189823009 -0.046490342409150995 -0.050711192801174657 0.011493649236175039 -0.040674673120588346 0.0011217991895256371 -0.046735254369057906 -0.022196325876193707 -0.03370044013908801 0.062291968955878324 -0.0351846345095004 0.053881636716290295 0.006439789711910714 -0.0013610179427605302 0.0038679093610799898 0.043770109539007174 0.056761930917788785 0.032612625331070448 0.062828092796408302 -0.0374445113572133 0.0027656911441653509 0.0016644404239259253 -0.033088870326386063 -0.00067966995701360014 -0.0035257270057216469 0.0034476021073154839 -0.0037303045185841308 -0.0010097449246308698 0.051929393979958993 -0.038294925018217352 -0.015794336711419842 0.00059240464973637217 0.050764352639535673 -0.0019083426790819091 -0.0077305334014007342 0.033798491570205084 -0.007551983861647054 -0.0069165738818545448 0.049380553194259019 0.040470275015261459 -0.016120830258424031 -0.048189698116333661 -0.035372422818160131 0.0079349610354777205 -0.0087454334787745829 -0.064833779287447893
leaf_weight=61.996715247631073 35.541894631460309 7.8142525106668499 14.718757577240469 5.6445403099060041 5.9757210090756416 17.244379088282589 1143.4787778928876 7.5217700377106658 11.452724229544399 3.2818035483360282 3.1508920416235924 9.2567738592624647 6.1683124750852576 32.612786814570427 7.7020639777183524 46.678673453629017 12.120841428637506 5.4509459584951392 9.186321556568144 14.967468097805977 19.223283648490906 175.70271696895361 18.056774526834488 9.7292426079511625 31.548570036888123 13.275782242417334 8.4021708071231842 19.286963254213333 67.905979171395302 4.6474620476365081 15.254838712513445 81.411194488406181 4948.9216002598405 8.7046089470386487 333.70928969979286 205.25319651514292 23.456564486026764 59.351321540772915 53.994923688471317 3.7555690407752982 10.567388594150541 26.621770262718201 28.072662889957428 44.802769109606743 105.47324366867542 128.26979406923056 3.9332921952009192
leaf_count=268 2139 42 94 32 38 113 5290 58 75 21 20 64 35 192 42 311 51 25 41 66 91 760 76 41 132 57 35 88 382 26 137 567 23304 44 1771 994 103 320 277 20 57 153 134 249 485 656 24
internal_value=-3.49897e-06 -0.000233035 -0.015166 0.00308651 -0.0187223 -0.000153251 -0.00041797 -0.0110795 -0.00785472 -0.0260054 0.013319 -0.000630795 0.00573657 0.0139856 -0.0309874 -0.000286483 0.00490269 0.0159671 -8.26534e-05 0.00258735 -0.000264277 -0.00280315 0.0185762 0.000884474 0.0132137 0.0251747 0.0414788 -0.0205595 -0.00702506 0.00238131 -0.0117861 -0.008629 -0.000124788 -0.00209418 -0.00733425 0.000563072 0.00089831 -0.0122536 0.0010913 -0.0149936 -0.0210115 -4.03321e-05 -0.0267393 -0.0211682 0.0126404 -0.00709199 -0.0111122
internal_weight=7911.3 7875.76 41.8553 19.4345 11.6203 7833.9 7444.14 90.6894 83.1677 23.6771 6.4327 59.4906 50.2338 38.7811 22.4208 7353.45 389.761 67.4477 7137.55 322.314 254.12 223.942 30.1776 185.432 68.194 36.6454 23.3696 38.5102 215.898 72.5534 143.345 128.09 7128.37 1845.26 701.783 5283.1 5077.85 368.074 62.6995 305.375 173.349 37.1892 136.16 108.087 128.93 132.025 63.2846
internal_count=40000 37861 248 112 70 37613 35923 578 520 154 41 366 302 227 136 35345 1690 293 33922 1397 1107 980 127 801 290 158 101 179 1423 408 1015 878 33881 8995 3705 24886 23892 1934 321 1613 937 210 727 593 588 676 344
is_linear=0
shrinkage=0.05


Tree=73
num_leaves=48
num_cat=0
split_feature=10 5 7 1 1 5 5 0 9 4 0 14 14 6 6 3 14 8 14 14 12 8 0 4 1 7 3 9 6 7 1 5 5 5 9 12 5 12 12 7 6 7 7 0 0 12 2
split_gain=35.1063 3.76806 3.67405 3.73514 6.05051 4.55246 8.18381 5.17046 6.37772 7.30392 8.06285 7.18895 5.87604 5.87355 6.42195 5.53145 5.51072 5.34168 7.98065 5.02039 5.2923 4.88687 5.79818 5.05955 4.85848 4.54201 4.72882 4.67223 4.53301 4.5001 4.91658 4.40335 4.37517 4.36216 8.57467 7.08169 6.59465 5.82974 6.69563 5.13147 5.27499 4.75629 4.63171 4.56869 5.473 8.48113 4.99336
threshold=-1.0000000180025095e-35 46.500000000000007 4852.5000000000009 4.5000000000000009 1.5000000000000002 42.500000000000007 41.500000000000007 441.50000000000006 22.500000000000004 7.5000000000000009 410.50000000000006 1.0000000180025095e-35 4.5000000000000009 13.500000000000002 7.5000000000000009 124.50000000000001 5.5000000000000009 5.5000000000000009 5.5000000000000009 1.0000000180025095e-35 134215.50000000003 9.5000000000000018 50.500000000000007 2.5000000000000004 3.5000000000000004 3964.5000000000005 448.50000000000006 12.500000000000002 1.5000000000000002 1851.5000000000002 2.5000000000000004 43.500000000000007 1.5000000000000002 35.500000000000007 26.500000000000004 2285137.0000000005 13.500000000000002 663551.50000000012 38713.500000000007 532.50000000000011 25.500000000000004 735.50000000000011 674.50000000000011 469.50000000000006 513.50000000000011 250705.00000000003 12.500000000000002
decision_type=2 2 2 2 2 2 2 2 2 2 2 2 2 2 2 2 2 2 2 2 2 2 2 2 2 2 2 2 2 2 2 2 2 2 2 2 2 2 2 2 2 2 2 2 2 2 2
left_child=1 2 3 4 28 6 21 8 9 11 13 -7 -12 14 15 -11 31 18 -13 -8 -21 23 -23 29 -18 27 -27 -16 -1 -6 -31 -10 -24 36 35 43 41 38 -36 -38 -41 -25 -40 -35 45 -45 -46
right_child=-2 -3 -4 -5 5 7 19 -9 16 10 12 17 -14 -15 25 -17 24 -19 -20 20 -22 22 32 33 -26 26 -28 -29 -30 30 -32 -33 -34 34 37 -37 39 -39 42 40 -42 -43 -44 44 46 -47 -48
leaf_value=0.048723949972215491 0.050816989173496641 -0.013484825033841467 0.034727419426756154 0.00074907592493866188 -0.014938547524374289 0.076838837514777866 0.060688120038569209 -0.013947709871017162 -0.043233676425349719 0.042005766195026328 0.067129132092983032 -0.020660114985780492 -0.0023488379152902857 -0.027417086198352144 0.046435683681765184 -0.01881527000334102 -0.025345635644388999 0.054812296265137866 0.035387015656603196 0.021657546066423786 -0.0056878938300457304 0.044092050783411274 0.01398445828200983 -0.01742827613827223 0.029917104502076849 -0.064425246553289989 0.014650610410000105 0.0064778625349405546 0.00072118588750363227 0.080189955423276463 0.01342105850611762 0.0051227310467564964 -0.039201572448023456 -0.0054321333243274768 0.049911563026470186 0.044187659952307626 0.0099541318873392973 0.044576509806400669 -0.034361229918240005 -0.015226389288528295 0.043246072350647501 0.00050229043219251622 0.0083998291936666549 0.011834134890209966 -0.046572907259718237 0.08793988928770069 0.0037289652030331405
leaf_weight=4.9345514476299277 33.836139952763915 53.192897088825703 7.5513703227043143 4595.0520385503769 4.8375040739774731 5.0496594607830039 5.2880000174045554 196.0119786709547 22.027735352516178 4.0895197391510001 6.5350284203886968 15.157560184597969 5.6954055577516556 28.918755441904068 12.286091417074205 43.524922385811806 7.5132035464048359 6.0955557450652114 10.932399719953537 42.338882014155388 30.396152578294277 2.9157283753156689 4.6656773462891605 41.714572727680206 8.4505802989006042 3.3991902470588675 4.2600584328174591 18.083870783448219 1471.5437767580152 4.9202300086617452 6.2713282555341721 5.9874016568064681 22.579516433179379 393.14143851399422 8.6983113437890989 8.1026224046945554 24.186625823378563 14.232903987169264 7.3099697083234778 229.11277278512716 3.923127368092536 326.1685701534152 47.365161508321762 15.955678135156633 5.2506275177001944 4.7505573481321326 81.712650738656521
leaf_count=24 2139 294 36 21034 27 27 25 1165 129 22 35 80 29 164 63 254 45 34 59 202 158 24 33 218 45 20 23 97 6771 27 31 33 229 2137 36 44 151 66 35 1463 19 1650 229 85 27 24 438
internal_value=-3.74789e-06 -0.000222186 -0.00013196 -0.000165659 -0.0014725 -0.00347026 -0.00206369 -0.00812089 -0.00263009 0.00190334 -0.00381432 0.0213731 0.034775 -0.00793403 -0.0013553 -0.0135915 -0.0195384 0.0126709 0.00282515 0.0136496 0.0102298 -0.0030384 -0.0229219 -0.0025499 0.00390822 0.013965 -0.0204434 0.0226427 0.000881616 0.0253574 0.0427752 -0.0328989 -0.0300936 -0.0029191 0.000178119 -0.00218271 -0.00582514 0.0156595 0.00916513 -0.0119669 -0.014242 -0.00153087 0.00268275 -0.00293293 0.00619258 0.0292948 0.000691863
internal_weight=7905.97 7872.13 7818.94 7811.39 3216.34 1739.86 1335.84 404.019 208.007 164.028 126.793 37.2352 12.2304 114.562 85.6437 47.6144 43.9789 32.1855 26.09 78.023 72.735 1257.82 30.1609 1227.65 15.9638 38.0292 7.65925 30.37 1476.48 16.0291 11.1916 28.0151 27.2452 1211.63 586.52 508.914 625.106 77.6063 63.3734 257.223 233.036 367.883 54.6751 500.811 107.67 20.7062 86.9633
internal_count=40000 37861 37567 37531 16497 9702 7378 2324 1159 907 707 200 64 643 479 276 252 173 139 385 360 6993 286 6707 90 203 43 160 6795 85 58 162 262 6622 3121 2755 3501 366 300 1633 1482 1868 264 2711 574 109 465
is_linear=0
shrinkage=0.05


Tree=74
num_leaves=48
num_cat=0
split_feature=10 12 4 0 12 0 5 12 12 12 7 0 12 0 7 7 5 7 5 5 0 2 7 0 6 0 3 7 7 8 3 7 6 7 8 7 6 14 1 2 7 14 3 9 6 12 12
split_gain=33.3607 3.4573 6.57027 6.49975 4.2128 4.90316 4.51506 4.12434 11.0483 6.77111 4.11172 5.99748 4.92713 4.23592 5.02435 4.00991 4.29907 4.33675 3.94082 7.65345 4.99727 4.84976 7.88305 6.31863 4.80867 4.07822 4.02964 5.39246 5.79004 4.42425 6.13736 4.79501 4.2015 3.99096 10.0347 5.98339 4.23171 4.11334 3.83051 4.29954 3.82293 3.82261 7.60239 7.47402 6.54022 4.7658 10.5058
threshold=-1.0000000180025095e-35 1728572.5000000002 8.5000000000000018 139.50000000000003 1807649.5000000002 201.50000000000003 35.500000000000007 1.0000000180025095e-35 1.5000000000000002 120751.50000000001 2152.5000000000005 129.50000000000003 1819251.5000000002 55.500000000000007 728.50000000000011 315.50000000000006 7.5000000000000009 366.50000000000006 41.500000000000007 42.500000000000007 507.50000000000006 19.500000000000004 3371.5000000000005 442.50000000000006 23.500000000000004 39.500000000000007 1226.5000000000002 1824.5000000000002 2501.5000000000005 8.5000000000000018 73.500000000000014 2265.5000000000005 17.500000000000004 4151.5000000000009 7.5000000000000009 4250.5000000000009 4.5000000000000009 3.5000000000000004 3.5000000000000004 48.500000000000007 511.50000000000006 5.5000000000000009 49.500000000000007 18.500000000000004 1.5000000000000002 84515.500000000015 71022.500000000015
decision_type=2 2 2 2 2 2 2 2 2 2 2 2 2 2 2 2 2 2 2 2 2 2 2 2 2 2 2 2 2 2 2 2 2 2 2 2 2 2 2 2 2 2 2 2 2 2 2
left_child=1 7 -3 10 6 -6 -5 18 38 41 12 -12 -4 -14 -15 -7 -17 -18 -1 20 -20 22 24 33 26 -23 29 -28 -29 30 -21 -31 -32 36 35 37 -24 -35 -9 -40 -19 44 43 -43 -10 46 -44
right_child=-2 2 3 4 5 15 -8 8 9 -11 11 -13 13 14 -16 16 17 40 19 21 -22 25 23 -25 -26 -27 27 28 -30 31 32 -33 -34 34 -36 -37 -38 -39 39 -41 -42 42 45 -45 -46 -47 -48
leaf_value=-0.0021868349895572104 0.050776512400097257 -0.051719362299332952 0.034453691559803823 0.0033229522591703407 -0.02987313809667716 0.0356820704436576 -0.039296226249140316 0.068568532179432332 -0.024506807465194375 -0.00052710668620715062 0.01107230014519358 0.068935388292372696 -0.043688391134332712 0.035040490219136404 -0.021166101574391877 -0.02263036571560054 -0.053659798497712491 0.050131974540602364 0.020105986809161883 0.054821081280187069 -0.014775201234925621 -0.023930616356928152 0.0050007539338214266 -0.046603803334450827 -0.03960621340738199 -0.0020580408529810661 0.0038109975084032535 0.099444279377748329 0.027396883458273919 0.047429268625213274 0.0037476574475583634 -0.010738631104541083 0.037650085439887862 0.0055939815494105705 -0.050916613345860701 0.0024778163608723024 -0.016140676560085186 0.052108104773202914 0.046825171234167219 -0.0048071564371599757 -0.00076939822749930078 -0.056829574878650424 0.0037508219272449025 0.014726452794178932 0.0068102274023286854 0.014766959930753991 -0.018034088832461267
leaf_weight=2717.9849608764052 32.210943765006959 7.5053560696542254 6.1104544699192038 8.8856659755110758 19.297051340341568 6.3728170394897452 20.670542567968369 6.4547280222177532 17.043310776352882 2438.3615569658577 42.293474964797497 5.0085471272468558 8.7910986989736575 6.1888945996761349 11.119795262813566 27.638946332037449 3.7631919234991065 3.8102901428937903 76.44675986468792 6.3269623816013327 11.861276119947432 22.107163690030575 36.598309978842735 8.4624390453100187 5.0842680484056464 592.00594835728407 10.955722883343698 4.2292669564485541 8.1862397938966733 13.15969640016556 251.07023449987173 4.8481860011816016 9.4838673025369626 7.5037540644407299 6.8620831519365302 45.247521921992302 67.001788511872292 12.965387165546415 8.7489325553178805 7.4784501045942298 115.62582278251648 11.006270051002504 271.00358553975821 5.4593289047479621 763.90627180039883 58.353975355625153 69.544127963483334
leaf_count=13631 2139 66 30 48 109 32 111 28 75 11642 210 25 42 32 57 146 21 21 338 31 56 118 168 43 27 2940 53 19 38 61 1187 24 44 35 34 213 328 60 49 41 617 47 1146 23 3250 249 296
internal_value=-4.22093e-06 -0.000212091 -0.00554055 -0.0043269 -0.00901259 -0.00608711 -0.0264834 -5.94986e-06 0.0012016 0.000984508 0.00781653 0.0171991 -0.00596214 -0.0154243 -0.00106887 -0.00316747 -0.00480884 -0.000810695 -0.00113306 0.00125293 0.0154208 0.000127907 0.0037946 -0.00440052 0.00862365 -0.00284542 0.00941913 0.0293783 0.0519394 0.00778176 0.00616321 0.031769 0.00498167 -0.00237336 0.00661762 0.0126253 -0.00867214 0.0350566 0.0359892 0.0230302 0.000854474 0.00406552 0.000190065 -0.0331045 0.00612677 0.00156438 -0.000697931
internal_weight=7901.05 7868.83 293.082 285.577 206.064 176.508 29.5562 7575.75 3657.36 3634.68 79.5123 47.302 32.2102 26.0998 17.3087 157.211 150.838 123.199 3918.39 1200.41 88.308 1112.1 497.986 184.641 313.344 614.113 308.26 23.3712 12.4155 284.889 266.881 18.0079 260.554 176.179 72.5787 65.7167 103.6 20.4691 22.6821 16.2274 119.436 1196.32 415.367 16.4656 780.95 398.902 340.548
internal_count=40000 37861 1567 1501 1105 946 159 36294 16846 16728 396 235 161 131 89 837 805 659 19448 5817 394 5423 2365 881 1484 3058 1457 110 57 1347 1262 85 1231 838 342 308 496 95 118 90 638 5086 1761 70 3325 1691 1442
is_linear=0
shrinkage=0.05


Tree=75
num_leaves=48
num_cat=0
split_feature=10 4 8 7 1 0 5 4 0 6 6 7 7 7 7 7 3 3 0 12 9 6 6 7 5 0 7 3 3 7 12 14 3 0 5 0 3 0 14 2 14 0 7 0 5 7 7
split_gain=31.703 3.48337 4.54433 5.70437 5.98485 7.12879 3.75159 3.87741 3.96994 3.60736 5.5249 5.49416 6.94144 5.0175 4.68261 8.0888 10.2107 7.13751 5.37493 7.60064 4.30504 4.01321 6.39726 5.55904 7.09977 6.31248 5.59298 4.81326 11.2671 6.90007 11.1437 5.41316 5.17954 7.35563 5.01704 4.57371 5.08141 4.46697 4.38634 7.11899 6.671 5.63883 12.705 8.20646 8.12489 4.7372 7.21603
threshold=-1.0000000180025095e-35 10.500000000000002 4.5000000000000009 3067.5000000000005 2.5000000000000004 364.50000000000006 1.0000000180025095e-35 6.5000000000000009 620.50000000000011 25.500000000000004 21.500000000000004 4538.5000000000009 3269.5000000000005 479.50000000000006 4291.5000000000009 3834.5000000000005 515.50000000000011 1221.5000000000002 104.50000000000001 -1.0000000180025095e-35 26.500000000000004 7.5000000000000009 4.5000000000000009 3099.5000000000005 34.500000000000007 165.50000000000003 4151.5000000000009 283.50000000000006 304.50000000000006 1497.5000000000002 1596623.5000000002 5.5000000000000009 352.50000000000006 70.500000000000014 9.5000000000000018 595.50000000000011 91.500000000000014 615.50000000000011 1.5000000000000002 41.500000000000007 4.5000000000000009 606.50000000000011 2527.5000000000005 559.50000000000011 13.500000000000002 4454.5000000000009 4403.5000000000009
decision_type=2 2 2 2 2 2 2 2 2 2 2 2 2 2 2 2 2 2 2 2 2 2 2 2 2 2 2 2 2 2 2 2 2 2 2 2 2 2 2 2 2 2 2 2 2 2 2
left_child=1 6 3 4 5 -3 -1 8 -8 10 21 12 -11 -12 15 18 -17 -18 19 -15 -16 22 27 -24 -25 -26 -27 29 31 30 -9 -29 33 -30 37 -31 -37 -34 39 -23 41 43 -43 -40 -45 46 -42
right_child=-2 2 -4 -5 -6 -7 7 9 -10 11 13 -13 -14 14 20 16 17 -19 -20 -21 -22 38 23 24 25 26 -28 28 32 35 -32 -33 34 -35 -36 36 -38 -39 40 -41 45 42 -44 44 -46 -47 -48
leaf_value=0.004660528279613262 0.050738069219834571 0.04362253382406249 -0.049287565252489902 -0.025349273787949544 0.073020646423978514 -0.035325227402594681 -0.0083920037145055488 0.013250911444655459 -0.058586632766457591 0.016690711916213633 -0.030999760721179721 0.052286870973586613 -0.028478643862860916 -0.014730749079978026 -0.022440037448047866 -0.030478628946097455 0.050934894882786311 -0.021250010180139473 -0.0099182332965298148 0.056724462556013322 0.019551130188416838 0.0041094538779059796 -0.0024548318390052288 -0.04209530311952895 -0.04553206820364817 -0.016549845656737561 0.0072009224426734589 -0.040255954012046125 0.070895555216486758 -0.0014647711177841337 -0.042391206116860307 -0.00080851772480255166 0.0028743381955451059 0.007952735374429986 -0.0025793774876048552 -0.019654753234646417 0.049617414273154435 0.038193616619665499 0.005898620996518323 -0.0080739038038357604 -0.00029848776402527079 0.066529195123247842 -0.006044238600692203 -0.061613932032137275 -0.006055226429244373 0.0053722410925723559 -0.024360954633341703
leaf_weight=389.08229080587626 30.662626661360264 5.0260399580001813 7.7114605829119673 18.547248311340809 3.5295309126377097 6.6331059411168098 85.760549582540989 198.80698522180319 4.1288650557398787 36.741025656461716 21.124685995280743 7.4910917133092871 11.067710235714911 7.2573684006929398 52.543580733239651 7.0868258029222515 19.1768171787262 4.1689379438757888 121.02931229025126 7.6385407447814924 6.9060615301132193 197.43148243427277 187.9346659630537 21.498129695653915 11.71992467343807 60.346093200147152 42.065796039998531 27.620932593941689 5.0536475926637641 386.45354845374823 9.424885690212248 12.693239487707613 365.26392541080713 56.927213162183762 1948.4209812432528 3.7651795446872702 8.9167341589927656 9.1771066039800626 812.02197703719139 305.33121079951525 1885.7311178445816 11.747136265039446 12.39250076562166 8.0946959555149061 35.175997376441956 386.42289359867573 31.680607885122299
leaf_count=1690 2139 27 45 115 20 41 543 934 35 160 115 33 49 38 282 36 96 23 622 35 33 939 1054 141 75 336 232 153 25 1870 51 67 1711 275 9969 19 45 42 3666 1388 8574 56 65 37 165 1780 154
internal_value=-4.30779e-06 -0.000202139 -0.014659 -0.00674349 0.0159765 -0.00129232 -0.000125547 -0.000376034 -0.0106976 -0.000249706 -0.000346225 0.0124725 0.00623402 -0.00769745 -0.00551748 -0.00121322 0.0220876 0.0380446 -0.00643009 0.0219111 -0.0175621 -8.84543e-05 -0.00133937 -0.00802238 -0.015737 -0.0107721 -0.00679419 -0.000626303 -0.00162318 0.00335414 0.0107325 -0.0278356 -0.00118008 0.0130848 -0.00156071 -0.000495181 0.0290509 0.00373997 0.00105049 -0.00328958 0.00173596 0.00544066 0.0292724 0.00476803 -0.0164487 0.000321776 -0.000696062
internal_weight=7895.43 7864.77 41.4474 33.7359 15.1887 11.6591 7823.32 7434.24 89.8894 7344.35 7289.05 55.2998 47.8087 246.932 225.807 166.358 30.4326 23.3458 135.925 14.8959 59.4496 7042.12 3356.09 323.565 135.63 114.132 102.412 3032.52 2425.16 607.367 208.232 40.3142 2384.84 61.9809 2322.86 399.135 12.6819 374.441 3686.03 502.763 3183.27 879.432 24.1396 855.293 43.2707 2303.83 1917.41
internal_count=40000 37861 248 203 88 68 37613 35923 578 35345 35103 242 209 1280 1165 850 155 119 695 73 315 33823 16999 1838 784 643 568 15161 12242 2919 985 220 12022 300 11722 1934 64 1753 16824 2327 14497 3989 121 3868 202 10508 8728
is_linear=0
shrinkage=0.05


Tree=76
num_leaves=48
num_cat=0
split_feature=10 5 4 1 3 12 0 3 7 0 6 14 7 3 0 5 0 1 3 7 5 3 3 3 3 7 3 1 7 3 1 7 6 12 0 0 7 3 12 3 7 7 3 0 8 2 0
split_gain=30.1295 3.39954 3.46252 9.12511 7.69402 9.45299 5.38089 8.97258 5.45573 5.5908 5.30888 4.47317 5.73588 7.44507 5.59216 6.10754 8.50065 5.69081 5.28466 4.99988 7.00312 7.68372 5.18175 7.24971 5.30714 4.94624 6.86276 6.67916 5.53508 5.51909 5.78319 6.18322 5.95413 4.88447 8.38749 5.15556 4.91456 7.01586 5.49665 4.74552 11.9892 4.73793 5.4835 4.69046 4.58611 8.88037 4.54285
threshold=-1.0000000180025095e-35 46.500000000000007 8.5000000000000018 2.5000000000000004 739.50000000000011 764489.00000000012 425.50000000000006 25.500000000000004 313.50000000000006 460.50000000000006 24.500000000000004 5.5000000000000009 4245.5000000000009 13.500000000000002 47.500000000000007 33.500000000000007 587.50000000000011 6.5000000000000009 400.50000000000006 3695.5000000000005 11.500000000000002 968.50000000000011 998.50000000000011 1137.5000000000002 1140.5000000000002 2394.5000000000005 754.50000000000011 6.5000000000000009 73.500000000000014 26.500000000000004 1.5000000000000002 313.50000000000006 10.500000000000002 83471.500000000015 552.50000000000011 38.500000000000007 4610.5000000000009 95.500000000000014 86928.000000000015 430.50000000000006 4081.5000000000005 2959.5000000000005 95.500000000000014 31.500000000000004 1.0000000180025095e-35 48.500000000000007 590.50000000000011
decision_type=2 2 2 2 2 2 2 2 2 2 2 2 2 2 2 2 2 2 2 2 2 2 2 2 2 2 2 2 2 2 2 2 2 2 2 2 2 2 2 2 2 2 2 2 2 2 2
left_child=1 2 3 4 5 -1 7 -5 -8 -10 -9 19 46 -14 43 17 44 18 -16 20 21 25 33 -24 -25 26 28 41 -4 -30 -31 32 -32 35 36 -21 38 -38 -35 -36 -41 -27 -43 -15 45 -17 -13
right_child=-2 -3 11 6 -6 -7 8 10 9 -11 -12 12 13 14 15 16 -18 -19 -20 22 -22 -23 23 24 -26 27 -28 -29 29 30 31 -33 -34 34 39 -37 37 -39 -40 40 -42 42 -44 -45 -46 -47 -48
leaf_value=0.0035653281132752737 0.050701556049816965 -0.012839550970691373 -0.05099349147368118 0.072463690354233473 -0.024690376086943175 -0.052268805041697654 -0.049931061152386325 0.003499216936534709 -0.018107846712710408 0.003196317107726979 0.06314782037441044 -0.0032907709961615635 -0.041205576054975879 0.0095720818389441412 -0.020892492699857598 -0.020197959279110514 0.058414383062646881 -0.024612314847762027 0.0027274827213326744 -0.022313224519388341 0.0010664286604097392 -0.0016177852796608909 0.012392570430094773 -0.034011031253788279 0.00010901421914359809 0.024466831195915407 0.023680248879854898 0.055701165296681156 0.031494271997343601 0.014678725175977887 0.0036239901623880927 -0.010599886239429404 0.064863766778352372 -0.068049277658972271 0.036379967830935937 -7.248286171388585e-05 0.034304280905088518 -0.0076942077449891205 -0.01571890092906434 -0.069437754772405907 0.022360032627841583 -0.014847230558223901 0.013722772819210548 0.047636933788045427 0.0041139221328767546 0.06409461493528508 0.0079628447429663119
leaf_weight=68.136531606316566 29.187668602913618 52.782219618558884 4.8221253901720038 5.0928067415952674 81.83993436768651 8.5296973586082441 6.7927108258008948 148.55093786120415 46.592832505702972 90.827249027788639 3.8263707011938086 1926.3398809060454 9.4117264747619611 23.318053737282753 28.04619649797678 4.8749496489763233 7.7532367259263983 29.577911242842674 152.14470779895782 27.128271915018559 2683.7966075465083 178.56253291666508 143.06900644302368 11.837971433997152 305.78493602573872 71.092789858579636 44.573791392147541 10.501434326171873 15.842385381460188 51.334937050938606 15.359774097800257 98.716161102056503 5.3521270453929892 5.2037859112024298 14.899362042546271 659.57688561081886 10.717356711626051 137.77389995753765 140.55195636302233 4.809656091034415 13.655134558677672 21.418192856013775 77.805243961513042 12.39481472969055 297.41664174944162 8.7023149579763412 94.056387573480606
leaf_count=402 2139 294 22 25 516 78 41 788 267 478 18 9134 47 107 138 22 36 147 751 133 12808 822 688 57 1455 317 200 47 75 218 70 457 24 22 69 3193 50 657 684 26 65 93 348 57 1424 39 452
internal_value=-4.70191e-06 -0.000192968 -0.000107482 -0.00431482 -0.0140283 -0.00264664 0.000788683 0.00717903 -0.00618912 -0.00402695 0.00499706 0.000156007 -0.00151407 0.00289838 0.00363407 0.00234012 0.00670047 -0.0042855 -0.000948899 0.00106726 0.00215475 0.00706056 -0.00135041 0.00304695 -0.00116266 0.0107783 0.00601073 0.0170009 0.00189639 0.00326313 0.000644016 -0.00538866 0.0194489 -0.00334765 -0.00837105 -0.000951103 -0.011065 -0.00466297 -0.0175872 0.0153876 -0.00155119 0.0146147 0.0075557 0.0227832 0.00541122 0.0338292 -0.00276688
internal_weight=7890.38 7861.19 7808.41 460.189 158.506 76.6662 301.683 157.47 144.213 137.42 152.377 7348.22 2594.04 573.641 564.229 528.516 318.747 209.769 180.191 4754.19 3279.18 595.381 1475.01 460.692 317.623 416.819 236.001 180.818 191.428 186.605 170.763 119.428 20.7119 1014.32 327.611 686.705 294.247 148.491 145.756 33.3642 18.4648 170.316 99.2234 35.7129 310.994 13.5773 2020.4
internal_count=40000 37861 37567 2613 996 480 1617 831 786 745 806 34954 12354 2768 2721 2557 1521 1036 889 22600 15501 2693 7099 2200 1512 1871 1066 805 866 844 769 551 94 4899 1573 3326 1413 707 706 160 91 758 441 164 1485 61 9586
is_linear=0
shrinkage=0.05


Tree=77
num_leaves=48
num_cat=0
split_feature=10 7 4 8 7 1 0 5 3 3 0 8 9 6 12 12 12 0 4 8 0 3 12 5 3 7 2 12 7 2 2 7 0 3 9 0 7 3 0 1 7 5 12 7 12 6 3
split_gain=28.6352 3.3575 3.18636 4.22729 5.13995 5.19851 6.48135 3.52613 3.3329 4.75618 3.95466 8.70321 5.10765 5.04005 3.6906 6.23096 8.38344 5.74684 7.12272 5.43515 6.90985 5.34622 5.3133 6.15791 5.15971 4.68273 7.03885 9.91317 6.49094 5.34379 4.99662 4.56286 4.69609 10.0687 5.8068 8.45189 7.40787 4.89655 4.29234 4.59067 5.71463 7.49731 5.74307 4.17921 4.96447 4.93104 4.58141
threshold=-1.0000000180025095e-35 4852.5000000000009 10.500000000000002 4.5000000000000009 3067.5000000000005 2.5000000000000004 364.50000000000006 40.500000000000007 1315.5000000000002 1292.5000000000002 296.50000000000006 4.5000000000000009 17.500000000000004 7.5000000000000009 684837.00000000012 1.0000000180025095e-35 557.00000000000011 151.50000000000003 7.5000000000000009 4.5000000000000009 559.50000000000011 1197.5000000000002 677152.00000000012 41.500000000000007 1282.5000000000002 1306.5000000000002 22.500000000000004 1023923.0000000001 1440.5000000000002 18.500000000000004 12.500000000000002 3548.5000000000005 201.50000000000003 551.50000000000011 12.500000000000002 441.50000000000006 4403.5000000000009 704.50000000000011 208.50000000000003 4.5000000000000009 4097.5000000000009 42.500000000000007 1307465.5000000002 1144.5000000000002 284.50000000000006 4.5000000000000009 264.50000000000006
decision_type=2 2 2 2 2 2 2 2 2 2 2 2 2 2 2 2 2 2 2 2 2 2 2 2 2 2 2 2 2 2 2 2 2 2 2 2 2 2 2 2 2 2 2 2 2 2 2
left_child=1 2 8 4 5 6 -4 -6 9 14 11 12 -11 -12 15 -1 19 21 -19 20 31 25 -18 -24 -23 26 27 -16 -27 30 -29 43 33 -33 35 -34 -37 -36 39 -20 41 42 -41 44 45 -17 -47
right_child=-2 -3 3 -5 7 -7 -8 -9 -10 10 13 -13 -14 -15 17 16 22 18 38 -21 -22 24 23 -25 -26 28 -28 29 -30 -31 -32 32 34 -35 37 36 -38 -39 -40 40 -42 -43 -44 -45 -46 46 -48
leaf_value=-0.00098095069993302838 0.050666872549509578 0.033018954391428566 0.040752741426128253 -0.047977669167416304 -0.040415469799297381 0.066922913002785217 -0.03445853822739197 0.0056708925035805803 -0.0053632554811581003 -0.024870054121762488 0.0044237585343864828 0.052529169658950672 0.019743658526851254 0.024089108729423856 -0.029982210282043755 0.058256392672867009 0.0011088733365197717 -0.034173864167475441 -0.031338893447396092 0.026277000963986726 0.040404896972244309 -0.022507951987791274 0.049537526051157868 -0.020582990940100829 0.025847859967127237 0.074167800302449752 -0.014214344383704997 0.046941372565709814 0.0077546047384212313 0.084852734319232639 -0.022483161462702055 -0.057187721097416426 0.04657458659998201 0.016663672848466902 0.081498878452940654 0.017370406235701508 -0.059000219575250624 0.020173331196474211 -0.0030485416363308974 0.0023593045274139814 -0.04092162593207449 0.020902315946326942 -0.052149586113953345 -0.0077883351030519216 -0.0157008361621543 -0.022033395171251149 0.026709039568664203
leaf_weight=3662.3882489725947 27.782694973982871 7.6064195036888114 5.10478877276182 7.5231703072786322 11.935239613056185 3.6531191468238822 6.5268181636929512 6.3632276877760878 294.25680882483721 27.441797345876694 81.562658093869686 5.611536666750907 8.3728332072496396 54.254362046718597 7.3004115521907833 7.3683760017156628 2297.7586248442531 20.54767157882452 28.591431900858879 47.298080772161484 14.665519326925276 33.276394069194794 11.400433197617529 4.3164662495255461 6.6128206849098197 3.7447690814733496 59.445378310978413 7.0732369348406774 209.72406922280788 4.7433088943362227 4.0905857905745506 6.0256769210100201 10.111812561750414 19.717862337827682 7.2166025936603528 7.6589804142713529 5.4239282608032227 5.9293376952409744 681.60926296561956 11.203421249985697 9.7708253711462003 22.938356772065163 8.4972866103053075 78.144207388162613 11.666620746254919 7.1088852137327221 14.9783948212862
leaf_count=18179 2139 36 27 45 80 20 41 35 1456 131 386 28 37 234 36 33 10253 165 175 210 68 170 51 20 32 18 288 35 1028 23 22 26 44 89 32 33 23 26 3484 51 48 110 43 342 49 31 68
internal_value=-4.93363e-06 -0.000184076 -0.000216245 -0.0141005 -0.00651148 0.0148911 -0.0014504 -0.0243891 -0.000143166 6.12152e-05 0.00815463 -0.00536857 -0.0144401 0.0122794 -0.000134265 0.000341399 0.00223556 -0.00277751 -0.00512438 0.011064 0.0073931 0.00269245 0.00130705 0.0302797 -0.0144915 0.00500723 -0.00509744 0.0182552 0.00891966 0.0403933 0.0215032 0.00472349 0.015716 -0.000622398 0.0272901 0.0122433 -0.0142914 0.0538386 -0.00434168 -0.0152231 -0.00643144 0.00147206 -0.0211514 -0.000998674 0.0119036 0.0228371 0.0110211
internal_weight=7886.34 7858.56 7850.95 41.1064 33.5832 15.2847 11.6316 18.2985 7809.85 7515.59 177.243 41.4262 35.8146 135.817 7338.35 6219.18 2556.79 1119.17 783.158 243.314 196.016 336.011 2313.48 15.7169 39.8892 296.122 82.6529 23.2075 213.469 15.9071 11.1638 181.351 62.0842 25.7435 36.3407 23.1947 13.0829 13.1459 762.611 81.0013 52.4099 42.6391 19.7007 119.266 41.1223 29.4557 22.0873
internal_count=40000 37861 37825 248 203 88 68 115 37577 36121 816 196 168 620 35305 29577 11398 5728 4076 1074 864 1652 10324 71 202 1450 404 116 1046 80 57 796 273 115 158 100 56 58 3911 427 252 204 94 523 181 132 99
is_linear=0
shrinkage=0.05


Tree=78
num_leaves=48
num_cat=0
split_feature=10 5 8 3 3 2 0 0 4 3 4 0 7 0 7 0 0 7 1 6 8 8 8 12 12 7 3 3 12 14 8 8 2 7 8 5 6 6 6 6 2 7 14 2 12 7 0
split_gain=27.2158 3.02608 3.17811 5.30067 5.62012 5.4192 6.32191 9.23952 4.73083 4.70632 4.33886 4.92606 5.31489 4.26023 5.82619 4.70911 4.24161 3.77396 4.48688 3.74353 6.47306 17.3213 8.39315 7.18103 9.09045 5.84239 5.13924 5.09143 4.99087 4.97232 5.82939 5.81706 5.51685 5.28369 11.7034 4.90169 4.7255 7.49311 5.58982 6.55558 5.29177 6.46458 6.59082 5.63437 5.17159 6.33583 6.05619
threshold=-1.0000000180025095e-35 46.500000000000007 1.0000000180025095e-35 582.50000000000011 465.50000000000006 30.500000000000004 98.500000000000014 292.50000000000006 10.500000000000002 99.500000000000014 13.500000000000002 393.50000000000006 2913.5000000000005 410.50000000000006 4245.5000000000009 454.50000000000006 176.50000000000003 2346.5000000000005 4.5000000000000009 7.5000000000000009 4.5000000000000009 6.5000000000000009 3.5000000000000004 869789.50000000012 655194.50000000012 2338.5000000000005 1362.5000000000002 1319.5000000000002 803282.00000000012 1.5000000000000002 8.5000000000000018 9.5000000000000018 30.500000000000004 1238.5000000000002 9.5000000000000018 1.5000000000000002 12.500000000000002 14.500000000000002 21.500000000000004 24.500000000000004 20.500000000000004 3137.5000000000005 5.5000000000000009 12.500000000000002 511379.00000000006 2063.5000000000005 410.50000000000006
decision_type=2 2 2 2 2 2 2 2 2 2 2 2 2 2 2 2 2 2 2 2 2 2 2 2 2 2 2 2 2 2 2 2 2 2 2 2 2 2 2 2 2 2 2 2 2 2 2
left_child=1 2 3 4 9 6 -5 -8 19 -1 -10 12 -12 14 16 -15 -11 -6 -19 20 22 -22 23 24 -4 -26 29 -24 -27 32 -31 -32 35 34 -34 -23 -21 40 -39 -40 43 42 -42 -38 45 46 -44
right_child=-2 -3 8 5 17 -7 7 -9 10 13 11 -13 -14 15 -16 -17 -18 18 -20 36 21 26 27 -25 25 28 -28 -29 -30 30 31 -33 33 -35 -36 -37 37 38 39 -41 41 -43 44 -45 -46 -47 -48
leaf_value=0.03138710280467176 0.050633924790062769 -0.01215586888792311 -0.00014981413047349224 0.073455061996736848 0.059313467969024591 -0.0039941360235961985 -0.019142259947059745 0.033818543860790355 -0.057681125415305096 -0.00094177750032243537 0.038707441618921201 -0.033397419429412288 -0.016308733731206417 0.025954165341474319 0.021640722949112404 -0.011652899417145542 -0.047152312402805471 -0.016908990218126318 0.038317414947808145 0.0018367718723584726 0.010487861840484452 0.027117861012686175 -0.0071323610863081163 -0.012456663471848428 -0.00044798269406229584 0.053994618228406115 -0.048462083936290722 -0.032993163860639212 0.0026760698746601192 -0.0062417304633473353 0.007200152306831473 -0.0048731241386063837 0.03804764415523082 0.0048475689415897767 -0.040543147524980144 -0.014213544751900013 -0.047428288234588813 0.0035037150030967378 -0.0091772213219219727 0.0064685672370401286 0.0030934772227163344 -0.021631778322691187 -0.059271959957165693 0.0046553045712954396 0.013038886510460663 0.0028060934576526475 -0.0080518007071635912
leaf_weight=16.363593876361847 26.444480566307902 52.355861514806747 785.03702617436647 4.3962217420339575 9.4497023075819033 159.34722995758057 15.148667566478251 18.045405030250549 5.8197461217641822 8.6335261762142235 7.4688106030225816 13.656222790479658 10.648946352303026 23.710443988442421 8.5671399980783445 12.827606797218321 11.689062654972075 5.5540294200181988 10.88728219270706 3005.3663850128651 356.28650693595409 8.4496864825487119 677.33394451439381 112.55394081026316 14.285066045820711 17.348905131220821 5.9308589100837699 19.582759790122509 6.5175272822380057 623.52693501859903 210.95579643547535 189.29056993871927 32.381081074476242 107.59897190704942 5.5488074272871009 47.492010019719601 5.5087359845638266 574.22139047831297 233.19138443470001 93.914425112307072 87.453220583498478 103.4938465282321 17.263962954282764 90.47707948833704 9.3493833541870099 11.231793031096457 8.6690029799938184
leaf_count=76 2139 294 3733 23 42 748 75 88 38 39 39 88 67 106 40 60 54 30 48 13629 1605 37 3708 586 68 77 35 117 31 3190 960 1259 150 537 33 260 26 2626 1221 425 417 510 85 435 49 55 42
internal_value=-4.87482e-06 -0.000175358 -9.49669e-05 0.00491146 0.0138311 3.43247e-05 0.0171112 0.009649 -0.000298366 0.00740437 -0.0179909 -0.0107212 0.00637097 0.00140625 -0.0129422 0.0127513 -0.027521 0.0341336 0.0196614 -0.00020921 -0.00149446 0.000778987 -0.00370497 -0.000611137 0.00100849 0.0248428 -0.00203064 -0.00785903 0.0399804 -0.00180589 -0.00321889 0.00149028 0.00537428 0.0105041 0.0265505 -0.00797066 0.000766857 -0.00183725 0.000531828 -0.0046852 -0.00824101 -0.0122457 -0.00499459 0.00166617 -0.0202013 -0.0285634 -0.0421498
internal_weight=7881.27 7854.83 7802.47 304.62 107.682 196.938 37.5903 33.1941 7497.85 81.7914 37.5937 31.774 18.1178 65.4278 28.8897 36.5381 20.3226 25.891 16.4413 7460.26 3220.12 1587.46 1632.66 935.742 823.189 38.1515 1231.17 696.917 23.8664 1225.24 1023.77 400.246 201.471 145.529 37.9299 55.9417 4240.14 1234.77 901.327 327.106 333.447 237.461 133.967 95.9858 46.5141 37.1648 25.933
internal_count=40000 37861 37567 1429 495 934 186 163 36138 375 232 194 106 299 133 166 93 120 78 35906 16386 8066 8320 4495 3909 176 6461 3825 108 6426 5409 2219 1017 720 183 297 19520 5891 4272 1646 1619 1158 648 461 231 182 127
is_linear=0
shrinkage=0.05


Tree=79
num_leaves=48
num_cat=0
split_feature=10 7 1 1 6 2 12 12 2 0 7 8 3 0 7 3 3 3 12 12 6 2 12 9 0 0 5 0 7 14 12 7 3 14 14 7 7 1 8 14 8 5 7 6 1 8 5
split_gain=25.8682 3.02985 2.99673 4.77917 4.19909 3.92901 3.86626 3.97278 4.49082 3.85916 7.42017 3.85463 5.91862 6.40429 4.6139 3.74717 7.71716 5.70319 6.1369 6.70249 6.08881 5.97138 8.22583 5.38783 5.25001 5.26682 5.05745 4.60387 5.43378 4.46421 8.26161 5.98133 4.11875 8.548 4.60992 5.62898 12.3749 9.81111 7.18333 6.50175 4.5708 4.3201 4.19278 5.63129 4.00435 10.7577 4.44308
threshold=-1.0000000180025095e-35 4852.5000000000009 4.5000000000000009 1.5000000000000002 1.5000000000000002 1.0000000180025095e-35 2402006.5000000005 2240611.5000000005 33.500000000000007 395.50000000000006 2183.5000000000005 9.5000000000000018 1114.5000000000002 116.50000000000001 1363.5000000000002 381.50000000000006 175.50000000000003 504.50000000000006 172694.00000000003 1.0000000180025095e-35 25.500000000000004 15.500000000000002 38713.500000000007 2.5000000000000004 525.50000000000011 552.50000000000011 35.500000000000007 165.50000000000003 2988.5000000000005 1.0000000180025095e-35 869789.50000000012 2876.5000000000005 796.50000000000011 5.5000000000000009 3.5000000000000004 2569.5000000000005 4108.5000000000009 1.0000000180025095e-35 6.5000000000000009 1.0000000180025095e-35 5.5000000000000009 23.500000000000004 4245.5000000000009 11.500000000000002 1.0000000180025095e-35 1.5000000000000002 10.500000000000002
decision_type=2 2 2 2 2 2 2 2 2 2 2 2 2 2 2 2 2 2 2 2 2 2 2 2 2 2 2 2 2 2 2 2 2 2 2 2 2 2 2 2 2 2 2 2 2 2 2
left_child=1 2 3 4 -1 -6 7 -4 -9 -10 -11 -5 13 -13 -14 16 -7 26 19 20 32 22 -21 -23 29 -26 -17 28 -28 30 31 -20 33 34 35 40 37 39 -39 -37 -19 -38 -35 -44 -36 -46 -47
right_child=-2 -3 6 11 5 15 -8 8 9 10 -12 12 14 -15 -16 17 -18 18 24 21 -22 23 -24 -25 25 -27 27 -29 -30 -31 -32 -33 -34 42 44 36 41 38 -40 -41 -42 -43 43 -45 45 46 -48
leaf_value=0.04647865330830616 0.050602625382858771 0.031234165392940272 0.00068453600734112393 -0.0027681989315122631 0.026092266882256982 -0.0045639304364345733 0.034943917034717248 -0.04409979311996734 -0.019925454841622205 0.071428215111677573 -0.020536657663742863 0.021853616726146326 0.054980371615950555 -0.038026554613820443 -0.010821504405334491 0.00016159150456803435 0.0096052912193270654 -0.022203724743959555 -0.049473889857638842 0.031476919328205635 0.055319638194935697 -0.022093245982126562 -0.036561825848001411 0.025826543670833819 0.065131594875207227 0.0002182063006515839 0.046713067808956003 -0.029373201844169295 -0.029988695439492674 -0.016037766968526938 0.067439927554566431 0.030386217191818179 -0.0032263884465148981 -0.013332016806405243 0.029022097904772094 0.053875342673904841 -0.065981360061532351 0.090156931321285841 0.016710079065524241 -0.011825454954956335 0.013389894200479858 -0.0050769142325815704 -0.010326003727964793 0.055321956524120842 0.067578438392841625 0.030900552602310484 -0.010976348132989137
leaf_weight=4.994597300887107 25.16993364226073 7.6742061078548423 4575.3208484351635 1691.0271821245551 14.911636084318159 152.84663958847523 8.1890331506729108 10.259391680359839 15.082543715834619 4.0556407794356328 4.7766545712947845 5.3208846077322951 4.2027334198355657 27.767569318413734 7.2760405465960503 42.315344259142876 258.81585559248924 27.994998455047607 5.1856471598148328 7.2144460976123836 4.9410982280969611 6.4681643843650809 11.560950905084608 62.981150925159454 4.2634861916303626 11.699706330895422 4.737581253051756 45.575510337948799 4.5044646412134171 116.7366786673665 4.7508019655942908 4.2796726226806641 459.2553413361311 70.833227142691612 46.329657644033432 5.2783947438001659 4.5947402566671354 8.7980441749095899 5.3554717898368827 13.138238042593001 13.306932508945463 7.948482483625412 7.8064914941787702 5.6172351539134979 6.4778768420219413 8.0304438024759275 29.98232427239418
leaf_count=24 2139 36 21002 9347 65 708 39 51 70 20 23 38 29 267 62 192 1160 122 24 30 20 27 50 264 20 58 21 214 21 586 25 20 2158 327 210 24 21 39 25 61 60 38 37 25 29 34 138
internal_value=-5.16731e-06 -0.000167424 -0.000198151 -0.00136764 0.000710009 0.000556024 0.000618656 0.000557675 -0.0164268 -0.00455516 0.0216921 -0.00315073 -0.0176653 -0.0283974 0.0132706 0.000296919 0.00434438 -0.00127799 -0.000110762 0.00158696 4.91496e-06 0.0146 -0.0104179 0.0213635 -0.00951613 0.0175554 -0.012824 -0.0228481 0.00932953 -0.0128162 0.0136382 -0.0133657 -0.000374296 0.00463479 0.0108678 0.00260103 0.0148112 0.0310623 0.0623658 0.00700506 -0.0107359 -0.027387 -0.00847649 0.0171448 0.0187337 0.00801997 -0.00212958
internal_weight=7875.65 7850.48 7842.81 3225.13 1489.53 1484.54 4617.68 4609.5 34.1742 23.9148 8.8323 1735.59 44.5672 33.0885 11.4788 1469.63 411.662 1057.96 960.83 813.914 725.689 88.2247 18.7754 69.4493 146.916 15.9632 97.1329 54.8176 9.24205 130.953 14.2161 9.46532 720.748 261.493 177.236 86.4153 45.1134 32.5701 14.1535 18.4166 41.3019 12.5432 84.257 13.4237 90.8203 44.4906 38.0128
internal_count=40000 37861 37825 16620 6877 6853 21205 21166 164 113 43 9743 396 305 91 6788 1868 4920 4472 3739 3368 371 80 291 733 78 448 256 42 655 69 44 3348 1190 801 390 208 149 64 85 182 59 389 62 411 201 172
is_linear=0
shrinkage=0.05


Tree=80
num_leaves=48
num_cat=0
split_feature=10 5 4 1 3 12 0 3 7 3 5 3 3 0 7 3 14 7 6 4 9 3 7 3 14 2 2 7 5 5 1 0 0 7 8 3 0 3 3 3 0 12 1 7 5 3 0
split_gain=24.5883 2.73761 2.89531 8.29457 7.19906 8.66511 4.85686 7.81838 5.10339 5.09554 4.8168 6.47021 5.33226 5.09852 4.53557 4.53219 4.83969 5.69359 5.67103 4.32217 5.54559 5.14002 4.15425 3.80731 3.79018 5.71166 5.53442 4.85603 6.91754 5.55894 7.07969 6.94157 6.16149 6.40604 5.56189 4.98071 4.74679 4.73214 4.5673 4.48085 4.41705 5.70431 5.12837 4.33168 6.28105 6.62315 5.14935
threshold=-1.0000000180025095e-35 46.500000000000007 8.5000000000000018 2.5000000000000004 739.50000000000011 764489.00000000012 425.50000000000006 25.500000000000004 313.50000000000006 1289.5000000000002 36.500000000000007 1000.5000000000001 1169.5000000000002 282.50000000000006 1755.5000000000002 883.50000000000011 5.5000000000000009 2831.5000000000005 11.500000000000002 4.5000000000000009 15.500000000000002 1086.5000000000002 330.50000000000006 1052.5000000000002 5.5000000000000009 11.500000000000002 2.5000000000000004 4245.5000000000009 45.500000000000007 33.500000000000007 6.5000000000000009 587.50000000000011 47.500000000000007 4737.5000000000009 4.5000000000000009 211.50000000000003 15.500000000000002 26.500000000000004 400.50000000000006 441.50000000000006 590.50000000000011 1359739.0000000002 6.5000000000000009 3695.5000000000005 11.500000000000002 989.50000000000011 32.500000000000007
decision_type=2 2 2 2 2 2 2 2 2 2 2 2 2 2 2 2 2 2 2 2 2 2 2 2 2 2 2 2 2 2 2 2 2 2 2 2 2 2 2 2 2 2 2 2 2 2 2
left_child=1 2 3 4 5 -1 7 -5 -8 22 12 -12 15 -14 -13 16 -9 18 -18 21 -21 -6 -10 -17 43 26 -26 40 29 30 32 34 33 -29 36 -30 -31 -38 -34 -40 42 -42 -27 44 45 -4 -47
right_child=-2 -3 24 6 19 -7 8 10 9 -11 11 14 13 -15 -16 23 17 -19 -20 20 -22 -23 -24 -25 25 27 -28 28 35 31 -32 -33 38 -35 -36 -37 37 -39 39 -41 41 -43 -44 -45 -46 46 -48
leaf_value=0.003547286143277738 0.050572892287169359 -0.011593008383684248 0.0098805827036671286 0.067145517204493896 -0.031955138244765223 -0.051359260570872547 -0.048745408963028883 -0.011133624024165864 0.044510419450118535 0.019361422349141903 0.008490300161034435 0.0097331911474135974 -0.063681001435264895 0.0013051403585594475 0.078850903634593114 0.054051222042338455 0.088128559730381029 -0.0047509639155437723 0.0079369152236596855 -0.049539589552823546 -0.015200346523523823 0.0075718164031572284 -0.0094284844511101154 0.0081087053391897031 -0.0096792204407740688 -0.0022310806555422657 -0.050645552584191206 -0.002282765891548761 -0.050389430002477822 0.055992248100579178 -0.024231236013433379 0.054524306102625569 -0.019515010098877218 0.061137937531648617 -0.0071867349674309888 0.0064284085283993798 0.041940611575496431 0.007715580521335634 0.04325082405501926 0.00050382764953582247 0.011875418044874551 -0.035709831370076467 -0.015989328172459773 -0.0012567034307013909 0.00097739239409636806 0.05065579280591101 -0.0034899986620743569
leaf_weight=68.094513930380344 23.956103903241456 52.009893275797367 433.10361298173666 5.2197670191526404 14.746497698128222 8.033363461494444 6.5831317529082289 51.242787972092628 3.68651408702135 20.420439578592777 37.911607593297958 3.7604949027299863 6.2603850066661817 5.8277522996068001 6.4353319704532623 6.9229518175125149 4.4020908921957034 12.21711841970682 4.4166144877672195 25.053493935614824 22.153714470565319 18.59672337025404 112.63045161962509 12.935439646244047 41.44798381626606 1807.1880969330668 10.291431181132792 7.5298968106508246 10.222009785473348 5.5234815478324881 30.959807574748993 7.8886528313159934 28.477241382002831 8.4498364031314832 56.420446120202541 6.194501429796218 10.53782072663307 242.93421895056963 6.400964066386222 145.0386275947094 86.387125976383686 6.7931891232728949 70.369282193481922 1472.2920573428273 2682.159382276237 4.5171725153923026 157.20334646850824
leaf_count=402 2139 294 1940 25 108 78 41 277 23 97 196 20 35 30 31 35 24 65 23 168 129 111 625 70 201 8570 53 33 53 25 154 36 141 38 283 30 49 1145 29 719 412 35 348 7099 12808 20 733
internal_value=-5.37565e-06 -0.000159768 -8.34921e-05 -0.0039424 -0.0132714 -0.0022467 0.000915632 0.00697459 -0.00574499 -0.00367476 0.0049128 0.0179996 -0.0011277 -0.0323509 0.0533584 0.0029687 -0.00284395 0.0173495 0.0479667 -0.0236907 -0.0334246 -0.00990952 -0.00771896 0.024125 0.000157114 -0.00138191 -0.0178278 -0.00104655 0.00303296 0.00398732 -0.00201268 0.0081974 0.00149877 0.0312531 0.00703875 -0.0289501 0.0101377 0.00913845 -0.00114393 0.00231063 -0.00221939 0.00840628 -0.00274673 0.000996107 0.00200826 0.00665659 -0.0019776
internal_weight=7871.85 7847.89 7795.88 457.551 156.678 76.1279 300.873 157.552 143.321 136.737 152.333 48.1074 104.225 12.0881 10.1958 92.137 72.2786 21.0358 8.81871 80.5504 47.2072 33.3432 116.317 19.8584 7338.33 2589.05 51.7394 2537.32 566.578 550.161 226.856 323.305 195.897 15.9797 315.416 16.4165 258.996 253.472 179.917 151.44 1970.74 93.1803 1877.56 4749.28 3276.98 594.824 161.721
internal_count=40000 37861 37567 2613 996 480 1617 831 786 745 806 247 559 65 51 494 389 112 47 516 297 219 648 105 34954 12354 254 12100 2735 2652 1114 1538 960 71 1502 83 1219 1194 889 748 9365 447 8918 22600 15501 2693 753
is_linear=0
shrinkage=0.05


Tree=81
num_leaves=48
num_cat=0
split_feature=10 7 6 6 3 5 6 7 6 1 3 7 7 14 7 14 3 12 0 0 3 1 1 7 2 6 1 5 3 6 8 8 8 12 3 3 2 3 12 5 14 3 3 0 1 3 12
split_gain=23.3725 2.72093 2.69466 5.86664 4.44298 4.58065 4.28259 6.62613 6.01161 6.60378 5.64141 5.47304 9.71962 5.73474 5.60988 7.42411 5.78028 6.07641 5.39627 6.11817 5.26969 5.30793 5.0524 6.36359 6.11488 5.987 4.98686 6.91993 4.79638 4.79323 4.73154 8.5053 16.1083 5.30203 6.89026 10.5158 6.93563 5.06819 6.09401 5.00773 4.70483 4.68299 4.59239 6.72583 4.78266 6.936 4.5021
threshold=-1.0000000180025095e-35 4852.5000000000009 22.500000000000004 25.500000000000004 76.500000000000014 35.500000000000007 17.500000000000004 315.50000000000006 12.500000000000002 7.5000000000000009 710.50000000000011 313.50000000000006 735.50000000000011 5.5000000000000009 2583.5000000000005 5.5000000000000009 551.50000000000011 1012858.5000000001 394.50000000000006 165.50000000000003 1029.5000000000002 4.5000000000000009 2.5000000000000004 412.50000000000006 44.500000000000007 20.500000000000004 3.5000000000000004 36.500000000000007 1012.5000000000001 7.5000000000000009 1.5000000000000002 4.5000000000000009 6.5000000000000009 359662.00000000006 1299.5000000000002 1280.5000000000002 45.500000000000007 25.500000000000004 -1.0000000180025095e-35 45.500000000000007 3.5000000000000004 1362.5000000000002 1183.5000000000002 609.50000000000011 5.5000000000000009 963.50000000000011 105641.00000000001
decision_type=2 2 2 2 2 2 2 2 2 2 2 2 2 2 2 2 2 2 2 2 2 2 2 2 2 2 2 2 2 2 2 2 2 2 2 2 2 2 2 2 2 2 2 2 2 2 2
left_child=1 2 6 4 -4 -6 8 20 29 10 11 -10 13 -13 15 16 17 18 19 -14 -8 -22 23 -9 25 -24 -17 -28 -12 30 37 33 -33 34 35 -32 -36 38 -1 42 -41 -34 44 -44 -39 -46 -20
right_child=-2 -3 3 -5 5 -7 7 22 9 -11 28 12 14 -15 -16 26 -18 -19 46 -21 21 -23 24 -25 -26 -27 27 -29 -30 -31 31 32 41 -35 36 -37 -38 39 -40 40 -42 -43 43 -45 45 -47 -48
leaf_value=0.0022716572478308542 0.050544638505699027 0.029497040090835386 -0.0389864884202639 0.0096095596958305027 -0.014710634532752882 -0.001035129604454619 -0.049649171701699628 0.084318070952700885 0.034896227494510712 0.02850426132226579 -0.021352333163122822 -0.059938203357745939 0.053827509431583334 -0.0016558802600769064 -0.005908003853098422 -0.043380559271743752 0.051264674279527606 -0.045535546966647397 0.071894592057162726 -0.0099749462919339459 -0.035973483607705622 0.041890821004961033 -0.0044240470992023004 0.013210229671139252 0.0070019697042641039 -0.049261830610349042 -0.026993904577359236 0.040801402138586206 -0.0066528245296151563 0.0015661682152989305 -0.0035046995242719974 0.0097287330092022672 -0.0020919905212242688 -0.011114406798090636 -0.051674288136611096 0.024259740484912435 -0.0089125191142345513 0.0058065742561900788 0.070630594960629886 -0.067956048604886632 -0.0060057424400420866 -0.047242517951579861 -0.0086948837409177426 0.041745389805236982 -0.028531257306414728 0.026488245890892104 0.0074574164275975907
leaf_weight=7.1751789450645447 22.800166552886367 7.7302045226097098 10.945256561040877 59.187629491090775 101.44589584320784 154.46899290382862 9.7805086672306079 3.2415443062782279 10.108652994036673 13.72191399335861 87.838772632181644 11.194182068109514 4.8683542609214809 6.7751678526401511 127.36538291722536 8.1430516839027405 12.852156490087507 4.0405458509922019 7.0528845191001874 16.465314790606499 4.2905369549989683 4.4679057747125626 71.103995010256767 107.13947412371635 226.83941598236561 8.3156237304210645 7.9342827051877975 7.161066547036171 150.70712827891111 3040.5264107063413 905.87192147225142 358.54808177798986 1236.5918802991509 283.49412547051907 14.097940936684607 35.438075840473175 28.962792426347733 502.26389528810978 5.9753377735614759 4.8017530441284171 8.4722516685724241 5.7697748765349379 120.39409975707531 6.99278800189495 22.679336428642277 7.6638360470533362 4.4029298573732376
leaf_count=33 2139 36 57 260 540 789 46 14 50 64 431 54 23 33 618 40 58 21 33 75 22 20 342 490 1004 40 38 35 726 13835 4662 1615 6522 1569 86 166 150 2349 28 27 46 35 574 31 115 39 20
internal_value=-5.67556e-06 -0.000152586 -0.000181829 -0.00463177 -0.0077904 -0.00645617 1.13264e-05 0.00482559 -0.000284739 -0.0056834 -0.00668813 -0.00107093 -0.00273678 -0.0379634 0.000423702 0.0114829 0.022394 0.0123193 0.0194486 0.00458481 -0.0244229 0.00374709 0.00612704 0.0152984 0.00282151 -0.00911878 -0.0118444 0.00516744 -0.0120656 0.000108662 -0.00113785 -0.0020301 0.000392715 -0.00508934 -0.00335415 -0.00245943 -0.0229126 0.00259116 0.0333326 0.0019907 -0.0284157 -0.00230168 0.00260225 -0.00592601 0.004642 -0.0146349 0.0471288
internal_weight=7868.11 7845.31 7837.58 326.048 266.86 255.915 7511.53 435.179 7076.35 480.632 466.91 228.364 218.255 17.9693 200.286 72.9206 49.6822 36.83 32.7895 21.3337 18.539 8.75844 416.64 110.381 306.259 79.4196 23.2384 15.0953 238.546 6595.72 3555.19 2868.77 1600.91 1267.86 984.371 941.31 43.0607 686.418 13.1505 673.268 13.274 1242.36 659.994 127.387 532.607 30.3432 11.4558
internal_count=40000 37861 37825 1646 1386 1329 36179 1978 34201 2319 2255 1098 1048 87 961 343 230 172 151 98 88 42 1890 504 1386 382 113 73 1157 31882 18047 14805 8172 6633 5064 4828 236 3242 61 3181 73 6557 3108 605 2503 154 53
is_linear=0
shrinkage=0.05


Tree=82
num_leaves=48
num_cat=0
split_feature=10 4 9 7 0 3 7 6 14 7 12 7 2 12 12 12 14 3 9 6 3 12 12 0 7 0 6 0 5 5 0 0 0 14 6 7 8 7 1 1 7 7 7 14 14 14 0
split_gain=22.2177 2.60798 3.12473 4.57117 3.98166 3.42011 3.5089 3.9565 4.48175 7.8153 8.02349 4.42709 3.28544 2.94121 9.26292 6.92384 4.45783 5.42175 6.58557 5.20387 4.68488 4.39304 5.41863 5.2085 4.31158 7.45302 4.32632 5.49543 3.68845 6.13903 4.64763 4.27684 4.12885 4.24777 4.12711 5.23196 5.04574 4.4736 3.61019 5.20481 3.9628 8.18711 5.14325 4.65438 4.19168 4.39726 4.79079
threshold=-1.0000000180025095e-35 6.5000000000000009 9.5000000000000018 4610.5000000000009 618.50000000000011 1201.5000000000002 4151.5000000000009 19.500000000000004 4.5000000000000009 2634.5000000000005 61146.500000000007 1260.5000000000002 41.500000000000007 1.0000000180025095e-35 1.5000000000000002 87870.500000000015 5.5000000000000009 49.500000000000007 18.500000000000004 1.5000000000000002 9.5000000000000018 85888.000000000015 71022.500000000015 178.50000000000003 315.50000000000006 349.50000000000006 11.500000000000002 470.50000000000006 41.500000000000007 42.500000000000007 493.50000000000006 32.500000000000007 479.50000000000006 3.5000000000000004 11.500000000000002 2346.5000000000005 3.5000000000000004 2743.5000000000005 1.0000000180025095e-35 3.5000000000000004 1177.5000000000002 1380.5000000000002 644.50000000000011 1.0000000180025095e-35 3.5000000000000004 5.5000000000000009 55.500000000000007
decision_type=2 2 2 2 2 2 2 2 2 2 2 2 2 2 2 2 2 2 2 2 2 2 2 2 2 2 2 2 2 2 2 2 2 2 2 2 2 2 2 2 2 2 2 2 2 2 2
left_child=1 2 3 -1 5 6 7 8 -4 10 11 -10 -11 28 -15 16 19 18 -18 -16 -21 22 -19 -23 25 -22 27 -27 38 30 -30 -31 -33 34 35 -34 -37 -36 -3 -40 42 43 -41 -42 -43 -46 -47
right_child=-2 13 4 -5 -6 -7 -8 -9 9 12 -12 -13 -14 14 15 -17 17 21 -20 20 24 23 -24 -25 -26 26 -28 -29 29 31 -32 32 33 -35 37 36 -38 -39 39 40 41 44 -44 -45 45 46 -48
leaf_value=-0.031084479069216311 0.050517794230728275 0.0022640607722090298 -0.025096049448825337 0.037528766694082387 -0.0427998690805452 0.021734131483605711 -0.034683831202756088 0.039114707284858816 0.047945227882783256 0.015989498530648787 -0.057295041563275112 -0.021418806569529825 0.06726562760445666 0.033382379160955863 -0.024079069947967227 -0.00055278883291925529 -0.052858433751238235 0.0032716293464704984 0.018550475615042281 0.079470096848677882 -0.031671517876047994 -0.0075071593178495906 -0.011524586404643435 0.04726886259816257 0.007969557682855179 0.074949687329471049 -0.018986697306764447 0.0024355660275804532 0.021249265117185615 -0.021847846733278695 -0.0047887236845635525 0.0017305254324334442 -0.041301640160887818 -0.015484200835705429 0.055816388626796623 0.050596012020264404 -0.015887705126208896 -0.0075949165122898808 -0.0069357282654434515 -0.00069835622998229581 -0.022948827428407377 -0.0053258516518856526 -0.013093280914247322 0.023883838710259692 0.0042228801626782711 0.011486647516530904 -0.0046772414513846583
leaf_weight=21.967087734490637 21.699424289166927 411.7134875357151 17.659740127623081 2.7290272265672675 5.8947017416357985 14.465447038412092 8.7125275805592519 5.6472930163145056 4.6887214630842262 8.4392213225364667 6.9368985071778289 4.5158440470695496 4.9599697217345229 21.872871577739716 13.522897675633429 2789.9232175908983 10.015632018446921 263.44534358382225 4.7646773159503928 2.2381034195423117 18.695844739675522 7.2854264378547695 80.871688075363636 10.7337389588356 626.46399436891079 4.5673218518495577 6.2228944003581992 6.1052749305963516 62.778084233403206 21.379106923937798 23.573095977306366 980.86199065297842 7.1469047889113488 71.611420169472694 6.9193356037139875 5.0569858402013761 6.5507061779499054 4.6509827226400375 574.84936503320932 186.21754366904497 5.9560997262597075 393.15941169112921 152.01386258006096 48.547715067863464 468.34178310632706 52.041699193418026 384.75008901208639
leaf_count=150 2139 1911 106 17 47 77 60 33 27 51 43 27 27 117 58 13414 43 1112 20 9 79 30 342 45 2660 20 28 28 267 116 115 4752 38 370 33 27 35 23 3074 926 30 1946 782 231 2333 250 1932
internal_value=-5.90526e-06 -0.000145718 -0.00791244 -0.0235024 -0.0032126 -0.000143176 -0.00528392 -0.000437014 -0.00516918 0.00674333 -0.0166882 0.0139146 0.0349703 -3.8662e-05 0.000936519 0.000751938 0.00420248 -0.000155024 -0.0298386 0.00662686 0.00725194 0.00105582 -0.000203642 0.0251221 0.0070078 -0.00992064 0.014148 0.0334679 -0.00101349 0.001302 0.0141411 0.000297933 0.000735186 -0.00884227 0.00684247 -0.00764566 0.0130765 0.0303266 -0.00204302 -0.00282563 -0.00142844 -0.000218157 -0.0062691 0.018766 -0.00101513 0.000857295 -0.00275139
internal_weight=7863.16 7841.47 106.616 24.6961 81.9204 76.0257 61.5602 52.8477 47.2004 29.5407 16.1415 9.20457 13.3992 7734.85 3866.73 3844.86 1054.93 377.117 14.7803 677.816 664.293 362.336 344.317 18.0192 662.055 35.5913 16.8955 10.6726 3868.12 1190.53 86.3512 1104.18 1082.8 101.936 30.3249 18.7546 11.6077 11.5703 2677.59 2265.88 1691.03 1352.8 338.231 54.5038 1298.29 905.134 436.792
internal_count=40000 37861 665 167 498 451 374 314 281 175 97 54 78 37196 18005 17888 4474 1592 63 2882 2824 1529 1454 75 2815 155 76 48 19191 5776 382 5394 5278 526 156 100 62 56 13415 11504 8430 6722 1708 261 6461 4515 2182
is_linear=0
shrinkage=0.05


Tree=83
num_leaves=48
num_cat=0
split_feature=10 4 8 7 1 0 7 5 0 0 7 6 3 12 6 3 14 0 7 7 1 8 0 5 5 5 7 1 8 3 3 0 8 4 12 12 7 12 0 7 3 0 7 7 14 5 7
split_gain=21.1204 2.62916 3.97157 4.69793 5.43363 6.39198 3.52979 3.00739 3.38771 6.59086 5.52484 4.04465 3.98295 4.32518 6.04376 6.90897 7.42911 6.6861 5.98196 3.68836 3.47586 3.31194 5.35377 3.26393 10.1204 6.08015 5.30768 6.29549 5.51847 4.84284 7.08278 4.49248 4.4512 4.4262 4.41367 4.3706 6.23686 5.28243 4.26247 4.2244 7.23216 9.34159 4.19207 4.97538 4.18199 4.95504 4.8928
threshold=-1.0000000180025095e-35 10.500000000000002 4.5000000000000009 4707.5000000000009 3.5000000000000004 318.50000000000006 2959.5000000000005 1.0000000180025095e-35 109.50000000000001 169.50000000000003 1363.5000000000002 13.500000000000002 836.50000000000011 2034.0000000000002 8.5000000000000018 754.50000000000011 1.0000000180025095e-35 425.50000000000006 2997.5000000000005 1974.5000000000002 3.5000000000000004 2.5000000000000004 532.50000000000011 33.500000000000007 13.500000000000002 27.500000000000004 4737.5000000000009 1.5000000000000002 7.5000000000000009 1305.5000000000002 1282.5000000000002 377.50000000000006 5.5000000000000009 7.5000000000000009 1880572.0000000002 2096059.0000000002 4027.5000000000005 2240611.5000000005 166.50000000000003 4680.5000000000009 1278.5000000000002 414.50000000000006 969.50000000000011 2394.5000000000005 5.5000000000000009 41.500000000000007 4799.5000000000009
decision_type=2 2 2 2 2 2 2 2 2 2 2 2 2 2 2 2 2 2 2 2 2 2 2 2 2 2 2 2 2 2 2 2 2 2 2 2 2 2 2 2 2 2 2 2 2 2 2
left_child=1 7 3 4 5 6 -3 8 11 10 -10 -1 13 14 17 16 -16 -11 -19 20 -15 -14 -23 24 34 26 31 28 -28 30 -25 38 33 -29 39 -36 37 -37 -26 -9 41 -41 -32 -44 46 -46 -45
right_child=-2 2 -4 -5 -6 -7 -8 23 9 12 -12 -13 21 19 15 -17 -18 18 -20 -21 -22 22 -24 29 25 -27 27 32 -30 -31 42 -33 -34 -35 35 36 -38 -39 -40 40 -42 -43 43 44 45 -47 -48
leaf_value=0.018261148924902323 0.050492282861084363 0.053683136328419812 -0.046355009698530521 -0.047335964708039115 0.054430483435835023 -0.030465734243060871 -0.0046954711648433982 0.0028317033881115855 -0.054734186915598171 0.086388359225461078 0.0016596018268546062 -0.011934949489010258 -0.020818581898189286 -0.01099964721740956 0.040796910309488288 0.033159428860323352 -0.017818666322373552 0.060072306995277769 -0.0044644804734890429 -0.009421122152978639 0.032570396102368789 0.0042205420508265182 -0.028922515371511883 0.00032418350606688373 -0.0035905838438185776 -0.02518185682960249 0.013063516873945913 -0.04945660160857919 0.06956090647083589 -0.0071870006463650403 0.030281286977836393 -0.0036309596983000051 -0.02051233677160921 0.0043164002590160141 -0.035475123105859166 0.062281667249808541 -0.052187290658980069 -0.0089456628377859049 -0.017397202731096979 -0.0027742817594064145 0.0089835392447177431 -0.028434704452984801 -0.0057854049824131691 0.031843156757875218 -0.010333573779168269 0.048782129547392618 -0.022274553276905945
leaf_weight=67.719018086791039 20.651295351795852 4.8317638039588982 7.2633924856781951 5.5799497589468947 4.3246748596429816 12.68551382422447 5.5790688395500183 919.12111259251833 9.178032800555231 5.8714200705289867 8.2443079650402051 13.261369436979292 19.710588410496712 7.0705444216728219 6.9068948626518276 18.802815243601799 24.870909094810486 6.2917662113904944 8.3635748922824842 36.993400424718857 12.982119843363762 127.78825606405735 13.468963697552679 5133.8450900316238 83.719257909804583 41.819019734859467 28.811406716704369 3.984869956970214 5.0850006639957419 206.39670609682798 25.332637682557106 283.08844223618507 27.517108783125877 96.511834010481834 16.46938726305962 4.6066734418272954 3.8626186475157729 5.9847810789942741 168.24236883968115 126.50975684076548 70.537401534616947 49.285074092447758 42.00622171163559 37.310984075069427 20.500116087496284 4.2857796102762213 4.7030096650123587
leaf_count=287 2139 24 45 41 23 82 33 4300 49 26 36 55 87 31 32 79 107 28 35 157 56 568 57 24579 427 235 137 29 27 1017 111 1574 174 509 88 27 23 33 956 603 327 242 194 173 98 19 21
internal_value=-5.93411e-06 -0.000138997 -0.0128828 -0.00551571 0.00299436 -0.00663679 0.0223986 -7.31869e-05 0.00422065 0.00181785 -0.0280485 0.0133162 0.00361759 0.0101947 0.0184221 0.00913599 -0.00507859 0.0413043 0.0232422 -6.06537e-05 0.0172077 -0.00161875 0.00106033 -0.000297758 -0.0020628 -0.00666417 -0.00555307 0.00237885 0.021539 0.000326172 0.000620534 -0.00795333 -0.00269451 0.00218421 0.000778613 -0.0178654 0.00219965 0.0220341 -0.0128097 0.0012733 -0.00454145 -0.00996833 0.0119626 0.00769763 0.0161763 -0.000111757 0.0257853
internal_weight=7857.98 7837.33 40.2644 33.001 27.421 23.0963 10.4108 7797.06 387.524 306.544 17.4223 80.9804 289.121 128.153 71.1074 50.5806 31.7778 20.5268 14.6553 57.0461 20.0527 160.968 141.257 7409.54 1935.16 738.779 696.96 161.91 33.8964 5474.38 5267.98 535.05 128.014 100.497 1196.38 30.9235 14.4541 10.5915 251.962 1165.45 246.332 175.795 134.139 108.806 66.7999 24.7859 42.014
internal_count=40000 37861 248 203 162 139 57 37613 1690 1348 85 342 1263 551 307 218 139 89 63 244 87 712 625 35923 9711 4068 3833 876 164 26212 25195 2957 712 538 5643 171 83 60 1383 5472 1172 845 616 505 311 117 194
is_linear=0
shrinkage=0.05


Tree=84
num_leaves=48
num_cat=0
split_feature=10 8 8 8 3 3 12 14 9 12 9 7 5 8 8 0 9 3 12 0 3 3 1 3 3 0 7 3 3 14 12 3 14 7 0 14 3 0 4 14 7 2 14 7 12 3 6
split_gain=20.078 2.5408 4.94072 8.31115 5.97748 7.2486 6.34086 5.81749 6.97054 5.46209 5.3022 4.41251 4.66606 4.26823 8.89905 5.68313 6.79017 5.71652 9.44242 4.88714 5.87133 4.96003 5.77727 4.80682 8.08252 7.33724 7.25628 10.8651 11.7893 6.63063 6.53813 6.34231 7.35902 7.1252 5.49563 4.79975 4.93069 4.72175 6.39282 5.85533 4.64366 4.53816 4.37283 6.27416 4.81468 5.33389 4.32334
threshold=-1.0000000180025095e-35 9.5000000000000018 8.5000000000000018 7.5000000000000009 804.50000000000011 1103.5000000000002 951615.00000000012 4.5000000000000009 12.500000000000002 922283.50000000012 17.500000000000004 818.50000000000011 35.500000000000007 4.5000000000000009 5.5000000000000009 381.50000000000006 15.500000000000002 416.50000000000006 105641.00000000001 23.500000000000004 107.50000000000001 76.500000000000014 4.5000000000000009 167.50000000000003 678.50000000000011 536.50000000000011 3522.5000000000005 335.50000000000006 283.50000000000006 1.5000000000000002 242919.50000000003 286.50000000000006 5.5000000000000009 1430.5000000000002 576.50000000000011 3.5000000000000004 448.50000000000006 302.50000000000006 7.5000000000000009 1.5000000000000002 2265.5000000000005 33.500000000000007 2.5000000000000004 412.50000000000006 40827.000000000007 810.50000000000011 7.5000000000000009
decision_type=2 2 2 2 2 2 2 2 2 2 2 2 2 2 2 2 2 2 2 2 2 2 2 2 2 2 2 2 2 2 2 2 2 2 2 2 2 2 2 2 2 2 2 2 2 2 2
left_child=1 2 3 13 7 -6 10 8 -5 -9 11 -7 -13 46 37 16 19 18 -18 -16 21 22 -21 34 26 42 30 28 -28 -29 31 32 -25 -34 -17 36 -22 38 -15 -40 -32 -31 44 -44 45 -26 -1
right_child=-2 -3 -4 4 5 6 -8 9 -10 -11 -12 12 -14 14 15 23 17 -19 -20 20 35 -23 -24 24 25 -27 27 29 -30 41 40 -33 33 -35 -36 -37 -38 -39 39 -41 -42 -43 43 -45 -46 -47 -48
leaf_value=-0.0022233307180769975 0.050468043966362834 -0.0053473102636205777 0.0069197684262508235 -0.01819365985640763 -0.028808910966612741 -0.045470034460946232 0.02570283027717446 -0.015072560463671692 0.013974894716241561 0.01867718776283004 -0.041197381253916088 -0.023609184091770354 0.0077382982107945496 -0.024373365136478996 0.0096117582776311106 -0.02855086679963666 0.021627985939679732 0.015672933993842838 -0.049843860941474943 0.042394121280398517 -0.029545332656418094 0.061223529528102318 -0.03901614241903157 0.049639950116604464 0.038795431206734871 -0.020944319127053454 0.030753757368924217 0.016379804672822351 -0.058491347048427456 0.048412693593759749 0.00054296672425252566 -0.0028898492747657122 0.050811643855966121 -0.028689459279605992 0.023618725246239852 -0.017276297485506877 0.0050659046935523262 0.0065883291347368159 0.062792990320342176 0.022079825700830967 -0.051792741407595912 0.11388969679023397 -0.063094479550124746 0.003465311809734441 0.047999808403898205 -0.016584899207937587 0.00061545772464368677
leaf_weight=1953.1778176650405 19.653317506425083 226.82722360640764 251.09842437505722 21.742323040962219 59.747355908155441 6.3472641780972472 13.183975949883459 87.325302615761757 74.688266538083553 13.896000124514101 12.806351631879805 16.848381526768208 40.182524412870407 6.1480795294046393 37.041020423173904 18.486042700707916 8.8546193987131137 67.76312880218029 9.6656381785869581 4.0802050307393056 12.577215597033499 5.0269792377948752 4.6774797290563583 20.890244901180267 7.4799673408269944 31.596607655286789 20.765913873910907 4.459508314728736 4.5029200166463843 4.3205018714070302 13.614043936133386 22.222303181886673 4.4662577956914884 7.6382750421762466 6.9443498700857154 142.79189920425415 56.582758843898773 84.84405229985714 10.664623886346815 51.370550751686096 6.1544758826494208 6.8292520195245743 3.7362707257270804 67.592259861528873 11.576944559812544 10.383208349347113 4280.5458688214421
leaf_count=9891 2139 1510 1145 109 359 35 65 455 363 73 72 90 210 32 180 89 37 308 47 22 60 22 23 90 32 161 92 22 21 21 68 107 20 33 33 735 285 379 47 228 29 32 17 321 51 51 19789
internal_value=-6.00702e-06 -0.00013263 2.2856e-05 -0.000212564 -0.00776863 -0.0153265 -0.0063128 -0.00206671 0.00672181 -0.0104393 -0.0118532 -0.00592385 -0.00152255 0.000161245 0.0036588 0.00100408 -0.00322525 0.00894473 -0.0156728 -0.00722129 -0.00998342 0.0216363 -0.0010871 0.00639872 0.00851973 7.85401e-05 0.0181631 0.0351103 0.0148502 0.067908 0.00892446 0.0177585 0.0316653 0.00064438 -0.0143048 -0.0120399 -0.00122839 0.0144618 0.0242591 0.0290789 -0.0157506 0.0885175 0.00667038 -2.11669e-05 0.0228829 0.00660488 -0.000274004
internal_weight=7853.82 7834.16 7607.34 7356.24 346.768 149.116 89.3685 197.652 96.4306 101.221 76.1845 63.3782 57.0309 7009.47 775.748 622.72 349.061 86.2834 18.5203 262.778 225.737 13.7847 8.75768 273.659 248.229 132.365 115.864 40.8781 25.2688 15.6093 74.9856 55.2171 32.9948 12.1045 25.4304 211.952 69.16 153.027 68.1833 62.0352 19.7685 11.1498 100.769 71.3285 29.4401 17.8632 6233.72
internal_count=40000 37861 36351 35206 1831 831 472 1000 472 528 407 335 300 33375 3695 3009 1719 392 84 1327 1147 67 45 1290 1168 633 535 188 113 75 347 250 143 53 122 1080 345 686 307 275 97 53 472 338 134 83 29680
is_linear=0
shrinkage=0.05


Tree=85
num_leaves=48
num_cat=0
split_feature=10 7 1 1 5 5 0 9 4 0 14 6 6 14 14 3 14 8 7 1 7 4 14 12 3 6 9 12 5 9 12 5 12 12 7 7 0 7 7 8 0 7 9 14 1 3 3
split_gain=19.0877 2.44465 2.55326 4.02721 3.92456 6.83366 4.71812 6.38658 7.05788 6.95249 5.94758 5.48027 5.70283 5.1821 4.95644 4.76147 4.42139 7.53351 4.81162 4.37786 7.04915 4.28805 4.18824 4.22951 4.02548 3.87647 3.83969 5.86268 3.68421 8.12462 6.46493 4.71711 4.67208 6.07843 4.41941 7.0125 5.56066 5.22914 5.43839 5.29016 7.0337 6.67239 4.89341 5.44699 4.71071 4.37654 6.02215
threshold=-1.0000000180025095e-35 4852.5000000000009 4.5000000000000009 1.5000000000000002 42.500000000000007 41.500000000000007 441.50000000000006 22.500000000000004 7.5000000000000009 410.50000000000006 1.0000000180025095e-35 13.500000000000002 7.5000000000000009 2.5000000000000004 4.5000000000000009 124.50000000000001 5.5000000000000009 5.5000000000000009 2810.5000000000005 2.5000000000000004 969.50000000000011 2.5000000000000004 1.0000000180025095e-35 141419.50000000003 205.50000000000003 1.5000000000000002 12.500000000000002 1293000.5000000002 35.500000000000007 26.500000000000004 2285137.0000000005 13.500000000000002 663551.50000000012 38713.500000000007 818.50000000000011 3614.5000000000005 595.50000000000011 2711.5000000000005 2079.5000000000005 3.5000000000000004 373.50000000000006 1573.5000000000002 15.500000000000002 1.0000000180025095e-35 3.5000000000000004 18.500000000000004 717.50000000000011
decision_type=2 2 2 2 2 2 2 2 2 2 2 2 2 2 2 2 2 2 2 2 2 2 2 2 2 2 2 2 2 2 2 2 2 2 2 2 2 2 2 2 2 2 2 2 2 2 2
left_child=1 2 3 25 5 21 7 8 10 11 -6 12 15 -9 -11 -10 17 -12 -18 -14 -21 -5 -7 -24 -15 -1 27 -22 31 30 34 -23 33 -31 -30 37 42 38 39 40 -36 -42 -37 -44 -40 -45 -47
right_child=-2 -3 -4 4 6 22 -8 13 9 14 16 -13 19 24 -16 -17 18 -19 -20 20 26 28 23 -25 -26 -27 -28 -29 29 32 -32 -33 -34 -35 35 36 -38 -39 44 -41 41 -43 43 45 -46 46 -48
leaf_value=0.044392451425740082 0.050445010399250922 0.027878569256782872 0.00059962538018590132 0.023006026910137711 0.068429368571211333 0.055347121431786217 -0.012845203494945249 -0.057800333428002504 0.038916007612139418 0.061403158168050448 -0.018281688161113294 -0.026164041349866014 -0.022486244495276791 -0.045462424647809516 -0.0020723985143420976 -0.016882849867356241 0.016348643765026663 0.059859117431064895 0.081379560143779603 0.065106693241834088 0.06035748911141562 -0.001875379071963099 0.019613848785406448 -0.0049989581301021265 -0.0034743957837782497 0.00052218920854910512 -0.0075637607824073491 -0.020447618643150242 -0.013546522895714577 0.046924631590757868 0.041693083742307437 -0.01065458189524238 0.040559935285352545 0.0029288359967169037 0.067825047578080139 -0.012991985693368109 0.047942644553916031 0.01756027001635678 0.00026552082980333557 0.0012126367467204351 0.05125981008157994 -0.032730388892421844 -0.040866768733602302 -0.035309713662819403 -0.035386926475272605 0.040622877716641248 0.0020375999840034865
leaf_weight=5.0525890886783591 18.703134099952877 7.784762203693389 4609.6557751521468 16.316142022609711 5.6469194144010535 5.3872759938240042 192.84091690182686 7.1800448372960082 4.1766884475946418 6.7201821655035001 15.438541173934938 28.346472412347794 6.9487534016370764 7.0383260026574126 5.6702485829591751 45.177789494395256 10.521813586354254 3.8545865863561621 3.898226521909236 7.1313171833753612 6.5436884909868258 376.18297793716192 43.121930137276649 29.323984071612358 30.207629971206188 1481.6672872975469 14.711450681090353 3.4167685210704803 82.647553563117981 9.153215140104292 8.2339533567428571 257.90156549587846 14.554416328668593 55.169876456260681 7.5212089121341732 154.47568356245756 4.4843793660402289 64.114564128220081 20.276505686342716 87.125612355768681 4.1435003727674466 5.5079251825809479 6.0799010694026938 5.0180789306759825 17.060671746730804 14.533735588192938 33.239812880754471
leaf_count=24 2139 36 21205 87 30 25 1166 44 22 35 82 164 40 41 29 272 57 21 21 38 30 1961 205 155 174 6853 79 20 467 39 44 1720 67 270 40 910 25 344 112 468 22 31 33 25 96 70 162
internal_value=-6.22583e-06 -0.000126718 -0.000154585 -0.00123638 -0.00287859 -0.00155837 -0.00718167 -0.00204523 0.00240819 -0.00325272 0.0209389 -0.00704131 -0.000888956 -0.0189065 0.0323548 -0.0121608 0.0129843 -0.00266989 0.0339287 0.0134668 0.0213223 -0.0024578 0.0128142 0.00965131 -0.0114088 0.000671281 0.00866662 0.0326386 -0.00279629 3.55336e-05 -0.00225543 -0.00544615 0.0149779 0.00918946 -0.00297027 -0.000906672 -0.00715908 0.00571288 0.000349882 0.00621196 0.0315761 0.00332785 -0.00831727 0.00394892 -0.0160253 0.00911025 0.0137761
internal_weight=7849.91 7831.21 7823.42 3213.76 1727.04 1321.57 405.47 212.629 168.203 128.843 39.3601 116.453 88.1065 44.426 12.3904 49.3545 33.7132 19.2931 14.42 38.752 31.8032 1243.74 77.8332 72.4459 37.246 1486.72 24.6719 9.96046 1227.43 593.341 514.463 634.085 78.8775 64.3231 506.229 423.582 217.832 205.75 141.635 104.298 17.1726 9.65143 213.347 58.8715 37.3372 52.7916 47.7735
internal_count=40000 37861 37825 16620 9743 7378 2365 1199 940 729 211 665 501 259 64 294 181 103 78 207 167 6993 385 360 215 6877 129 50 6906 3225 2849 3681 376 309 2805 2338 1225 1113 769 561 93 53 1200 290 208 257 232
is_linear=0
shrinkage=0.05


Tree=86
num_leaves=48
num_cat=0
split_feature=10 12 4 0 0 12 5 0 5 6 6 12 3 7 0 0 12 3 3 7 2 8 3 6 14 2 7 2 6 12 12 12 3 12 3 6 4 7 7 12 7 0 12 12 12 12 12
split_gain=18.1469 2.4331 5.70711 5.51788 4.26825 3.92629 4.30808 4.23095 3.47448 4.97981 4.93508 4.18466 3.31979 6.49414 5.721 5.88669 3.53578 5.69317 3.84331 3.13688 4.92413 3.03691 3.62279 4.94204 4.33868 3.17803 3.74948 3.70505 4.64313 2.98824 8.69784 4.41374 4.75107 6.20864 6.42664 5.98731 5.14383 4.53148 7.63517 7.03131 6.64768 6.32896 7.72708 7.45765 5.79206 6.83083 6.03756
threshold=-1.0000000180025095e-35 1728572.5000000002 8.5000000000000018 139.50000000000003 132.50000000000003 1807649.5000000002 35.500000000000007 201.50000000000003 34.500000000000007 19.500000000000004 11.500000000000002 1938515.0000000002 905.50000000000011 4273.5000000000009 410.50000000000006 302.50000000000006 2205373.0000000005 335.50000000000006 205.50000000000003 2228.5000000000005 48.500000000000007 6.5000000000000009 416.50000000000006 17.500000000000004 2.5000000000000004 12.500000000000002 335.50000000000006 44.500000000000007 4.5000000000000009 1.0000000180025095e-35 1.5000000000000002 206591.00000000003 316.50000000000006 89196.000000000015 283.50000000000006 23.500000000000004 3.5000000000000004 2810.5000000000005 3067.5000000000005 250705.00000000003 1573.5000000000002 338.50000000000006 689627.00000000012 979842.50000000012 684837.00000000012 670858.50000000012 940441.50000000012
decision_type=2 2 2 2 2 2 2 2 2 2 2 2 2 2 2 2 2 2 2 2 2 2 2 2 2 2 2 2 2 2 2 2 2 2 2 2 2 2 2 2 2 2 2 2 2 2 2
left_child=1 29 -3 4 21 6 -5 -7 10 12 -9 -12 16 14 15 -14 17 -10 -18 -13 -21 22 -4 24 -24 -26 -27 -28 -29 -1 -31 32 33 36 35 -35 -32 40 39 -39 44 -41 -43 -44 45 -33 -46
right_child=-2 2 3 5 -6 7 -8 8 9 -11 11 19 13 -15 -16 -17 18 -19 -20 20 -22 -23 23 -25 25 26 27 28 -30 30 31 37 -34 34 -36 -37 -38 38 -40 41 -42 42 43 -45 46 -47 -48
leaf_value=-0.00091032880962890056 0.050423116023677529 -0.050123351994747094 0.035978698136762119 0.004239600949344462 0.058849820799938328 -0.027614157815525842 -0.037724601939849473 -0.028539581792177072 0.019638178781855149 -0.048918880135762663 0.045636038678562918 0.021107303398253171 0.030004639701043747 -0.022461450582694095 0.051404169037540359 -0.04535997654383507 -0.037425970339314524 -0.016159536986634398 0.0032003065952087208 0.02228480320134342 -0.048880751146602508 0.029059987552589473 -0.043952914651919861 0.03367217289635286 0.038688492061010576 -0.051000854298404175 -0.025255884912461998 0.046446827723213457 -0.0040609878327167457 0.032608119632550198 -0.039872780171601847 0.0035084013243836983 0.0045001216796157926 -0.0050404241133197468 -0.052611519300687005 -0.052917903220846066 0.0034141587143291792 -0.025803216898980481 0.00037525790673748321 0.0093034594327369661 -0.0080958908164559546 0.064459166618123717 -0.027196722263390472 0.043315931149544067 -0.015144936556558995 0.048726130957907558 0.00015220857112004181
leaf_weight=3899.0689684823155 17.798502028919756 6.7306450977921477 6.5837672948837271 8.7863509878516215 3.8699682652950278 18.598785147070885 20.123491927981377 25.624203816056252 30.163422644138336 4.5075963139533988 4.7046177685260799 6.024998307228091 7.4280330389738101 7.6781824007630339 14.017367519438265 3.9790191352367401 11.755209177732469 17.579832285642624 11.532706961035727 3.7368941158056241 6.9539347141981125 11.186144784092901 7.5262077301740637 7.8659071773290625 4.1700877249240866 4.3463225811719886 11.170172169804571 6.2898706495761898 16.451890230178833 21.747103437781334 7.0191954746842375 326.71680514514446 1175.8936774730682 130.14973203092813 8.3550504297018033 6.8748754113912574 308.36672238260508 8.9878956079483014 876.91049610823393 46.201887205243111 394.8704302534461 14.85088922083378 6.4287393018603316 8.9985068738460523 97.216387778520584 8.5712225139141065 191.68868847191334
leaf_count=19448 2139 66 33 48 20 109 111 155 163 23 24 30 37 41 73 20 65 91 58 20 37 63 38 36 20 21 57 31 77 118 36 1537 5038 581 37 34 1314 40 4310 224 1930 69 31 45 486 39 977
internal_value=-6.57615e-06 -0.000121234 -0.0046204 -0.00353688 0.00763455 -0.00790553 -0.0249707 -0.0050748 -0.00238217 0.0025331 -0.0137331 0.00397909 0.00476028 0.0178377 0.0300081 0.00371588 -0.00133419 0.00645689 -0.0173069 -0.00774512 -0.0240054 0.00501251 0.000835785 -0.00316579 -0.00896634 -0.0027602 -0.00727804 -0.00167431 0.00990836 5.14697e-05 0.00108176 0.000892271 0.00281379 -0.0014898 -0.0100384 -0.00744256 0.00245077 -0.000694892 0.00176563 0.016031 -0.00301855 0.0209473 0.0387149 0.0139324 0.000193429 0.00466434 -0.00499527
internal_weight=7846.1 7828.3 289.386 282.655 79.4603 203.195 28.9098 174.285 155.686 108.641 47.0446 21.4204 104.134 33.1026 25.4244 11.4071 71.0312 47.7433 23.2879 16.7158 10.6908 75.5904 64.4042 57.8205 49.9546 42.4283 38.2583 33.9119 22.7418 7538.92 3639.85 3618.1 1636.66 460.766 145.38 137.025 315.386 1981.44 962.378 85.4679 1019.06 76.48 30.2781 15.4272 624.193 335.288 288.905
internal_count=40000 37861 1567 1501 396 1105 159 946 837 571 266 111 548 171 130 57 377 254 123 87 57 376 313 280 244 206 186 165 108 36294 16846 16728 7040 2002 652 615 1350 9688 4719 409 4969 369 145 76 3039 1576 1463
is_linear=0
shrinkage=0.05


Tree=87
num_leaves=48
num_cat=0
split_feature=10 4 8 7 1 0 7 5 6 9 0 5 5 5 7 1 8 3 3 7 0 7 8 1 0 0 3 14 6 5 8 4 3 5 6 9 7 12 7 0 3 3 12 3 7 1 1
split_gain=17.2528 2.42868 3.72714 4.32892 4.8373 5.79381 3.10589 2.71474 3.03206 3.0812 2.95731 3.16008 8.91282 5.54241 4.78019 5.50798 4.74432 4.42636 6.30454 4.36166 4.15146 4.14189 6.13939 4.11336 7.65468 9.46769 6.55968 5.47512 7.38773 4.59695 3.96532 4.07353 3.92306 3.89152 15.5697 5.65617 4.53569 4.35649 7.0776 5.40481 4.34621 4.57068 4.20774 8.40452 4.83364 4.86126 4.00751
threshold=-1.0000000180025095e-35 10.500000000000002 4.5000000000000009 4707.5000000000009 3.5000000000000004 318.50000000000006 2959.5000000000005 1.0000000180025095e-35 22.500000000000004 14.500000000000002 625.50000000000011 33.500000000000007 27.500000000000004 13.500000000000002 4737.5000000000009 1.5000000000000002 7.5000000000000009 1305.5000000000002 1282.5000000000002 1363.5000000000002 377.50000000000006 674.50000000000011 1.0000000180025095e-35 7.5000000000000009 83.500000000000014 117.50000000000001 99.500000000000014 5.5000000000000009 16.500000000000004 41.500000000000007 5.5000000000000009 7.5000000000000009 515.50000000000011 6.5000000000000009 5.5000000000000009 17.500000000000004 446.50000000000006 645694.50000000012 2346.5000000000005 460.50000000000006 332.50000000000006 175.50000000000003 1819251.5000000002 689.50000000000011 4002.5000000000005 3.5000000000000004 1.0000000180025095e-35
decision_type=2 2 2 2 2 2 2 2 2 2 2 2 2 2 2 2 2 2 2 2 2 2 2 2 2 2 2 2 2 2 2 2 2 2 2 2 2 2 2 2 2 2 2 2 2 2 2
left_child=1 7 3 4 5 6 -3 8 -1 -10 11 12 13 33 20 16 -16 18 23 -14 21 -15 -23 -13 29 -26 -27 28 32 -25 31 -17 -28 42 35 40 -36 38 -37 -39 41 -35 46 -44 45 -45 -9
right_child=-2 2 -4 -5 -6 -7 -8 10 9 -11 -12 17 19 14 15 30 -18 -19 -20 -21 -22 22 -24 24 25 26 27 -29 -30 -31 -32 -33 -34 34 36 37 -38 39 -40 -41 -42 -43 43 44 -46 -47 -48
leaf_value=0.0050582359234532734 0.050402312383207026 0.049959769316522878 -0.04531975480534145 -0.046278461155388473 0.050670939829914254 -0.029525962202170821 -0.004617238027260189 0.0092124722667358844 0.01478432132085886 -0.028165080097009118 0.027775237558552934 0.00010055719103587006 0.019008903260799258 0.0089920951051926674 0.012322710777600663 -0.048328474802427468 0.063995496570261615 -0.0068825575158959085 0.011281051809780337 -0.031124025396243878 -0.0032256815690647786 0.032206040915134064 -0.015500572116681816 0.058676075683933751 -0.043991870560340679 -0.045967330077695934 -0.02424100651586987 0.029528134960685959 0.061518700603722345 0.0029569193463762516 -0.01934561676014784 0.0042383093599970409 0.0068547795326680365 -0.014623687512847728 -0.030340008489183168 0.069605438779783341 0.019870803556798988 0.032179464375104681 -0.013120176936279777 -0.041735072292588861 -0.0063703411793294314 -0.065538785908882929 -0.060680662256193243 -0.027855674982266154 -0.043561100601727375 0.040450826286349426 -0.0015700918680969242
leaf_weight=366.85184172540903 16.937271818518639 4.9024468958377891 7.0830402337014666 5.3881106525659552 4.4165661334991446 12.451975993812082 5.5669125318527222 96.436548560857773 6.0067216008901623 13.700198262929915 9.3903432637453061 5012.5484052374959 4.9312243759632102 21.327970869839191 28.947241082787514 3.8317787349224082 5.2473619133234015 205.76117944717407 134.44724299758673 36.09846855700016 281.70658038556576 6.955676093697547 221.45105937868357 11.49430398643017 9.1829117238521558 5.034846603870391 15.18852226436138 30.631504647433758 4.8345826417207709 5.4600986689329138 27.032091081142426 96.494521021842957 30.532564908266068 12.505522452294828 4.6639329791069022 6.9549436569213885 126.17444370687008 4.6932066604495031 4.1154210790991783 5.2285032421350479 87.761709239333868 6.807227447628974 8.761943496763708 3.9448988065123576 4.54829517006874 7.6673331409692764 809.66396282613277
leaf_count=1601 2139 24 45 41 23 82 33 417 27 62 42 24012 26 113 137 29 27 1017 616 208 1574 37 1233 54 48 25 73 149 23 23 174 509 154 63 21 32 574 23 21 28 459 35 50 23 27 41 3806
internal_value=-6.75506e-06 -0.000115868 -0.0124343 -0.00531678 0.00275648 -0.00647585 0.0209393 -5.28773e-05 0.00403189 -0.015074 -0.0002663 -0.000301937 -0.00204465 -0.00154229 -0.00509696 0.00243482 0.0202522 0.000311573 0.000593028 -0.0250987 -0.00738655 -0.0120801 -0.0140478 0.000312638 0.00977392 0.00427237 0.00941266 0.0128471 0.00274007 0.0407319 -0.00234898 0.00223062 -0.00347523 0.000527883 0.00595013 -0.00644326 0.018081 0.0172884 0.0388521 -0.00677172 -0.0110959 -0.0325699 -0.00097997 -0.0212478 0.000132013 0.0172458 -0.0004225
internal_weight=7841.76 7824.83 39.8091 32.726 27.3379 22.9213 10.4694 7785.02 386.559 19.7069 7398.46 7389.07 1923.95 1882.92 692.994 161.553 34.1946 5465.12 5259.35 41.0297 531.441 249.735 228.407 5124.91 112.359 95.4049 86.222 81.1872 50.5557 16.9544 127.358 100.326 45.7211 1189.93 258.905 128.067 130.838 20.9921 11.0704 9.92171 107.074 19.3127 931.023 24.9225 16.1605 11.6122 906.101
internal_count=40000 37861 248 203 162 139 57 37613 1690 89 35923 35881 9687 9453 3833 876 164 26194 25177 234 2957 1383 1270 24561 549 472 424 399 250 77 712 538 227 5620 1256 661 595 104 53 51 557 98 4364 141 91 64 4223
is_linear=0
shrinkage=0.05


Tree=88
num_leaves=48
num_cat=0
split_feature=10 5 8 3 3 0 0 0 3 0 7 0 0 7 0 3 4 4 0 7 7 2 9 7 2 0 3 1 0 3 7 7 7 7 7 6 8 8 8 12 12 6 7 7 2 3 12
split_gain=16.4032 2.42891 2.61797 4.56337 5.10183 4.90129 5.72295 4.72172 3.91986 3.89596 5.13061 4.13072 3.92886 3.87313 4.0558 4.97496 3.78394 4.06509 4.10916 4.1172 3.59243 3.42477 3.31916 4.42167 3.1858 3.06432 3.70671 3.06143 3.07258 3.01693 2.99448 2.87114 2.79738 7.39257 2.79124 2.73804 5.14555 13.4268 7.27311 6.08642 8.55363 5.12502 5.10199 4.77595 4.46681 4.34391 4.25648
threshold=-1.0000000180025095e-35 46.500000000000007 1.0000000180025095e-35 582.50000000000011 465.50000000000006 557.50000000000011 577.50000000000011 459.50000000000006 99.500000000000014 410.50000000000006 4245.5000000000009 454.50000000000006 176.50000000000003 248.50000000000003 295.50000000000006 804.50000000000011 10.500000000000002 13.500000000000002 393.50000000000006 2913.5000000000005 3342.5000000000005 34.500000000000007 10.500000000000002 3116.5000000000005 19.500000000000004 20.500000000000004 818.50000000000011 1.5000000000000002 346.50000000000006 530.50000000000011 1851.5000000000002 3522.5000000000005 2711.5000000000005 2183.5000000000005 1934.5000000000002 7.5000000000000009 4.5000000000000009 6.5000000000000009 3.5000000000000004 869789.50000000012 655194.50000000012 1.5000000000000002 2338.5000000000005 3686.5000000000005 30.500000000000004 1362.5000000000002 803282.00000000012
decision_type=2 2 2 2 2 2 2 2 2 2 2 2 2 2 2 2 2 2 2 2 2 2 2 2 2 2 2 2 2 2 2 2 2 2 2 2 2 2 2 2 2 2 2 2 2 2 2
left_child=1 2 3 4 8 7 -7 13 21 10 12 -11 -10 -5 25 20 35 -18 19 -19 -16 -1 -6 -24 -21 26 -15 -17 -29 -25 -8 -30 33 -9 -13 36 38 -38 39 40 -4 43 44 -40 -42 -39 -44
right_child=-2 -3 16 5 22 6 30 32 9 11 -12 34 -14 14 15 27 17 18 -20 24 -22 -23 23 29 -26 -27 -28 28 31 -31 -32 -33 -34 -35 -36 -37 37 45 41 -41 42 -43 46 -45 -46 -47 -48
leaf_value=0.0023397350761310744 0.050382536800615579 -0.010926663631842106 1.4618858733521032e-05 0.053922224656335872 0.063004431180848877 0.074640157599871623 0.034825039337203448 -0.018137004849364199 -0.00091252679139828098 0.024264030953171589 0.019616185357493029 -0.037849517644667652 -0.045564457110967703 -0.0023876900720054307 -0.039907641414450273 0.059537854693446669 -0.056262382458798624 0.034146943048720228 -0.030745187114069851 0.016741280202275471 0.01757236236959114 0.048519669234057747 0.044126334417293571 -0.036264240515833095 -0.039256741740763101 -0.011062237843604085 0.03887715914848628 0.039732663674061947 0.019565503109296847 0.021636790268169562 -0.015078975214030003 -0.025618671795670869 -0.029474906845561467 0.053341037847635588 0.0094053900224850724 0.00068916768170055188 0.0093251862368219345 -0.0015048844063921779 -0.0071537867076551164 -0.01133008960532147 0.043110989795008013 -0.0089042079871999354 0.051054967158858613 0.014570550632059656 -0.01802814601453535 -0.045793118772024362 0.0035915377292646405
leaf_weight=7.0789077728986749 16.117394594941288 51.56548273563385 782.04374166578054 3.5322115868329993 6.5014364719390896 4.4324561208486584 5.6370944827795011 18.96679483354092 8.6143537238240295 23.845763809978962 8.640611454844473 5.5009282827377302 11.506890609860418 19.743245713412765 6.2075395137071592 5.167454361915591 5.4217632710933676 7.5942463129758897 12.968573663383721 4.5686740502715093 4.8359567672014236 9.2752863168716431 10.359339997172357 3.9842236936092359 5.7196055725216866 63.366777025163174 7.5130573511123648 9.3895857036113757 9.8266052305698377 5.1678274422883987 6.4403502643108368 5.4744266718626013 21.51091679930687 4.4698307514190665 7.2350088506937027 4230.0360973477364 356.20427388697863 1216.8067870996892 52.737476818263531 111.04656870663166 4.2815260365605328 588.92080199718475 17.557365849614147 48.626135416328907 9.8840527534484863 5.5619226396083823 6.4621514454483977
leaf_count=34 2139 294 3733 17 29 20 26 89 39 106 40 27 54 93 31 24 38 39 88 26 24 42 46 20 41 304 36 43 47 25 30 26 103 21 33 19520 1605 6426 293 586 21 3297 77 235 47 35 31
internal_value=-7.01177e-06 -0.000110837 -3.90645e-05 0.00450749 0.012779 -2.61566e-05 0.0260472 -0.00241759 0.00663863 0.00115948 -0.0126094 0.0119851 -0.026448 0.00225409 0.000866495 0.0139359 -0.000224317 -0.0163342 -0.00931729 0.00622242 -0.0147371 0.0285307 0.0320638 0.021754 -0.0143899 -0.00503219 0.00898675 0.024541 0.0172166 -0.00356965 0.00821351 0.00339944 -0.0164549 -0.00450472 -0.011005 -0.000145671 -0.00124919 0.000782872 -0.00322738 -0.000344415 0.00114288 -0.00711683 0.02425 0.00326781 0.000451071 -0.0017064 0.0382855
internal_weight=7838.35 7822.23 7770.67 304.225 107.711 196.514 16.5099 180.004 81.6978 65.3436 28.7619 36.5817 20.1212 135.057 131.525 40.9016 7466.44 36.2729 30.8511 17.8825 11.0435 16.3542 26.0128 19.5114 10.2883 90.6231 27.2563 29.8581 24.6906 9.15205 12.0774 15.301 44.9475 23.4366 12.7359 7430.17 3200.13 1578.57 1621.56 931.275 820.229 690.284 38.1851 101.364 14.1656 1222.37 24.0195
internal_count=40000 37861 37567 1429 495 934 76 858 375 299 133 166 93 645 628 195 36138 232 194 106 55 76 120 91 67 433 129 140 116 45 56 73 213 110 60 35906 16386 8066 8320 4495 3909 3825 176 528 68 6461 108
is_linear=0
shrinkage=0.05


Tree=89
num_leaves=48
num_cat=0
split_feature=10 3 3 12 7 5 6 0 7 2 12 7 14 8 12 1 14 7 0 12 12 3 3 2 2 6 3 3 7 6 7 14 7 12 5 7 12 7 8 2 3 7 3 3 12 0 0
split_gain=15.5958 2.28043 8.16689 6.60365 5.06957 6.43163 5.09821 4.50783 4.0657 3.23777 3.5848 3.21784 3.20352 3.16697 3.01006 5.22702 4.73189 5.4721 8.07506 4.2713 4.54873 4.15207 5.82581 5.51938 7.90467 5.43243 4.98275 12.1219 4.73646 4.54892 4.47572 5.28981 4.25889 3.85289 5.71232 4.7273 4.6606 3.79173 3.66104 4.34498 6.01975 4.32888 3.4581 5.30683 3.33729 4.01961 3.62891
threshold=-1.0000000180025095e-35 25.500000000000004 68.500000000000014 1640952.0000000002 4409.5000000000009 42.500000000000007 10.500000000000002 92.500000000000014 2338.5000000000005 39.500000000000007 147378.00000000003 1451.5000000000002 1.5000000000000002 4.5000000000000009 1438190.5000000002 2.5000000000000004 1.0000000180025095e-35 818.50000000000011 512.50000000000011 1596623.5000000002 1716148.5000000002 480.50000000000006 504.50000000000006 34.500000000000007 13.500000000000002 13.500000000000002 298.50000000000006 273.50000000000006 3815.5000000000005 13.500000000000002 1039.5000000000002 1.5000000000000002 4515.5000000000009 1264883.5000000002 19.500000000000004 4852.5000000000009 1243382.0000000002 3174.5000000000005 3.5000000000000004 45.500000000000007 795.50000000000011 3834.5000000000005 335.50000000000006 588.50000000000011 1716148.5000000002 507.50000000000006 422.50000000000006
decision_type=2 2 2 2 2 2 2 2 2 2 2 2 2 2 2 2 2 2 2 2 2 2 2 2 2 2 2 2 2 2 2 2 2 2 2 2 2 2 2 2 2 2 2 2 2 2 2
left_child=1 4 3 7 -1 6 13 8 -3 10 -9 -12 -8 -6 33 19 17 -17 -19 -16 37 26 -23 24 44 -25 27 30 29 -26 -18 -32 -27 35 -35 36 -4 -21 -22 40 41 -40 -36 -44 46 -46 -24
right_child=-2 2 14 -5 5 -7 12 9 -10 -11 11 -13 -14 -15 15 16 21 18 -20 20 38 22 23 25 28 32 -28 -29 -30 -31 31 -33 -34 34 42 -37 -38 -39 39 -41 -42 -43 43 -45 45 -47 -48
leaf_value=0.010160579745964788 0.050363744797452828 -0.01165568641688835 8.8690902714705876e-05 0.037632903484874497 0.041659822974961735 -0.029547887654248345 -0.04378988325402336 -0.0030594134512436054 0.042788600152638155 -0.02818562964675754 -0.0036501144824974061 -0.039455026542499487 0.00089597867526456558 -0.0066876218622759403 -0.042404087276397315 0.024805031549319387 -0.030711837444428233 -0.047113962676443105 0.031614161111335408 0.042783915784102337 -0.049296637000371624 0.046841191516570263 -0.040109277980959597 -0.0067596604884220431 0.040613549874834731 0.02758084886867336 -0.028186681147809201 0.071708655103776692 0.072874348695255678 -0.020457264363036451 0.058844618710351751 -0.0047306353577671835 -0.02598361830017458 0.032984592071954831 0.021951931302155555 0.041824970391185622 -0.029106770663059028 -0.014831752379020248 -0.047755212848399772 -0.028656484973758525 0.028057753670892128 0.020499074599621202 -0.030444111557404809 0.0049529150867114007 0.023884311766123399 -0.020149738975662683 0.015729904191715108
leaf_weight=143.63671481609344 15.336917105130849 7.764120012521742 6911.4962657131255 6.3476672545075408 10.879691287875174 20.886129714548588 5.5177691429853448 47.770836532115936 6.1413558274507523 45.535629384219646 10.082417517900469 16.617383144795895 14.685089625418186 4.9184086769819251 12.85160808265209 5.1136220693588283 16.047860272228718 17.761904351413254 3.9884314835071555 6.5057385265827161 7.5720947980880728 7.62610138952732 7.942107714712618 130.09014827013016 10.672335743904116 21.433467596769336 24.052411388605833 5.1861525923013678 7.0546735003590575 4.2687890231609336 3.4916107654571524 52.00349123030901 4.487964153289794 20.700829599052668 21.420702196657658 6.7725117653608313 13.69653259962797 5.0895950123667717 6.7483709678053874 19.575320839881897 11.806176997721193 3.5424823239445686 12.601772136986254 66.284271292388439 18.825013965368274 7.1513852626085272 4.5918988958001137
leaf_count=687 2139 37 33183 32 52 104 26 230 28 232 48 81 67 22 78 25 88 94 21 39 51 39 41 660 53 103 136 25 38 24 18 283 24 111 118 30 70 32 47 124 74 24 68 339 93 38 24
internal_value=-7.05938e-06 -0.000105858 -0.000244387 -0.012198 0.00515739 -0.00747538 0.0053301 -0.01456 0.0123896 -0.0176828 -0.0112607 -0.0259343 -0.0113085 0.0266079 -2.01959e-05 -0.00410431 -0.00156787 -0.0217354 -0.0326773 -0.0162128 -0.0106802 9.95259e-05 0.00388951 0.00237669 0.0151955 -0.00259484 -0.00832962 -0.00210499 0.0391083 0.0231652 -0.00745575 -0.000730642 0.0183068 0.000226184 0.00907121 7.17812e-05 3.09486e-05 0.0174944 -0.0173144 -0.011503 0.00369292 -0.0242596 0.00413608 -0.000701637 0.0015373 0.0117616 -0.0196523
internal_weight=7834.57 7819.24 7618.71 140.259 200.524 56.8871 36.001 133.912 13.9055 120.006 74.4706 26.6998 20.2029 15.7981 7478.45 425.481 351.789 26.864 21.7503 73.6914 60.8398 324.925 224.144 216.518 60.5062 156.012 100.782 76.7291 21.9958 14.9411 71.543 55.4951 25.9214 7052.97 121.008 6931.97 6925.19 11.5953 49.2444 41.6724 22.097 10.2909 100.307 78.886 38.5104 25.9764 12.534
internal_count=40000 37861 36903 688 958 271 167 656 65 591 359 129 93 74 36215 2296 1827 140 115 469 391 1687 1137 1098 311 787 550 414 115 77 389 301 127 33919 636 33283 33253 71 320 269 145 71 525 407 196 131 65
is_linear=0
shrinkage=0.05


Tree=90
num_leaves=48
num_cat=0
split_feature=10 6 6 3 5 7 7 7 7 7 9 0 2 7 4 5 14 3 1 6 7 6 1 3 7 7 14 7 14 3 12 3 0 0 1 7 3 3 3 6 12 9 1 5 7 7 5
split_gain=14.8285 2.25114 5.18712 3.95626 3.87879 4.05895 5.28606 6.31327 10.1073 5.09217 5.7057 3.91834 3.81385 3.85133 3.70033 4.11132 3.74288 4.51167 4.02869 3.64449 5.85477 5.43164 5.78128 5.20686 4.93751 8.94346 5.34539 5.03654 6.59245 5.10225 5.3125 4.89434 4.79026 5.5133 4.74018 4.61337 6.25566 5.3955 10.8308 5.24888 4.80902 4.61786 4.58015 6.19504 4.56586 8.80367 6.19326
threshold=-1.0000000180025095e-35 22.500000000000004 25.500000000000004 76.500000000000014 35.500000000000007 563.50000000000011 1824.5000000000002 3751.5000000000005 4261.5000000000009 1497.5000000000002 15.500000000000002 284.50000000000006 45.500000000000007 2653.5000000000005 7.5000000000000009 23.500000000000004 5.5000000000000009 1236.5000000000002 3.5000000000000004 17.500000000000004 315.50000000000006 12.500000000000002 7.5000000000000009 710.50000000000011 313.50000000000006 735.50000000000011 5.5000000000000009 2583.5000000000005 5.5000000000000009 551.50000000000011 1012858.5000000001 1029.5000000000002 394.50000000000006 165.50000000000003 4.5000000000000009 3964.5000000000005 68.500000000000014 143.50000000000003 221.50000000000003 19.500000000000004 545019.50000000012 7.5000000000000009 3.5000000000000004 36.500000000000007 2634.5000000000005 2849.5000000000005 44.500000000000007
decision_type=2 2 2 2 2 2 2 2 2 2 2 2 2 2 2 2 2 2 2 2 2 2 2 2 2 2 2 2 2 2 2 2 2 2 2 2 2 2 2 2 2 2 2 2 2 2 2
left_child=1 19 3 -3 14 -6 9 12 11 10 -7 -9 13 -8 -5 16 17 -16 -18 21 31 -1 23 24 -23 26 -26 28 29 30 32 -21 33 -27 -33 37 -37 -22 -39 40 -38 -41 -30 -44 46 -46 -40
right_child=-2 2 -4 4 5 6 7 8 -10 -11 -12 -13 -14 -15 15 -17 18 -19 -20 20 35 22 -24 -25 25 27 -28 -29 42 -31 -32 34 -34 -35 -36 36 39 38 44 41 -42 -43 43 -45 45 -47 -48
leaf_value=0.00017582329236142313 0.0503458742701266 -0.037006376922325709 0.0092143743304543453 0.014001446880943453 -0.022424318731648216 -0.0086638178103076533 -0.070739020622464108 0.0074482161215701018 -0.010523562687369738 0.054599397390892014 0.041300144570811465 0.052254899163504204 -0.006406440023811146 -0.018835866416903164 0.0061476606682236718 -0.04919721208154413 -0.050041803057398887 -0.030700388020485653 -0.01422495643805854 -0.047821496390761442 -0.012574709887972661 0.033110465775513055 0.026485783344763994 -0.011464741502839923 -0.058204446208015771 0.050644401795974341 -0.0016302960225495482 -0.005474640192943997 -0.041694742837207699 0.048285003521371113 -0.043361717442606196 -0.034281866995427977 0.044346600019301428 -0.0096487181560866095 0.039537882397240445 0.043995143503082673 0.0039107802086052182 0.048934532834622034 4.811857533967502e-05 -0.050218721943845336 0.061109113637143088 -0.0084863536894846346 -0.025643249814381992 0.038514176304253231 0.064018941565541457 0.012011658245987995 0.039854178337047463
leaf_weight=6579.2258059494197 14.593973748385904 10.653435371816157 59.17567865550518 10.874530538916586 19.239148266613483 16.594347499310974 5.2190102636814144 7.725323066115382 26.994224138557911 7.8658569231629363 8.7146514952182752 13.244428783655165 37.692003577947617 11.339746333658693 32.239763759076595 8.8696390092372877 11.188536651432512 11.190498061478136 26.319931380450726 9.5841596275568026 26.576366052031517 10.204871006309984 13.856174513697622 237.58289586752653 10.914852663874628 4.9332707226276424 6.7618820220232001 126.71777404099703 7.979301057755948 12.943072661757467 3.904099002480506 4.1976423263549787 11.498445399105547 16.382773146033287 4.5123298913240433 6.6951467543840399 22.762409351766113 17.627993881702423 140.5533567070961 7.3009215965867034 4.3822335302829734 72.004390701651573 7.8389483541250229 7.2356734573841095 8.8627534657716733 99.397866152226925 10.501576289534567
leaf_count=31913 2139 57 260 59 104 87 26 41 141 40 40 62 191 58 172 53 62 54 141 46 124 50 64 1158 54 23 33 618 40 58 21 22 53 75 20 29 106 77 629 38 21 332 38 35 40 450 46
internal_value=-7.34157e-06 -0.000101336 -0.00417431 -0.00715322 -0.00590753 -0.000934562 0.00211918 -0.0035093 0.00970626 0.019461 0.00854028 0.035748 -0.0151934 -0.0351948 -0.013545 -0.0168805 -0.0133391 -0.00334683 -0.0249089 7.54027e-05 0.0045174 -0.000198342 -0.00534028 -0.00628884 -0.000879148 -0.00247677 -0.0365631 0.00054447 0.0110337 0.0212912 0.011776 -0.0231672 0.018336 0.0043052 0.00396155 0.00573292 -0.00288418 0.00894518 0.0110103 -0.00583264 0.0131449 -0.0123283 -0.0110625 0.0051517 0.00843224 0.0162692 0.0028155
internal_weight=7832.67 7818.08 325.141 265.965 255.312 154.629 135.39 102.215 47.964 33.1749 25.309 20.9698 54.2508 16.5588 100.683 89.8084 80.9387 43.4303 37.5085 7492.94 434.959 7057.98 478.754 464.898 227.315 217.11 17.6767 199.433 72.7156 49.6617 36.7186 18.2941 32.8145 21.316 8.70997 416.665 113.145 303.52 276.944 106.45 27.1446 79.3053 23.0539 15.0746 259.316 108.261 151.055
internal_count=40000 37861 1648 1388 1331 790 686 519 244 167 127 103 275 84 541 482 429 226 203 36213 1980 34233 2320 2256 1098 1048 87 961 343 230 172 88 151 98 42 1892 526 1366 1242 497 127 370 113 73 1165 490 675
is_linear=0
shrinkage=0.05


Tree=91
num_leaves=48
num_cat=0
split_feature=10 4 9 7 0 0 7 0 12 12 8 8 8 7 9 7 12 3 14 1 3 9 9 3 3 1 14 0 3 7 12 0 7 0 0 12 5 7 12 3 0 3 3 8 8 0 9
split_gain=14.0993 2.25233 2.9002 4.2904 3.64687 3.28218 4.79688 3.14183 5.31256 3.14379 2.60337 4.00143 7.03219 5.80279 4.91757 4.49082 4.47959 5.24738 6.46095 6.11626 5.69316 5.53326 5.01976 5.0325 4.92063 5.05068 4.6915 4.43314 5.31472 4.79786 4.42232 4.28884 4.20839 3.88476 4.32407 3.77879 3.74519 3.83619 3.71182 3.69263 4.90793 4.0296 5.60676 3.62291 8.03771 5.73873 5.94386
threshold=-1.0000000180025095e-35 6.5000000000000009 9.5000000000000018 4403.5000000000009 618.50000000000011 352.50000000000006 1895.5000000000002 132.50000000000003 545019.50000000012 138075.00000000003 9.5000000000000018 8.5000000000000018 7.5000000000000009 335.50000000000006 10.500000000000002 510.50000000000006 979842.50000000012 804.50000000000011 4.5000000000000009 6.5000000000000009 1103.5000000000002 17.500000000000004 11.500000000000002 484.50000000000006 1280.5000000000002 4.5000000000000009 4.5000000000000009 169.50000000000003 441.50000000000006 511.50000000000006 1438190.5000000002 585.50000000000011 818.50000000000011 86.500000000000014 536.50000000000011 1056115.0000000002 35.500000000000007 3269.5000000000005 894798.50000000012 1198.5000000000002 344.50000000000006 358.50000000000006 298.50000000000006 4.5000000000000009 5.5000000000000009 381.50000000000006 15.500000000000002
decision_type=2 2 2 2 2 2 2 2 2 2 2 2 2 2 2 2 2 2 2 2 2 2 2 2 2 2 2 2 2 2 2 2 2 2 2 2 2 2 2 2 2 2 2 2 2 2 2
left_child=1 2 3 5 7 6 -1 -4 9 -9 11 12 43 -14 15 -13 17 18 19 22 -19 32 23 -15 25 30 -27 28 -16 -29 -18 35 -22 -17 -35 39 37 -34 -12 41 -41 42 -31 -3 -45 46 -46
right_child=-2 10 4 -5 -6 -7 -8 8 -10 -11 38 14 13 16 27 33 24 20 -20 -21 21 -23 -24 -25 -26 26 -28 29 -30 31 -32 -33 36 34 -36 -37 -38 -39 -40 40 -42 -43 -44 44 45 -47 -48
leaf_value=0.043507713726400984 0.05032889439939188 -0.00010981678771081356 -0.016870214821774806 0.022850126824339272 -0.041570571044620988 -0.050796975010389878 -0.03482200884662142 0.0070733575035493339 -0.038493620957405952 0.046927536170607471 -0.003234917371142846 0.04316671292281813 0.012436663011016627 -0.066555253749985069 -0.042208569477359487 0.02302336294275999 0.013736359516229972 -0.032442991726733567 -0.0156820449741376 0.065275656173073321 -0.055032513766689585 -0.040457884770460043 0.007665030246032079 0.000770866621745185 0.058716977453334908 -0.018593499642306738 0.029486138383231494 0.047876824991388955 0.0039465016715598952 0.01654449197683585 -0.053749856437812729 -0.022212059580394662 -0.05479725095712254 -0.023693171440412445 0.027581306366012956 -0.031248787790945323 0.0075849265980150946 -0.0032383123938067426 -0.025270847012298633 0.011874525472628013 0.063278064028550213 0.0049655223955774024 0.068021624272801035 0.013891706556249165 -0.0070534534862164008 0.0064899006545282431 0.0082249073257238542
leaf_weight=2.859626337885862 13.886783588211982 6139.3308243378997 20.098252348601818 4.2835495322942725 5.6517896875739089 10.886384882032869 6.1754203215241432 43.979384452104568 5.936909779906272 5.575488716363906 202.22915632650256 4.0372212827205649 34.29260978102684 4.9442557841539365 7.1953978985548011 6.8438988476991645 3.8881003931164724 48.689595393836498 73.487318992614746 4.0129347443580619 3.7846902012825003 12.597248204052446 58.787497900426388 6.3280079215764999 4.0895924717187873 7.5619506835937509 15.419761881232262 10.077007815241812 46.830251187086105 29.259051606059074 6.4620060995221138 8.5269701927900297 5.5121847465634337 35.404554575681686 4.6520614326000205 4.3650137633085242 40.149048611521721 10.441981643438337 21.104460351169109 9.6592304557561892 8.94266229867935 65.357781812548637 6.4569202512502661 150.63363844156265 258.25520244240761 266.98344326764345 84.482716880738735
leaf_count=21 2139 29163 116 27 47 79 40 264 40 31 1301 18 164 24 34 31 25 296 393 20 22 72 285 30 20 37 73 44 217 129 47 37 30 164 21 20 209 54 188 42 39 301 29 672 1308 1253 384
internal_value=-7.48487e-06 -9.69121e-05 -0.00735497 -0.0225466 -0.0028288 -0.0323079 -0.0100304 6.78776e-05 0.00620259 0.0115574 2.33972e-06 0.000161005 -5.27474e-05 -0.0070678 0.00641119 -0.00743443 -0.00925249 -0.0115094 -0.00517799 0.00524305 -0.0192195 -0.010337 0.00180446 -0.0287598 0.00695514 0.000604304 0.0136659 0.00999722 -0.00220065 0.0146171 -0.0283981 0.0120889 -0.00400115 -0.0117902 -0.0177383 0.0144468 -0.000558602 -0.021052 -0.00531726 0.0161135 0.0365862 0.0123457 0.0258508 0.000293394 0.00354903 0.000993843 -0.00328743
internal_weight=7830.41 7816.52 105.447 24.205 81.2418 19.9214 9.03505 75.59 55.4918 49.5549 7711.08 7487.74 7240.13 340.449 247.608 50.9377 306.156 268.735 147.56 74.0727 121.175 72.4852 70.0598 11.2723 37.4214 33.3318 22.9817 196.67 54.0256 142.645 10.3501 132.568 59.8879 46.9005 40.0566 124.041 56.1032 15.9542 223.334 119.676 18.6019 101.074 35.716 6899.69 760.355 609.721 342.738
internal_count=40000 37861 665 167 498 140 61 451 335 295 37196 35707 34581 1801 1126 234 1637 1435 752 359 683 387 339 54 202 182 110 892 251 641 72 597 315 216 185 560 293 84 1489 540 81 459 158 32780 3617 2945 1692
is_linear=0
shrinkage=0.05


Tree=92
num_leaves=48
num_cat=0
split_feature=10 5 8 8 12 1 3 0 9 3 3 9 0 12 0 5 0 12 14 0 3 14 0 4 5 6 0 0 7 7 8 3 3 1 3 9 2 9 6 3 5 5 0 1 0 0 12
split_gain=13.4062 2.08877 2.38566 4.69605 6.48626 6.71764 4.58992 5.7743 5.09509 4.31569 6.25018 4.53168 10.7517 6.83818 4.11949 7.45022 8.13417 7.34418 4.11831 5.27319 4.47114 4.69037 7.76538 7.94038 7.60696 6.38681 5.4725 7.13795 6.9448 5.28177 5.35105 5.23286 5.30923 4.84839 4.37957 4.44138 6.97013 5.09228 4.45002 6.34999 4.73678 4.34742 4.27198 7.43608 8.08118 6.66657 7.47975
threshold=-1.0000000180025095e-35 46.500000000000007 1.5000000000000002 2.5000000000000004 869789.50000000012 6.5000000000000009 1183.5000000000002 534.50000000000011 25.500000000000004 22.500000000000004 135.50000000000003 15.500000000000002 509.50000000000006 553845.00000000012 344.50000000000006 11.500000000000002 295.50000000000006 44623.000000000007 4.5000000000000009 624.50000000000011 1360.5000000000002 2.5000000000000004 127.50000000000001 7.5000000000000009 5.5000000000000009 11.500000000000002 269.50000000000006 274.50000000000006 2959.5000000000005 3914.5000000000005 6.5000000000000009 772.50000000000011 152.50000000000003 5.5000000000000009 1282.5000000000002 13.500000000000002 48.500000000000007 26.500000000000004 13.500000000000002 480.50000000000006 39.500000000000007 36.500000000000007 442.50000000000006 3.5000000000000004 509.50000000000006 506.50000000000006 419718.50000000006
decision_type=2 2 2 2 2 2 2 2 2 2 2 2 2 2 2 2 2 2 2 2 2 2 2 2 2 2 2 2 2 2 2 2 2 2 2 2 2 2 2 2 2 2 2 2 2 2 2
left_child=1 2 6 4 5 9 -1 14 -9 -4 -11 -12 13 -13 15 -8 -17 -18 19 20 21 26 24 -24 -23 29 -5 28 -28 30 31 32 -26 -25 35 -27 -37 38 39 -38 -41 -32 -29 -44 45 46 -45
right_child=-2 -3 3 18 -6 -7 7 8 -10 10 11 12 -14 -15 -16 16 17 -19 -20 -21 -22 22 23 33 25 34 27 42 -30 -31 41 -33 -34 -35 -36 36 37 -39 -40 40 -42 -43 43 44 -46 -47 -48
leaf_value=0.0047810741389835423 0.050312749320521488 -0.010169500962497755 0.051680053741193423 -0.0044959193029861597 -0.036630274496832371 0.046245635808192437 0.045860302328793921 0.029773791280333414 -0.025000838005571863 -0.04591130166053789 -0.01109136898395236 0.012273871729428204 0.07245475807035355 -0.049580744389532444 -0.029391487545852524 -0.017936056110783315 0.051691594341285632 -0.023390550187113206 -0.0010916284321485724 0.028894156808488433 -0.023762973274645858 0.03687319809380675 -0.017599364470485056 0.0033776807656986682 -0.018681007032059417 -0.0014662787580642708 0.089508431594009411 0.0054147282485737767 0.011075426712521782 -0.024416801469256209 0.010669870660985601 -0.010206906577926236 0.03248495214451718 -0.0092504687636802089 0.050932490635954612 0.025059912178861311 0.038172119397912131 -0.04523432778193362 0.035227953230781241 -0.057946377111370621 0.0046857363435639206 0.050611571528052582 0.0067288948689058648 -0.0076805868049053087 -0.00074897171714802149 -0.072477533600545582 -0.042541597937399513
leaf_weight=551.48561418801546 13.213648360222576 51.090759068727493 3.0153246968984595 556.94044626504183 18.497961804270744 6.086501717567443 6.5007470846176139 17.798825368285183 5.5754511058330527 10.452978581190107 91.402764856815338 17.459727168083198 5.8028654456138602 6.005025401711463 23.149381533265114 60.337864816188812 8.9274242371320707 5.1276286244392386 4178.0559115558863 17.330331936478615 17.783496208488941 24.251734286546707 53.050561226904392 870.63870380446315 7.2809378355741527 40.322700530290604 4.4758186787366849 356.84940622746944 7.639488011598587 18.477808050811291 41.872738718986511 68.214254304766655 16.696395054459572 83.278061404824257 7.9375191926956168 87.230848573148251 5.2263095080852571 5.6588250100612631 9.1495206058025342 6.2687747776508314 5.82273168861866 8.1364840567111951 155.30165391415358 67.9376055970788 178.29399933665991 5.4679477512836447 19.891977712512016
leaf_count=2599 2139 294 15 2686 104 30 29 81 25 49 468 76 26 29 112 298 41 22 20283 78 95 106 313 4160 37 183 21 1696 37 99 225 335 78 412 35 394 22 25 43 28 26 42 808 314 857 26 99
internal_value=-7.66578e-06 -9.27566e-05 -2.64392e-05 -0.00029778 -0.00880124 -0.00513014 0.00280494 -0.00574812 0.0167084 -0.0074613 -0.00882132 -0.00560843 0.0115148 -0.00355577 -0.0107932 -0.00547092 -0.00995644 0.0242998 -0.000102892 0.0014007 0.00122617 0.00139001 0.00346411 0.00122817 0.00985054 0.00785433 -0.000694377 0.00196594 0.0400513 0.000731384 0.00399918 -0.00314443 0.0169479 0.00227523 0.0146824 0.0128805 0.0177273 -0.00218277 0.00702183 -0.00788031 -0.0277855 0.0171684 0.0013772 -0.00199785 -0.00698799 -0.0189109 -0.015576
internal_weight=7827.41 7814.2 7763.11 7084.21 158.723 140.225 678.903 127.417 23.3743 134.139 131.123 120.67 29.2676 23.4648 104.043 80.8937 74.3929 14.0551 6925.48 2747.43 2730.1 2712.31 1359.51 1006.97 352.548 328.296 1352.8 795.858 12.1153 160.679 142.201 92.1916 23.9773 953.917 167.617 159.68 119.357 32.1262 26.4673 17.3178 12.0915 50.0092 783.743 426.893 271.592 93.2975 87.8296
internal_count=40000 37861 37567 34360 797 693 3207 608 106 663 648 599 131 105 502 390 361 63 33563 13280 13202 13107 6563 4885 1678 1572 6544 3858 58 816 717 450 115 4572 756 721 538 144 119 76 54 267 3800 2104 1296 439 413
is_linear=0
shrinkage=0.05


Tree=93
num_leaves=48
num_cat=0
split_feature=10 1 1 14 5 3 3 3 14 9 6 4 1 0 9 4 12 12 4 3 3 12 1 2 6 0 12 12 5 8 2 6 2 5 6 7 0 12 12 7 9 7 7 9 0 8 7
split_gain=12.7474 2.07863 5.99949 5.29595 7.03543 5.95293 6.35915 6.16555 5.78749 7.47372 5.60907 4.18239 4.9943 4.09717 3.76353 3.72602 5.58513 5.00443 5.0732 4.89144 5.29249 4.96872 7.68695 4.79067 4.84946 4.16707 3.70078 3.65291 3.48947 5.55227 5.32437 4.08325 3.48175 3.44493 3.75346 3.79374 5.95488 4.14661 12.2193 6.07524 4.19771 3.44809 4.01436 3.43779 4.70604 5.61882 4.29456
threshold=-1.0000000180025095e-35 3.5000000000000004 1.5000000000000002 3.5000000000000004 42.500000000000007 601.50000000000011 949.50000000000011 991.50000000000011 2.5000000000000004 15.500000000000002 23.500000000000004 8.5000000000000018 2.5000000000000004 556.50000000000011 3.5000000000000004 7.5000000000000009 295609.50000000006 1.0000000180025095e-35 12.500000000000002 1070.5000000000002 1141.5000000000002 359662.00000000006 2.5000000000000004 38.500000000000007 7.5000000000000009 470.50000000000006 2402006.5000000005 238894.50000000003 23.500000000000004 1.0000000180025095e-35 36.500000000000007 22.500000000000004 1.0000000180025095e-35 43.500000000000007 19.500000000000004 934.50000000000011 546.50000000000011 177352.50000000003 51332.000000000007 4726.5000000000009 17.500000000000004 3727.5000000000005 2442.5000000000005 26.500000000000004 380.50000000000006 3.5000000000000004 4492.5000000000009
decision_type=2 2 2 2 2 2 2 2 2 2 2 2 2 2 2 2 2 2 2 2 2 2 2 2 2 2 2 2 2 2 2 2 2 2 2 2 2 2 2 2 2 2 2 2 2 2 2
left_child=1 2 32 5 14 8 10 -8 33 11 -7 -10 -13 -6 -5 16 -9 23 19 -19 -21 25 -23 24 -17 -22 -3 -15 31 30 -30 -16 -1 34 35 36 -4 38 39 40 41 42 -37 46 45 -45 -31
right_child=-2 26 3 4 13 6 7 15 9 -11 -12 12 -14 27 28 17 -18 18 -20 20 21 22 -24 -25 -26 -27 -28 -29 29 43 -32 -33 -34 -35 -36 37 -38 -39 -40 -41 -42 -43 -44 44 -46 -47 -48
leaf_value=0.024767270046947256 0.050297405903722281 0.00040911105263839146 0.00267209203804257 0.025088763704972757 -0.018007946899398202 -0.018474330561406006 0.047182565824666407 -0.0032858545677742533 -0.03216820815292095 0.064095179786484907 0.047894218219276342 -0.0055868149283768154 0.057586979311973888 -0.014152908445566145 -0.0082125748987049458 -0.017541876747028246 -0.056019895071076124 -0.014102137312052574 -0.031136771801447194 0.073420416906859062 0.0078173838117016389 -0.035942153872930753 0.039146240773621929 -0.025776829649590327 0.048047779497351624 0.069087172520028009 0.0308115124226787 0.049435439773306444 0.065435940960078862 -0.0074688655857683339 0.0039305451160462895 -0.038421082510355163 0.00047533942423667077 0.050930953630078768 0.042413532181388248 -0.023751826065979413 0.079583850903333975 -0.023313116444175427 0.086883288396608124 0.056678063898572842 -0.056405437208289305 -0.038117269047114509 0.030574570623045236 0.071921081346119034 -0.013388450552668116 0.011641440640484795 0.010902110490317257
leaf_weight=14.900099739432333 12.572949483990667 5329.8809642270207 9.6921001002192479 10.920092508196829 147.41662095114589 69.910014595836401 7.5445343479514113 23.766825549304489 4.3326024040579822 10.385972805321215 3.3353970646858206 6.4998324438929576 6.03177110850811 4.6601175963878614 168.03615115210414 5.5272061377763766 6.365873157978057 7.1389556154608718 4.8198852688074103 6.132292032241824 4.5092367380857485 6.9025689586997014 6.7330752611160278 17.745309628546238 5.749749630689621 7.2160254567861557 10.028460174798964 4.3824964985251427 5.8497029542922965 248.43603000789881 8.8302173912525159 11.984124772250651 1471.3008453249931 3.7116207629442206 5.22358115017414 5.8057653158903255 3.3993684798479071 23.335980612784624 3.9378486126661292 3.2874454110860816 5.0362142771482459 5.6792001575231543 8.2076658084988576 4.4260368198156348 16.112213507294655 30.543410703539848 36.484028182923794
leaf_count=65 2139 25222 56 48 891 419 36 131 30 51 19 39 34 27 957 36 42 40 29 31 21 42 37 107 34 31 50 27 31 1455 48 71 6819 21 27 35 19 138 17 21 23 37 51 20 88 153 235
internal_value=-7.77896e-06 -8.87406e-05 -0.0012874 -0.00431133 -0.0066648 0.00139396 -0.00403439 0.00355782 0.0109146 0.0307285 -0.0154521 0.0101793 0.0248203 -0.016004 -0.00396697 0.000350164 -0.0144265 0.00649388 0.0172317 0.0232663 0.0317371 0.021658 0.00113536 -0.00958274 0.0159001 0.0455244 0.000466207 0.0166651 -0.00456484 -0.00165996 0.0284394 -0.0102236 0.000718881 0.0039312 0.00156118 -0.00155947 0.0226432 -0.00729013 0.00441139 -0.0071805 -0.0156698 -0.00525208 0.00806714 -0.002975 0.0089695 0.019271 -0.00511646
internal_weight=7824.73 7812.16 2472.25 986.045 698.081 287.964 183.397 110.152 104.567 27.2502 73.2454 16.8642 12.5316 156.459 541.622 102.607 30.1327 72.4743 43.452 38.6322 31.4932 25.3609 13.6356 29.0223 11.277 11.7253 5339.91 9.04261 530.702 350.682 14.6799 180.02 1486.2 77.3168 73.6052 68.3816 13.0915 55.2901 31.9541 28.0163 24.7288 19.6926 14.0134 336.002 51.0817 34.9694 284.92
internal_count=40000 37861 12589 5705 4051 1654 1055 617 599 154 438 103 73 945 3106 581 173 408 231 202 162 131 79 177 70 52 25272 54 3058 2030 79 1028 6884 445 424 397 75 322 184 167 146 123 86 1951 261 173 1690
is_linear=0
shrinkage=0.05


Tree=94
num_leaves=48
num_cat=0
split_feature=10 6 6 12 12 12 2 12 7 3 3 7 7 7 12 3 6 7 6 1 3 14 3 7 1 7 2 6 1 7 3 14 7 12 6 6 9 0 3 3 5 5 3 14 0 2 7
split_gain=12.1212 2.01855 4.86736 4.60688 4.07191 6.6566 3.97681 3.92969 3.37019 3.51049 3.64204 3.55319 3.29324 7.07953 4.33148 3.88617 3.22002 5.29092 4.87196 5.21229 4.88516 6.0622 4.52246 4.46885 4.36953 5.5393 5.31217 5.42381 4.27531 4.17883 6.617 3.88711 7.18785 6.696 4.25202 3.61554 4.18743 4.99969 3.99682 7.20053 5.46745 7.14676 6.88907 6.57572 5.7246 4.83943 4.57452
threshold=-1.0000000180025095e-35 22.500000000000004 24.500000000000004 979842.50000000012 525584.00000000012 491613.50000000006 26.500000000000004 561009.00000000012 166.50000000000003 76.500000000000014 182.50000000000003 3243.5000000000005 4309.5000000000009 4245.5000000000009 261172.00000000003 678.50000000000011 17.500000000000004 315.50000000000006 12.500000000000002 7.5000000000000009 25.500000000000004 5.5000000000000009 1029.5000000000002 313.50000000000006 2.5000000000000004 412.50000000000006 44.500000000000007 20.500000000000004 4.5000000000000009 511.50000000000006 1060.5000000000002 1.0000000180025095e-35 3202.5000000000005 91734.000000000015 14.500000000000002 7.5000000000000009 14.500000000000002 6.5000000000000009 500.50000000000006 594.50000000000011 34.500000000000007 31.500000000000004 384.50000000000006 2.5000000000000004 139.50000000000003 12.500000000000002 2614.5000000000005
decision_type=2 2 2 2 2 2 2 2 2 2 2 2 2 2 2 2 2 2 2 2 2 2 2 2 2 2 2 2 2 2 2 2 2 2 2 2 2 2 2 2 2 2 2 2 2 2 2
left_child=1 16 4 6 5 8 -4 -8 -3 -10 11 -11 13 14 -12 -14 18 22 35 20 21 -20 -18 -22 25 -19 27 -26 -24 30 -25 32 33 34 -31 -1 -37 -38 40 46 41 -39 -42 -44 -45 -41 -40
right_child=-2 2 3 -5 -6 -7 7 -9 9 10 12 -13 15 -15 -16 -17 17 24 19 -21 23 -23 28 29 26 -27 -28 -29 -30 31 -32 -33 -34 -35 -36 36 37 38 39 45 42 -43 43 44 -46 -47 -48
leaf_value=-0.00090753401707440113 0.050282812917600221 -0.047530286539546447 -0.01073166231639925 0.037350231644642948 -0.021748102222638697 0.049823418431431281 0.015850916126398454 -0.033571678014289431 -0.04024061405556293 0.00083770334092142908 -0.0082879744713859442 0.056264151993903805 -0.036097218058669861 0.040265836911434504 0.026963474750881362 -0.0045313674368808133 -0.046239671043982418 0.077852843451132581 0.044857965670692494 0.025054025360160881 0.014667378800285125 -0.024046669303291104 -0.033044395151872186 -0.051372661327939266 -0.0044062459531813694 0.011955238405194314 0.0062131549626450247 -0.04754179287710137 0.037197368743816378 -0.034731664495284517 0.013421162843991986 -0.00515508774689169 -0.040412388032595635 0.031833333155530517 0.021718371214451845 0.0048878860888597365 0.04565987949956319 0.0027558840221415756 0.025007019221907748 0.017026211266769117 -0.0025588111985785974 0.05190199044922128 -0.042833700545623465 0.009859678891703489 -0.019851710758139018 0.00036263428772750043 0.0045845397711645778
leaf_weight=3537.660163950175 11.963142086751757 4.8273691833019248 36.163728594779968 10.206293165683745 42.969584777951241 5.4392637014389029 43.25077697634697 4.4344202876090995 6.8644301742315283 7.3478183075785619 99.169385962188244 4.7676734328269958 17.255999900400639 9.2981366515159589 9.5535794496536237 22.41749369353056 9.4045983403921145 3.286370411515235 9.8509370759129506 13.955530524253843 22.828368932008743 4.7222743406891814 4.1300540715455991 12.733091853559019 70.92809884250164 107.64406999945641 226.85386683791876 8.1219028085470182 4.5559927821159363 13.25803535431624 5.7061433047056189 357.25543289631605 23.217426858842373 9.316570118069647 4.4573709815740576 684.00468175858259 6.097597360610961 205.28989432007074 51.776023805141449 45.035175979137421 543.41870920360088 7.6737749874591819 19.763308897614479 23.771521493792534 50.98090535402298 1340.1429784595966 58.289621688425541
leaf_count=18072 2139 28 166 48 246 28 193 20 38 39 512 24 95 44 47 120 46 14 48 64 109 24 22 62 342 492 1004 40 20 64 29 1737 118 45 20 3146 27 958 221 202 2501 36 92 109 229 6066 254
internal_value=-8.00425e-06 -8.50374e-05 -0.00394907 0.0056329 -0.00786901 -0.00467881 0.00177219 0.0112549 -0.00631214 -0.00518591 -0.00376885 0.0226491 -0.00579851 -0.00160919 -0.0051904 -0.0182609 8.21806e-05 0.00425755 -0.00017536 -0.00505295 -0.00595975 0.0225302 -0.0222142 -0.00688492 0.00540643 0.0139075 0.00232368 -0.00883816 0.00379871 -0.00804001 -0.0313218 -0.00698653 -0.0200074 -0.00248185 -0.0205283 0.00017878 0.00144449 0.00044319 0.000325673 0.00188247 -0.00241002 0.00452678 -0.00472575 -0.0171846 -0.0104034 0.000904404 0.0141915
internal_weight=7822.06 7810.1 323.966 94.0552 229.911 186.941 83.8489 47.6852 181.502 176.675 169.81 12.1155 157.695 118.021 108.723 39.6735 7486.13 434.925 7051.21 477.301 463.346 14.5732 18.0906 448.772 416.834 110.93 305.904 79.05 8.68605 425.944 18.4392 407.505 50.2494 27.032 17.7154 6573.9 3036.24 2352.24 2346.14 1495.24 850.898 212.964 637.934 94.5157 74.7524 1385.18 110.066
internal_count=40000 37861 1648 427 1221 975 379 213 947 919 881 63 818 603 559 215 36213 1980 34233 2320 2256 72 88 2184 1892 506 1386 382 42 2075 91 1984 247 129 84 31913 13841 10695 10668 6743 3925 994 2931 430 338 6268 475
is_linear=0
shrinkage=0.05


Tree=95
num_leaves=48
num_cat=0
split_feature=10 3 3 14 7 12 12 7 7 12 9 9 14 8 12 14 1 1 9 12 12 12 6 7 7 3 8 12 3 2 7 1 12 0 3 12 3 3 0 4 12 14 7 7 7 0 0
split_gain=11.526 2.01426 3.68846 4.11025 7.13734 4.83831 4.68459 4.33503 5.42238 5.25208 3.70543 4.67705 6.70595 3.65568 3.60903 3.21403 3.47222 2.87235 4.74037 3.22269 5.75995 3.73728 3.67219 3.58913 2.87682 3.91363 2.85439 4.29089 4.79156 5.17221 4.78509 4.68768 4.03372 5.67557 5.02328 4.8761 4.44495 4.00612 6.12032 3.55855 3.28233 4.46894 5.41153 5.1951 8.10098 3.25581 7.06512
threshold=-1.0000000180025095e-35 1315.5000000000002 1282.5000000000002 2.5000000000000004 4027.5000000000005 211001.00000000003 400.50000000000006 1401.5000000000002 1851.5000000000002 42636.500000000007 26.500000000000004 24.500000000000004 5.5000000000000009 4.5000000000000009 71022.500000000015 1.0000000180025095e-35 3.5000000000000004 3.5000000000000004 8.5000000000000018 2034.0000000000002 476324.00000000006 842105.00000000012 10.500000000000002 4737.5000000000009 2027.5000000000002 1319.5000000000002 1.0000000180025095e-35 261172.00000000003 107.50000000000001 18.500000000000004 4161.5000000000009 1.5000000000000002 445107.50000000006 404.50000000000006 1131.5000000000002 655194.50000000012 854.50000000000011 710.50000000000011 313.50000000000006 10.500000000000002 167397.50000000003 4.5000000000000009 4235.5000000000009 3196.5000000000005 2394.5000000000005 595.50000000000011 559.50000000000011
decision_type=2 2 2 2 2 2 2 2 2 2 2 2 2 2 2 2 2 2 2 2 2 2 2 2 2 2 2 2 2 2 2 2 2 2 2 2 2 2 2 2 2 2 2 2 2 2 2
left_child=1 2 26 4 5 6 15 9 14 -5 11 -10 -13 -12 -9 -4 -17 18 -3 23 22 -22 -21 24 -20 -26 27 28 29 -1 32 -30 33 -29 35 -34 37 38 -37 45 41 -33 43 44 -43 46 -28
right_child=-2 17 3 7 -6 -7 -8 8 10 -11 13 12 -14 -15 -16 16 -18 -19 19 20 21 -23 -24 -25 25 -27 39 30 31 -31 -32 40 34 -35 -36 36 -38 -39 -40 -41 -42 42 -44 -45 -46 -47 -48
leaf_value=-0.013039469713281222 0.050268947074173481 -0.043566580249615502 0.0050824986640393751 0.0070520552669997953 0.016323590785955588 -0.040205182351616964 0.030377701386866608 -0.0031220962728144 0.0075850382862622627 0.03767103454142029 -0.028871066958854986 0.079919901892438069 -0.0014721529306570829 0.022903796157072529 -0.056550165801606295 -0.010192301120766162 -0.059671121120728615 -0.0011568893840128134 -0.0051506311119439291 -5.4666742214457078e-05 -0.042626073878554459 0.022423478976492578 0.056606949888603819 0.020718086047345582 -0.0033542884706325329 -0.047224881080694781 -0.00015806980087843716 0.0088087362052502432 0.015204595253235864 0.051063913842551469 0.0434162454087701 -0.012740634798553719 -0.022762593746461474 0.080865782453404811 -0.034823995645638296 0.064228127991625458 0.055363529505286529 -0.029342484180387707 8.1251237210143738e-05 -0.016978269699842771 -0.029452191356375765 -0.0029876825568102248 0.028707073272227459 -0.026156484001887179 0.051454856704721011 0.0056920880126570894 -0.0090335434663055478
leaf_weight=4.7530156672000876 11.382753011304883 10.532139852643011 10.77075630426407 31.004417270421982 25.915401488542557 14.643643304705618 7.0807619839906684 7.2788863480091077 126.02683717757463 25.543772131204605 12.303207024931909 5.5466929823160154 4.6541092842817307 4.7162553444504729 5.5867129564285278 8.4548308402299863 6.1068082749843589 213.22313611954451 17.458591133356094 5.0186132937669772 6.3187791109085065 3.3940633311867714 6.6464939713478088 6.121951423585414 7.7362605333328274 14.826054401695727 6458.5212273858488 7.3633838593959791 36.858670502901077 9.3108685165643674 12.636637598276137 61.18238240480423 8.7063558846712095 4.3454181253910065 7.4750663936138144 5.4969307109713652 6.7735498398542395 5.1937730163335791 11.493067696690558 32.010067228227854 12.263357162475584 39.056403681635857 18.748139798641205 16.347116604447365 8.2816940397024137 221.73709945008159 232.28541545569897
leaf_count=23 2139 63 52 140 115 72 31 35 585 113 54 25 22 22 27 43 28 1050 86 24 36 20 31 35 37 81 31203 33 167 43 57 301 40 20 35 25 32 25 55 209 53 188 89 78 38 1153 1167
internal_value=-8.07448e-06 -8.13723e-05 7.67196e-05 0.00555069 -0.00474773 -0.0163523 -0.00557597 0.00892578 0.00485524 0.0208832 0.00747271 0.0102208 0.0427848 -0.0145238 -0.0263225 -0.0156255 -0.0309426 -0.00416099 -0.0123675 -0.00750096 0.00854738 -0.0198951 0.0322297 -0.0149361 -0.0203901 -0.0321823 -0.000147394 0.00483658 0.00122472 0.0293996 0.0155863 -0.000831169 0.00940001 0.0355508 0.0026166 0.0100474 0.0199121 0.00908742 0.0208353 -0.000345679 -0.00462293 -0.00250276 0.00509583 -0.00185503 0.00653692 -0.000268658 -0.000466201
internal_weight=7819.13 7807.75 7516.47 295.633 72.9722 47.0568 32.4132 222.661 166.113 56.5482 153.247 136.228 10.2008 17.0195 12.8656 25.3324 14.5616 291.276 78.0529 67.5208 21.3779 9.71284 11.6651 46.1429 40.0209 22.5623 7220.84 276.286 206.802 14.0639 69.4842 192.738 56.8475 11.7088 45.1387 37.6637 28.9573 22.1838 16.99 6944.55 155.879 143.616 82.4334 63.6852 47.3381 6912.54 6690.81
internal_count=40000 37861 36398 1364 341 226 154 1023 770 253 708 632 47 76 62 123 71 1463 413 350 111 56 55 239 204 118 35034 1302 980 66 322 914 265 53 212 177 137 105 80 33732 747 694 393 304 226 33523 32370
is_linear=0
shrinkage=0.05


Tree=96
num_leaves=48
num_cat=0
split_feature=10 8 8 8 3 3 12 14 1 7 0 7 1 5 3 14 9 0 3 7 3 0 3 0 7 3 1 2 12 7 7 3 3 0 0 14 7 0 0 0 8 8 3 12 1 6 8
split_gain=10.9602 1.95691 4.20293 6.60172 5.16098 6.48501 6.15369 4.90301 6.19716 3.98894 3.95051 6.36773 6.07387 3.75106 5.47962 5.02008 3.74566 3.90987 4.03638 3.99812 4.01919 4.19423 3.79296 4.47277 3.7887 3.75155 3.74563 4.20508 3.7141 3.51907 7.32404 5.70056 5.3861 7.76191 4.99626 3.66245 3.62279 4.84919 3.55163 4.5714 3.35897 7.13934 3.55803 3.43532 3.44835 3.43456 9.42624
threshold=-1.0000000180025095e-35 9.5000000000000018 8.5000000000000018 7.5000000000000009 804.50000000000011 949.50000000000011 1023923.0000000001 1.5000000000000002 1.0000000180025095e-35 2202.5000000000005 547.50000000000011 1953.5000000000002 3.5000000000000004 34.500000000000007 689.50000000000011 4.5000000000000009 10.500000000000002 169.50000000000003 441.50000000000006 511.50000000000006 358.50000000000006 585.50000000000011 1043.5000000000002 422.50000000000006 510.50000000000006 298.50000000000006 4.5000000000000009 30.500000000000004 1383447.0000000002 4273.5000000000009 4069.5000000000005 834.50000000000011 500.50000000000006 272.50000000000006 400.50000000000006 3.5000000000000004 4737.5000000000009 368.50000000000006 292.50000000000006 223.50000000000003 4.5000000000000009 6.5000000000000009 1330.5000000000002 1880572.0000000002 4.5000000000000009 7.5000000000000009 3.5000000000000004
decision_type=2 2 2 2 2 2 2 2 2 2 2 2 2 2 2 2 2 2 2 2 2 2 2 2 2 2 2 2 2 2 2 2 2 2 2 2 2 2 2 2 2 2 2 2 2 2 2
left_child=1 2 3 40 7 -6 -7 8 -5 -8 29 12 -12 14 -9 -16 24 18 -18 -19 25 22 -22 -24 -4 -21 -10 -28 -11 30 38 32 33 -31 -35 -34 37 -33 39 -3 45 43 -43 -42 -45 46 -1
right_child=-2 10 16 4 5 6 9 13 26 28 11 -13 -14 -15 15 -17 17 19 -20 20 21 -23 23 -25 -26 -27 27 -29 -30 31 -32 36 35 34 -36 -37 -38 -39 -40 -41 41 42 -44 44 -46 -47 -48
leaf_value=0.00063742264915277527 0.050255763319695695 -0.0052241315592217365 0.040713523931906942 -0.033174455927593563 -0.035012733603923277 -0.013149534026679 0.05288471635049246 -0.023832111556492078 0.046435436133457124 0.030581603072383237 -0.043732849735603783 -0.046243888750498376 0.042812534058929347 0.00036821571957049479 -0.019984189952067813 0.042024447058102037 -0.036007760883404002 0.043861301295951512 0.0035397813801154201 0.017982685502716509 -7.3105627533971129e-05 -0.029872155258749807 0.0046216563132966603 0.038213133715131346 -0.0095030148009535957 0.059013704271421476 -0.029101874132638157 0.023018157464628177 -0.033818951812131848 -0.022492116911003404 -0.056627110031808939 0.10774801180248945 0.012885000046865259 0.083847173298798539 0.0015542239089696944 -0.044997260098178102 0.014138919973198775 0.019592305078442354 0.0043064325205032592 -0.036028313205707888 0.009253728314053437 -0.00054020872588045332 -0.034365793792349685 0.01680420639192062 -0.044999734048915656 0.00057907801694278465 -0.0066306809851350602
leaf_weight=1250.0678595751524 10.830378823913632 65.633650057017803 4.0766066908836356 5.8069567233324042 29.443841598927975 102.02842964977026 5.9678005203604689 45.278851024806499 11.12356476485729 4.7373651564121229 3.3266166597604769 13.447377085685728 5.1904544904828072 99.66196347028017 6.1578838378190976 6.9453094601631165 7.4784139841794959 10.290991276502607 47.008354470133781 30.991392493247986 49.662959888577461 7.4657142460346213 20.761408269405365 18.958960503339767 47.774197287857533 6.7917786538600913 5.0717545747756985 16.331603541970253 4.2448164820671082 6.4633529558777827 6.7990435585379592 3.1758963987231228 3.9816229268908492 4.7233202755451202 3.026083555072546 8.7138070240616781 8.3867299146950245 3.0658102929592133 73.947340857237577 14.750789813697336 349.19178444892168 406.99466802179813 7.925643414258956 3.6725899502634984 5.8551043272018433 4270.5395065508783 693.6392730884254
leaf_count=6019 2139 444 18 27 183 571 31 258 57 23 29 107 36 499 28 34 36 45 218 136 231 33 93 83 222 30 25 72 23 46 46 21 27 31 21 63 59 22 466 92 1565 2034 45 22 29 19789 3872
internal_value=-8.07054e-06 -7.78036e-05 5.84569e-05 -0.000159488 -0.00693401 -0.0140389 -0.00875974 -0.00163649 0.0144053 0.0211991 -0.00467697 -0.0248185 0.00900944 -0.00552745 -0.0155917 0.0128833 0.00641712 0.0095301 -0.0018882 0.013823 0.011527 0.00613104 0.0091382 0.0206552 -0.0055549 0.0253583 0.0228996 0.0106678 0.000147066 -0.0024941 -0.00583927 0.0104826 -0.00317481 0.0179674 0.0517124 -0.0268439 0.0356048 0.0644476 -0.00360182 -0.0108768 0.000172846 0.00327973 -0.00118633 0.00844549 -0.0211765 -0.000213944 -0.0019563
internal_weight=7817.41 7806.58 7581.95 7330.69 342.8 146.422 116.978 196.378 38.3339 14.95 224.632 21.9644 8.51707 158.044 58.382 13.1032 251.261 199.41 54.4868 144.923 134.632 96.849 89.3833 39.7204 51.8508 37.7832 32.5269 21.4034 8.98218 202.667 161.131 41.5366 26.9082 14.2128 7.7494 12.6954 14.6284 6.24171 154.332 80.3844 6987.89 773.64 414.92 358.719 9.52769 6214.25 1943.71
internal_count=40000 37861 36351 35206 1831 831 648 1000 181 77 1510 172 65 819 320 62 1145 905 254 651 606 440 407 176 240 166 154 97 46 1338 1048 290 188 98 52 90 102 43 1002 536 33375 3695 2079 1616 51 29680 9891
is_linear=0
shrinkage=0.05


Tree=97
num_leaves=48
num_cat=0
split_feature=10 7 6 6 12 2 12 12 12 7 3 3 7 7 12 12 12 7 12 0 7 0 6 7 6 1 3 3 3 7 7 14 7 14 3 12 1 5 0 0 5 1 1 7 2 3 3
split_gain=10.4224 1.96033 2.03583 4.60693 4.07933 3.59106 3.56006 3.55598 4.90816 3.09836 3.21214 3.33454 3.35187 6.28517 3.9156 3.53579 3.51304 3.12777 3.04057 5.17125 4.01875 5.66374 2.95295 4.85337 4.51468 4.6906 4.78116 4.24349 4.15458 4.05017 7.74073 5.08551 4.43115 5.79745 4.59365 4.87878 4.21412 5.54202 4.17498 4.934 4.1618 4.02014 5.00906 4.45422 4.07568 6.23704 5.34224
threshold=-1.0000000180025095e-35 4852.5000000000009 22.500000000000004 24.500000000000004 979842.50000000012 26.500000000000004 561009.00000000012 525584.00000000012 491613.50000000006 166.50000000000003 76.500000000000014 182.50000000000003 4309.5000000000009 4245.5000000000009 261172.00000000003 167397.50000000003 53.500000000000007 3243.5000000000005 134215.50000000003 201.50000000000003 1824.5000000000002 352.50000000000006 17.500000000000004 315.50000000000006 12.500000000000002 7.5000000000000009 710.50000000000011 1012.5000000000001 1029.5000000000002 313.50000000000006 735.50000000000011 5.5000000000000009 2583.5000000000005 5.5000000000000009 551.50000000000011 1012858.5000000001 3.5000000000000004 36.500000000000007 394.50000000000006 165.50000000000003 32.500000000000007 2.5000000000000004 4.5000000000000009 1005.5000000000001 39.500000000000007 221.50000000000003 1229.5000000000002
decision_type=2 2 2 2 2 2 2 2 2 2 2 2 2 2 2 2 2 2 2 2 2 2 2 2 2 2 2 2 2 2 2 2 2 2 2 2 2 2 2 2 2 2 2 2 2 2 2
left_child=1 2 22 7 5 -5 18 8 9 -4 -11 17 13 14 -13 16 -14 -12 19 -7 -21 -22 24 28 -1 26 29 -28 -24 -26 31 -31 33 34 35 38 -35 -38 39 -32 -36 43 -43 -25 45 -44 -47
right_child=-2 -3 3 4 -6 6 -8 -9 -10 10 11 12 15 -15 -16 -17 -18 -19 -20 20 21 -23 23 41 25 -27 27 -29 -30 30 32 -33 -34 36 40 -37 37 -39 -40 -41 -42 42 44 -45 -46 46 -48
leaf_value=0.00016207365196796778 0.050243225324586388 0.024886488619189781 -0.046236867679499818 -0.010247557748789023 0.034949268417259871 -0.017761848008059529 -0.032246446570617454 -0.020879130887113597 0.042473965478477774 -0.039024687026411653 0.00079871265615424783 -0.0079361136276712967 -0.022646108224052875 0.037611324988930134 0.025438528488673742 -0.054149476598141892 0.013002073184066112 0.052532422009978513 0.043061921577426582 -0.0067372545259772286 0.075280781104392722 0.013297225714133887 -0.044765335056587086 0.036942966610186402 0.029934312673815112 0.023567610719194949 -0.01954922099072846 -0.0056257703791713449 0.003429321553943892 -0.055724680368402384 0.047691317111456542 -5.390819825603164e-05 -0.0048985260091870819 -0.040021209410505541 0.012183557928024445 -0.04222342223208414 -0.024235009714795711 0.036454632312418737 0.041561120439458872 -0.009088504548906251 0.069510195326959401 -0.010317985037662927 0.026512074200160465 0.0090667023715244269 0.0091868523591783127 -0.021413203963250235 0.023025928115758446
leaf_weight=6562.4715792424977 10.30468083405867 7.857825204730033 4.7151465788483611 36.066258303821087 10.339210733771322 12.113913893699644 4.391756370663642 42.468343585729599 5.3234968930482855 6.7367044314742079 7.3501186966896039 98.837268322706223 23.419438257813454 9.4190741181373578 9.6459866315126401 5.8934153765439978 9.8044026046991331 4.8491678237915039 7.8936168551444998 7.8260940015316036 5.9970237761735907 9.5613106042146665 9.2330589443445223 16.90151709318161 10.39096590131521 14.061693295836447 86.41331734508276 149.21870212256908 8.6712420135736448 10.573510527610781 4.9991794526577022 6.7026784196496001 126.0958378687501 7.8134910389781007 5.417401194572447 3.8364793807268134 7.7471638768911362 7.312019407749176 11.555401779711245 16.304428920149803 7.6180273294448853 63.340242192149162 11.933736622333525 94.180499449372292 182.57331001758575 39.879543840885162 8.1439700722694379
leaf_count=31882 2139 36 28 166 48 53 20 246 27 38 39 512 140 44 47 30 44 24 33 37 27 43 46 74 50 64 431 726 42 54 23 33 618 40 24 21 38 35 53 75 34 329 53 430 782 185 37
internal_value=-8.32207e-06 -7.46769e-05 -9.98359e-05 -0.00398845 0.00531654 0.00166264 0.0106522 -0.00782466 -0.00484391 -0.00623814 -0.00516628 -0.00381836 -0.00577474 -0.00156689 -0.00496855 -0.0184575 -0.0121263 0.0213627 0.0149941 0.00875274 0.0224882 0.037189 6.8049e-05 0.00406664 -0.000178993 -0.00488059 -0.00574645 -0.0107319 -0.0214242 -0.000556931 -0.00202392 -0.034126 0.000767238 0.0106074 0.0201893 0.0111322 -0.0102262 0.00523298 0.0173618 0.00423565 0.0456858 0.00516123 0.00220254 0.0133082 0.00547245 -0.00583813 -0.0138771
internal_weight=7814.2 7803.9 7796.04 322.652 94.1892 83.85 47.7837 228.463 185.994 180.671 175.956 169.219 157.02 117.902 108.483 39.1173 33.2238 12.1993 43.392 35.4983 23.3844 15.5583 7473.39 434.857 7038.53 476.06 461.999 235.632 17.9043 226.367 215.976 17.2762 198.699 72.6036 49.7309 36.6955 22.8727 15.0592 32.859 21.3036 13.0354 416.953 305.871 111.082 242.531 59.9573 48.0235
internal_count=40000 37861 37825 1646 427 379 213 1219 973 946 918 880 817 603 559 214 184 63 193 160 107 70 36179 1978 34201 2319 2255 1157 88 1098 1048 87 961 343 230 172 113 73 151 98 58 1890 1386 504 1057 275 222
is_linear=0
shrinkage=0.05


Tree=98
num_leaves=48
num_cat=0
split_feature=10 1 1 14 5 3 1 7 5 3 7 3 7 3 2 6 12 12 3 9 12 7 8 7 7 7 2 12 0 5 6 9 0 3 12 0 12 12 12 7 5 12 9 2 6 4 12
split_gain=9.91102 1.92437 5.48076 4.81068 6.34884 5.2995 8.1613 6.4811 6.14872 5.83247 5.61417 5.19259 5.94222 5.90776 6.024 4.59499 4.41146 6.9963 3.91755 3.91581 3.78901 9.90169 5.94492 7.83571 6.26366 4.3051 3.76498 4.29949 3.74812 3.687 3.43505 3.42133 3.35836 3.25036 3.24939 3.18611 3.18014 3.14021 4.90443 3.77567 3.1058 3.24466 3.16248 3.07056 3.04392 3.88603 4.65371
threshold=-1.0000000180025095e-35 3.5000000000000004 1.5000000000000002 3.5000000000000004 42.500000000000007 430.50000000000006 2.5000000000000004 4409.5000000000009 35.500000000000007 183.50000000000003 818.50000000000011 221.50000000000003 4492.5000000000009 316.50000000000006 48.500000000000007 1.5000000000000002 309254.00000000006 141419.50000000003 1070.5000000000002 9.5000000000000018 434549.50000000006 845.50000000000011 7.5000000000000009 3799.5000000000005 4134.5000000000009 2265.5000000000005 17.500000000000004 777614.50000000012 556.50000000000011 41.500000000000007 1.5000000000000002 3.5000000000000004 479.50000000000006 1333.5000000000002 2402006.5000000005 116.50000000000001 238894.50000000003 663551.50000000012 1123326.0000000002 1306.5000000000002 40.500000000000007 1438190.5000000002 2.5000000000000004 44.500000000000007 16.500000000000004 12.500000000000002 7005.5000000000009
decision_type=2 2 2 2 2 2 2 2 2 2 2 2 2 2 2 2 2 2 2 2 2 2 2 2 2 2 2 2 2 2 2 2 2 2 2 2 2 2 2 2 2 2 2 2 2 2 2
left_child=1 2 30 5 31 9 15 20 -9 10 -4 -11 13 -13 -15 -7 17 35 -19 -12 22 -22 23 29 -25 -23 27 -18 32 -8 -1 -5 37 -33 -3 -17 -30 -6 -39 -40 41 42 -32 -27 45 46 -37
right_child=-2 34 3 4 28 6 7 8 -10 11 19 12 -14 14 -16 16 26 18 -20 -21 21 25 -24 24 -26 43 -28 -29 36 -31 40 33 -34 -35 -36 44 -38 38 39 -41 -42 -43 -44 -45 -46 -47 -48
leaf_value=0.041536004875482951 0.050231310373749866 0.00040865214767258224 0.046813314529489003 0.023916612721238115 -0.012035656734391659 -0.061118323996059203 -0.0022365391645542631 -0.05606556693660053 0.011527223706817965 0.087141805062073696 -0.033255308148802905 -0.013649621905476087 0.077244331190165341 0.081481416409489082 0.0053716265666346385 -0.033795635971746459 -0.038202078655525801 0.0084870959469637592 0.070256276089742262 0.003612339316214009 0.11090253056325512 -0.014832531005073191 -0.037578982502721035 0.10440419961208861 0.015415905890941618 0.0030427872127352798 -0.033132790905694369 0.030570794974690976 -0.01335949185410587 0.030888650862358674 -0.036017904913205168 -0.0038676377125131988 -0.055808017766856843 -0.034092830502506152 0.028730228970609919 -0.013251461016821309 0.04572032819851371 -0.057422539925667072 -0.051308641494725526 0.0006929265073904586 0.0038852266184978253 -0.017629993200243031 -0.00031009869334458197 0.057197034116115424 0.02223006638223117 -0.054001690989376218 0.031341615579225504
leaf_weight=5.1295749694108954 9.8043821062892658 5324.9847146645188 5.9401319324970236 10.898841947317122 112.66784705966711 4.553664304316043 40.113349579274654 7.2029108405113202 6.313698448240757 3.5200177356600788 9.5171007141470891 11.062205314636236 4.1445898711681357 4.6172177940607053 5.950237937271595 10.717926450073717 3.7616355046629888 5.9299293309450132 4.5261796116828918 29.611602522432804 3.2875141128897694 6.7950390204787281 6.76513897627592 3.8059420436620703 4.1159372925758362 4.3239608332514745 27.660855855792761 5.7410687953233719 4.6125546991825086 10.62545136362314 6.240564987063407 520.11029152944684 5.4336242675781241 9.0494974777102453 10.146895810961722 28.952052973210812 4.4998841136693954 10.662410721182825 4.891932766884568 12.185458943247793 474.06296778470278 28.579454466700554 970.81847737729549 6.6326278448104858 9.1970251798629743 4.3990072757005683 7.3323884755372992
leaf_count=24 2139 25222 32 48 657 32 210 45 37 17 52 69 27 26 33 61 23 35 24 164 18 39 43 18 22 28 182 36 27 54 26 3002 34 56 50 184 27 73 36 91 2156 162 4516 34 45 29 35
internal_value=-8.32055e-06 -7.14534e-05 -0.00122624 -0.004124 -0.00637317 0.00132047 -0.00269557 0.00770487 -0.0244925 0.0128104 0.00152101 0.030179 0.0223995 0.0118904 0.0386261 -0.0119164 -0.00984609 -0.00254523 0.0352254 -0.00535481 0.0127381 0.0311956 0.00680268 0.0119211 0.0581689 0.0164343 -0.0238049 0.00334713 -0.0152947 0.00470036 0.000690467 -0.0038134 -0.0172385 -0.00438454 0.000462517 -0.00906246 0.0158152 -0.0157459 -0.0308156 -0.0142033 0.000548871 -0.0010239 -0.000538168 0.0358253 -0.00374799 -0.00962067 -0.00424006
internal_weight=7811.9 7802.09 2466.96 982.129 695.012 287.116 212.753 99.9816 13.5166 74.3631 45.0688 29.2943 25.7743 21.6297 10.5675 112.772 108.218 71.0545 10.4561 39.1287 86.465 21.0391 65.4258 58.6607 7.92188 17.7516 37.1636 9.5027 154.954 50.7388 1484.83 540.059 145.841 529.16 5335.13 60.5984 9.11244 140.408 27.7398 17.0774 1479.7 1005.64 977.059 10.9566 49.8805 40.6834 36.2844
internal_count=40000 37861 12589 5705 4051 1654 1234 548 82 420 248 172 155 128 59 686 654 413 59 216 466 119 347 304 40 101 241 59 945 264 6884 3106 891 3058 25272 354 54 857 200 127 6860 4704 4542 62 293 248 219
is_linear=0
shrinkage=0.05


Tree=99
num_leaves=48
num_cat=0
split_feature=10 5 9 3 3 12 1 14 7 6 12 7 7 7 12 12 12 7 8 7 7 7 9 14 3 8 12 0 9 12 7 14 4 12 14 1 9 6 0 12 8 14 7 12 1 2 1
split_gain=9.425 1.96051 5.63715 3.97706 5.93426 5.69215 4.16387 8.97325 5.61054 5.94275 4.75514 5.79076 4.00969 9.32729 5.09173 5.36764 5.13753 4.25259 3.65828 3.32162 3.86699 5.42678 3.77446 4.27025 3.73137 4.64784 4.96514 3.7808 3.46957 4.31078 3.40066 3.28898 3.26426 2.99962 2.96291 2.9591 2.8526 2.84616 3.20818 2.83542 5.46055 3.9415 3.98196 5.24449 2.99255 2.79834 2.61446
threshold=-1.0000000180025095e-35 45.500000000000007 6.5000000000000009 25.500000000000004 68.500000000000014 1640952.0000000002 3.5000000000000004 3.5000000000000004 2033.5000000000002 11.500000000000002 327657.50000000006 1497.5000000000002 2849.5000000000005 3371.5000000000005 130698.50000000001 38713.500000000007 755084.00000000012 446.50000000000006 4.5000000000000009 4436.5000000000009 3643.5000000000005 2442.5000000000005 15.500000000000002 3.5000000000000004 205.50000000000003 2.5000000000000004 655194.50000000012 39.500000000000007 15.500000000000002 816542.00000000012 4726.5000000000009 4.5000000000000009 7.5000000000000009 1506275.5000000002 1.5000000000000002 1.0000000180025095e-35 15.500000000000002 13.500000000000002 387.50000000000006 431854.50000000006 7.5000000000000009 4.5000000000000009 2265.5000000000005 1.5000000000000002 4.5000000000000009 37.500000000000007 4.5000000000000009
decision_type=2 2 2 2 2 2 2 2 2 2 2 2 2 2 2 2 2 2 2 2 2 2 2 2 2 2 2 2 2 2 2 2 2 2 2 2 2 2 2 2 2 2 2 2 2 2 2
left_child=1 3 -3 12 5 6 7 34 45 -10 37 -12 17 -14 15 18 -16 -1 32 20 21 28 23 -22 35 -26 27 -27 -4 -30 -29 -23 -15 -18 -5 -21 -33 38 -8 40 41 42 43 -19 -41 -9 -6
right_child=-2 2 19 4 46 -7 10 8 9 -11 11 -13 13 14 16 -17 33 39 -20 24 22 31 -24 -25 25 26 -28 30 29 -31 -32 36 -34 -35 -36 -37 -38 -39 -40 44 -42 -43 -44 -45 -46 -47 -48
leaf_value=-0.0091593425705627472 0.050219977734748802 0.044003452547488123 -0.0061750211555216695 0.019174038252777852 -0.0010524676854516161 0.035275391661303813 -0.013395788982238421 -0.012356767370852163 0.043006410362561059 -0.020522954659826908 -0.0042082568842541175 -0.059888183210608494 -0.052912419474419041 0.048985571541779599 0.035184977272192684 -0.040169394076551221 -0.022569712136155329 -0.017010061843053113 -0.031457434604782029 -0.067792193711784771 -0.01540917754134428 -0.050733094182466403 -0.009969391597753504 0.034900647079985782 -0.053067661796598178 -0.038369433821009415 -0.049066271668855133 0.054216371807327718 0.0059146467630996468 0.063718807213278369 0.0037985887394928076 0.0016345749847541944 0.0037557935760380093 0.026078952445209205 0.074712769901633586 -0.022377030249300229 -0.038180291692630285 -0.040845139267383437 0.020888005854744651 -0.028626728583096207 0.081379850085038313 0.0035374752258820943 0.068394735237057899 0.054942890954083348 0.022830070941259006 -0.056710592406724561 0.00087195483107038296
leaf_weight=11.385917589068411 9.3282684562727791 5.7312206774950019 40.159981161355972 5.9825017377734167 2978.3528246320784 6.4319425374269477 50.442926697432995 6.7199604064226168 6.6908671036362639 8.1833174079656583 7.2311784923076656 13.181881442666052 7.233795389533042 4.5830552428960791 22.493486300110817 8.5464411377906782 8.2654973566532117 4.963339217007162 6.4021772891283026 4.336099952459338 5.4155234098434475 8.6524931564927119 12.527102544903753 19.071142464876175 4.9264463484287253 4.805352494120597 5.0315854027867308 3.703812211751937 12.457961186766626 4.3521127179265013 34.478936478495598 11.786200761795046 30.780745096504688 5.1383754014968863 4.011760026216507 20.753688856959343 7.2759074419736853 7.8397493585944167 7.8912050724029532 4.443670839071272 4.8407530114054671 13.119195297360422 7.1691551208496085 5.1708245426416397 7.7591851204633713 7.5532247051596642 4331.8627256304026
leaf_count=57 2139 28 205 30 15523 32 235 34 37 39 35 66 35 22 100 37 41 25 33 23 27 42 58 91 31 26 27 16 56 21 185 56 149 27 20 114 33 40 36 23 23 60 34 25 35 40 19929
internal_value=-8.57568e-06 -6.86445e-05 -0.004888 6.17378e-05 -0.000101938 -0.0106025 -0.0129495 0.000583979 -0.0134345 0.00805451 -0.0190673 -0.040164 0.00806024 0.0016217 0.00619761 -0.00406643 0.0205833 0.0182832 0.00332121 -0.0062909 -0.00112764 -0.00702006 0.0123538 0.023774 -0.0143431 -0.00681667 -0.00207168 0.00342885 0.00180809 0.0208801 0.00868923 -0.0251672 0.00961745 -0.00392024 0.0414676 -0.0302258 -0.0135626 -0.0125594 -0.00875802 0.0248659 0.0320547 0.0242062 0.0398771 0.019703 0.00409207 -0.0358284 8.79001e-05
internal_weight=7809.47 7800.14 205.466 7594.67 7442.38 132.161 125.729 39.1416 29.1474 14.8742 86.5869 20.4131 152.296 93.4436 86.2098 50.3124 35.8974 58.852 41.766 199.734 121.698 84.6847 37.0138 24.4867 78.0359 52.9461 48.0197 42.9881 56.9701 16.8101 38.1827 27.7146 35.3638 13.4039 9.99426 25.0898 19.0621 66.1739 58.3341 47.4661 35.2633 30.4225 17.3033 10.1342 12.2029 14.2732 7310.22
internal_count=40000 37861 1039 36822 36096 644 612 200 150 76 412 101 726 444 409 241 168 282 204 1011 589 413 176 118 422 285 254 227 282 77 201 131 171 68 50 137 89 311 271 225 167 144 84 50 58 74 35452
is_linear=0
shrinkage=0.05


end of trees

feature_importances:
time_since_last_click=665
cat3=621
cat7=601
campaign=584
cat5=492
cat6=396
cat8=358
cat1=265
hour=188
cat2=161
cat9=144
cat4=125
click_pos=100

parameters:
[boosting: gbdt]
[objective: binary]
[metric: auc]
[tree_learner: serial]
[device_type: cpu]
[data_sample_strategy: bagging]
[data: ]
[valid: ]
[num_iterations: 100]
[learning_rate: 0.05]
[num_leaves: 48]
[num_threads: 0]
[seed: 0]
[deterministic: 0]
[force_col_wise: 0]
[force_row_wise: 0]
[histogram_pool_size: -1]
[max_depth: -1]
[min_data_in_leaf: 20]
[min_sum_hessian_in_leaf: 0.001]
[bagging_fraction: 1]
[pos_bagging_fraction: 1]
[neg_bagging_fraction: 1]
[bagging_freq: 0]
[bagging_seed: 3]
[bagging_by_query: 0]
[feature_fraction: 1]
[feature_fraction_bynode: 1]
[feature_fraction_seed: 2]
[extra_trees: 0]
[extra_seed: 6]
[early_stopping_round: 0]
[early_stopping_min_delta: 0]
[first_metric_only: 0]
[max_delta_step: 0]
[lambda_l1: 0]
[lambda_l2: 0]
[linear_lambda: 0]
[min_gain_to_split: 0]
[drop_rate: 0.1]
[max_drop: 50]
[skip_drop: 0.5]
[xgboost_dart_mode: 0]
[uniform_drop: 0]
[drop_seed: 4]
[top_rate: 0.2]
[other_rate: 0.1]
[min_data_per_group: 100]
[max_cat_threshold: 32]
[cat_l2: 10]
[cat_smooth: 10]
[max_cat_to_onehot: 4]
[top_k: 20]
[monotone_constraints: ]
[monotone_constraints_method: basic]
[monotone_penalty: 0]
[feature_contri: ]
[forcedsplits_filename: ]
[refit_decay_rate: 0.9]
[cegb_tradeoff: 1]
[cegb_penalty_split: 0]
[cegb_penalty_feature_lazy: ]
[cegb_penalty_feature_coupled: ]
[path_smooth: 0]
[interaction_constraints: ]
[verbosity: 1]
[saved_feature_importance_type: 0]
[use_quantized_grad: 0]
[num_grad_quant_bins: 4]
[quant_train_renew_leaf: 0]
[stochastic_rounding: 1]
[linear_tree: 0]
[max_bin: 255]
[max_bin_by_feature: ]
[min_data_in_bin: 3]
[bin_construct_sample_cnt: 200000]
[data_random_seed: 1]
[is_enable_sparse: 1]
[enable_bundle: 1]
[use_missing: 1]
[zero_as_missing: 0]
[feature_pre_filter: 1]
[pre_partition: 0]
[two_round: 0]
[header: 0]
[label_column: ]
[weight_column: ]
[group_column: ]
[ignore_column: ]
[categorical_feature: ]
[forcedbins_filename: ]
[precise_float_parser: 0]
[parser_config_file: ]
[objective_seed: 5]
[num_class: 1]
[is_unbalance: 0]
[scale_pos_weight: 1]
[sigmoid: 1]
[boost_from_average: 1]
[reg_sqrt: 0]
[alpha: 0.9]
[fair_c: 1]
[poisson_max_delta_step: 0.7]
[tweedie_variance_power: 1.5]
[lambdarank_truncation_level: 30]
[lambdarank_norm: 1]
[label_gain: ]
[lambdarank_position_bias_regularization: 0]
[eval_at: ]
[multi_error_top_k: 1]
[auc_mu_weights: ]
[num_machines: 1]
[local_listen_port: 12400]
[time_out: 120]
[machine_list_filename: ]
[machines: ]
[gpu_platform_id: -1]
[gpu_device_id: -1]
[gpu_use_dp: 0]
[num_gpu: 1]

end of parameters

pandas_categorical:[]
